,DATE,CPIAUCSL
0,2013-06-01,232.445
1,2013-06-02,232.445
2,2013-06-03,232.445
3,2013-06-04,232.445
4,2013-06-05,232.445
5,2013-06-06,232.445
6,2013-06-07,232.445
7,2013-06-08,232.445
8,2013-06-09,232.445
9,2013-06-10,232.445
10,2013-06-11,232.445
11,2013-06-12,232.445
12,2013-06-13,232.445
13,2013-06-14,232.445
14,2013-06-15,232.445
15,2013-06-16,232.445
16,2013-06-17,232.445
17,2013-06-18,232.445
18,2013-06-19,232.445
19,2013-06-20,232.445
20,2013-06-21,232.445
21,2013-06-22,232.445
22,2013-06-23,232.445
23,2013-06-24,232.445
24,2013-06-25,232.445
25,2013-06-26,232.445
26,2013-06-27,232.445
27,2013-06-28,232.445
28,2013-06-29,232.445
29,2013-06-30,232.445
30,2013-07-01,232.9
31,2013-07-02,232.9
32,2013-07-03,232.9
33,2013-07-04,232.9
34,2013-07-05,232.9
35,2013-07-06,232.9
36,2013-07-07,232.9
37,2013-07-08,232.9
38,2013-07-09,232.9
39,2013-07-10,232.9
40,2013-07-11,232.9
41,2013-07-12,232.9
42,2013-07-13,232.9
43,2013-07-14,232.9
44,2013-07-15,232.9
45,2013-07-16,232.9
46,2013-07-17,232.9
47,2013-07-18,232.9
48,2013-07-19,232.9
49,2013-07-20,232.9
50,2013-07-21,232.9
51,2013-07-22,232.9
52,2013-07-23,232.9
53,2013-07-24,232.9
54,2013-07-25,232.9
55,2013-07-26,232.9
56,2013-07-27,232.9
57,2013-07-28,232.9
58,2013-07-29,232.9
59,2013-07-30,232.9
60,2013-07-31,232.9
61,2013-08-01,233.456
62,2013-08-02,233.456
63,2013-08-03,233.456
64,2013-08-04,233.456
65,2013-08-05,233.456
66,2013-08-06,233.456
67,2013-08-07,233.456
68,2013-08-08,233.456
69,2013-08-09,233.456
70,2013-08-10,233.456
71,2013-08-11,233.456
72,2013-08-12,233.456
73,2013-08-13,233.456
74,2013-08-14,233.456
75,2013-08-15,233.456
76,2013-08-16,233.456
77,2013-08-17,233.456
78,2013-08-18,233.456
79,2013-08-19,233.456
80,2013-08-20,233.456
81,2013-08-21,233.456
82,2013-08-22,233.456
83,2013-08-23,233.456
84,2013-08-24,233.456
85,2013-08-25,233.456
86,2013-08-26,233.456
87,2013-08-27,233.456
88,2013-08-28,233.456
89,2013-08-29,233.456
90,2013-08-30,233.456
91,2013-08-31,233.456
92,2013-09-01,233.544
93,2013-09-02,233.544
94,2013-09-03,233.544
95,2013-09-04,233.544
96,2013-09-05,233.544
97,2013-09-06,233.544
98,2013-09-07,233.544
99,2013-09-08,233.544
100,2013-09-09,233.544
101,2013-09-10,233.544
102,2013-09-11,233.544
103,2013-09-12,233.544
104,2013-09-13,233.544
105,2013-09-14,233.544
106,2013-09-15,233.544
107,2013-09-16,233.544
108,2013-09-17,233.544
109,2013-09-18,233.544
110,2013-09-19,233.544
111,2013-09-20,233.544
112,2013-09-21,233.544
113,2013-09-22,233.544
114,2013-09-23,233.544
115,2013-09-24,233.544
116,2013-09-25,233.544
117,2013-09-26,233.544
118,2013-09-27,233.544
119,2013-09-28,233.544
120,2013-09-29,233.544
121,2013-09-30,233.544
122,2013-10-01,233.669
123,2013-10-02,233.669
124,2013-10-03,233.669
125,2013-10-04,233.669
126,2013-10-05,233.669
127,2013-10-06,233.669
128,2013-10-07,233.669
129,2013-10-08,233.669
130,2013-10-09,233.669
131,2013-10-10,233.669
132,2013-10-11,233.669
133,2013-10-12,233.669
134,2013-10-13,233.669
135,2013-10-14,233.669
136,2013-10-15,233.669
137,2013-10-16,233.669
138,2013-10-17,233.669
139,2013-10-18,233.669
140,2013-10-19,233.669
141,2013-10-20,233.669
142,2013-10-21,233.669
143,2013-10-22,233.669
144,2013-10-23,233.669
145,2013-10-24,233.669
146,2013-10-25,233.669
147,2013-10-26,233.669
148,2013-10-27,233.669
149,2013-10-28,233.669
150,2013-10-29,233.669
151,2013-10-30,233.669
152,2013-10-31,233.669
153,2013-11-01,234.1
154,2013-11-02,234.1
155,2013-11-03,234.1
156,2013-11-04,234.1
157,2013-11-05,234.1
158,2013-11-06,234.1
159,2013-11-07,234.1
160,2013-11-08,234.1
161,2013-11-09,234.1
162,2013-11-10,234.1
163,2013-11-11,234.1
164,2013-11-12,234.1
165,2013-11-13,234.1
166,2013-11-14,234.1
167,2013-11-15,234.1
168,2013-11-16,234.1
169,2013-11-17,234.1
170,2013-11-18,234.1
171,2013-11-19,234.1
172,2013-11-20,234.1
173,2013-11-21,234.1
174,2013-11-22,234.1
175,2013-11-23,234.1
176,2013-11-24,234.1
177,2013-11-25,234.1
178,2013-11-26,234.1
179,2013-11-27,234.1
180,2013-11-28,234.1
181,2013-11-29,234.1
182,2013-11-30,234.1
183,2013-12-01,234.719
184,2013-12-02,234.719
185,2013-12-03,234.719
186,2013-12-04,234.719
187,2013-12-05,234.719
188,2013-12-06,234.719
189,2013-12-07,234.719
190,2013-12-08,234.719
191,2013-12-09,234.719
192,2013-12-10,234.719
193,2013-12-11,234.719
194,2013-12-12,234.719
195,2013-12-13,234.719
196,2013-12-14,234.719
197,2013-12-15,234.719
198,2013-12-16,234.719
199,2013-12-17,234.719
200,2013-12-18,234.719
201,2013-12-19,234.719
202,2013-12-20,234.719
203,2013-12-21,234.719
204,2013-12-22,234.719
205,2013-12-23,234.719
206,2013-12-24,234.719
207,2013-12-25,234.719
208,2013-12-26,234.719
209,2013-12-27,234.719
210,2013-12-28,234.719
211,2013-12-29,234.719
212,2013-12-30,234.719
213,2013-12-31,234.719
214,2014-01-01,235.288
215,2014-01-02,235.288
216,2014-01-03,235.288
217,2014-01-04,235.288
218,2014-01-05,235.288
219,2014-01-06,235.288
220,2014-01-07,235.288
221,2014-01-08,235.288
222,2014-01-09,235.288
223,2014-01-10,235.288
224,2014-01-11,235.288
225,2014-01-12,235.288
226,2014-01-13,235.288
227,2014-01-14,235.288
228,2014-01-15,235.288
229,2014-01-16,235.288
230,2014-01-17,235.288
231,2014-01-18,235.288
232,2014-01-19,235.288
233,2014-01-20,235.288
234,2014-01-21,235.288
235,2014-01-22,235.288
236,2014-01-23,235.288
237,2014-01-24,235.288
238,2014-01-25,235.288
239,2014-01-26,235.288
240,2014-01-27,235.288
241,2014-01-28,235.288
242,2014-01-29,235.288
243,2014-01-30,235.288
244,2014-01-31,235.288
245,2014-02-01,235.547
246,2014-02-02,235.547
247,2014-02-03,235.547
248,2014-02-04,235.547
249,2014-02-05,235.547
250,2014-02-06,235.547
251,2014-02-07,235.547
252,2014-02-08,235.547
253,2014-02-09,235.547
254,2014-02-10,235.547
255,2014-02-11,235.547
256,2014-02-12,235.547
257,2014-02-13,235.547
258,2014-02-14,235.547
259,2014-02-15,235.547
260,2014-02-16,235.547
261,2014-02-17,235.547
262,2014-02-18,235.547
263,2014-02-19,235.547
264,2014-02-20,235.547
265,2014-02-21,235.547
266,2014-02-22,235.547
267,2014-02-23,235.547
268,2014-02-24,235.547
269,2014-02-25,235.547
270,2014-02-26,235.547
271,2014-02-27,235.547
272,2014-02-28,235.547
273,2014-03-01,236.028
274,2014-03-02,236.028
275,2014-03-03,236.028
276,2014-03-04,236.028
277,2014-03-05,236.028
278,2014-03-06,236.028
279,2014-03-07,236.028
280,2014-03-08,236.028
281,2014-03-09,236.028
282,2014-03-10,236.028
283,2014-03-11,236.028
284,2014-03-12,236.028
285,2014-03-13,236.028
286,2014-03-14,236.028
287,2014-03-15,236.028
288,2014-03-16,236.028
289,2014-03-17,236.028
290,2014-03-18,236.028
291,2014-03-19,236.028
292,2014-03-20,236.028
293,2014-03-21,236.028
294,2014-03-22,236.028
295,2014-03-23,236.028
296,2014-03-24,236.028
297,2014-03-25,236.028
298,2014-03-26,236.028
299,2014-03-27,236.028
300,2014-03-28,236.028
301,2014-03-29,236.028
302,2014-03-30,236.028
303,2014-03-31,236.028
304,2014-04-01,236.468
305,2014-04-02,236.468
306,2014-04-03,236.468
307,2014-04-04,236.468
308,2014-04-05,236.468
309,2014-04-06,236.468
310,2014-04-07,236.468
311,2014-04-08,236.468
312,2014-04-09,236.468
313,2014-04-10,236.468
314,2014-04-11,236.468
315,2014-04-12,236.468
316,2014-04-13,236.468
317,2014-04-14,236.468
318,2014-04-15,236.468
319,2014-04-16,236.468
320,2014-04-17,236.468
321,2014-04-18,236.468
322,2014-04-19,236.468
323,2014-04-20,236.468
324,2014-04-21,236.468
325,2014-04-22,236.468
326,2014-04-23,236.468
327,2014-04-24,236.468
328,2014-04-25,236.468
329,2014-04-26,236.468
330,2014-04-27,236.468
331,2014-04-28,236.468
332,2014-04-29,236.468
333,2014-04-30,236.468
334,2014-05-01,236.918
335,2014-05-02,236.918
336,2014-05-03,236.918
337,2014-05-04,236.918
338,2014-05-05,236.918
339,2014-05-06,236.918
340,2014-05-07,236.918
341,2014-05-08,236.918
342,2014-05-09,236.918
343,2014-05-10,236.918
344,2014-05-11,236.918
345,2014-05-12,236.918
346,2014-05-13,236.918
347,2014-05-14,236.918
348,2014-05-15,236.918
349,2014-05-16,236.918
350,2014-05-17,236.918
351,2014-05-18,236.918
352,2014-05-19,236.918
353,2014-05-20,236.918
354,2014-05-21,236.918
355,2014-05-22,236.918
356,2014-05-23,236.918
357,2014-05-24,236.918
358,2014-05-25,236.918
359,2014-05-26,236.918
360,2014-05-27,236.918
361,2014-05-28,236.918
362,2014-05-29,236.918
363,2014-05-30,236.918
364,2014-05-31,236.918
365,2014-06-01,237.231
366,2014-06-02,237.231
367,2014-06-03,237.231
368,2014-06-04,237.231
369,2014-06-05,237.231
370,2014-06-06,237.231
371,2014-06-07,237.231
372,2014-06-08,237.231
373,2014-06-09,237.231
374,2014-06-10,237.231
375,2014-06-11,237.231
376,2014-06-12,237.231
377,2014-06-13,237.231
378,2014-06-14,237.231
379,2014-06-15,237.231
380,2014-06-16,237.231
381,2014-06-17,237.231
382,2014-06-18,237.231
383,2014-06-19,237.231
384,2014-06-20,237.231
385,2014-06-21,237.231
386,2014-06-22,237.231
387,2014-06-23,237.231
388,2014-06-24,237.231
389,2014-06-25,237.231
390,2014-06-26,237.231
391,2014-06-27,237.231
392,2014-06-28,237.231
393,2014-06-29,237.231
394,2014-06-30,237.231
395,2014-07-01,237.498
396,2014-07-02,237.498
397,2014-07-03,237.498
398,2014-07-04,237.498
399,2014-07-05,237.498
400,2014-07-06,237.498
401,2014-07-07,237.498
402,2014-07-08,237.498
403,2014-07-09,237.498
404,2014-07-10,237.498
405,2014-07-11,237.498
406,2014-07-12,237.498
407,2014-07-13,237.498
408,2014-07-14,237.498
409,2014-07-15,237.498
410,2014-07-16,237.498
411,2014-07-17,237.498
412,2014-07-18,237.498
413,2014-07-19,237.498
414,2014-07-20,237.498
415,2014-07-21,237.498
416,2014-07-22,237.498
417,2014-07-23,237.498
418,2014-07-24,237.498
419,2014-07-25,237.498
420,2014-07-26,237.498
421,2014-07-27,237.498
422,2014-07-28,237.498
423,2014-07-29,237.498
424,2014-07-30,237.498
425,2014-07-31,237.498
426,2014-08-01,237.46
427,2014-08-02,237.46
428,2014-08-03,237.46
429,2014-08-04,237.46
430,2014-08-05,237.46
431,2014-08-06,237.46
432,2014-08-07,237.46
433,2014-08-08,237.46
434,2014-08-09,237.46
435,2014-08-10,237.46
436,2014-08-11,237.46
437,2014-08-12,237.46
438,2014-08-13,237.46
439,2014-08-14,237.46
440,2014-08-15,237.46
441,2014-08-16,237.46
442,2014-08-17,237.46
443,2014-08-18,237.46
444,2014-08-19,237.46
445,2014-08-20,237.46
446,2014-08-21,237.46
447,2014-08-22,237.46
448,2014-08-23,237.46
449,2014-08-24,237.46
450,2014-08-25,237.46
451,2014-08-26,237.46
452,2014-08-27,237.46
453,2014-08-28,237.46
454,2014-08-29,237.46
455,2014-08-30,237.46
456,2014-08-31,237.46
457,2014-09-01,237.477
458,2014-09-02,237.477
459,2014-09-03,237.477
460,2014-09-04,237.477
461,2014-09-05,237.477
462,2014-09-06,237.477
463,2014-09-07,237.477
464,2014-09-08,237.477
465,2014-09-09,237.477
466,2014-09-10,237.477
467,2014-09-11,237.477
468,2014-09-12,237.477
469,2014-09-13,237.477
470,2014-09-14,237.477
471,2014-09-15,237.477
472,2014-09-16,237.477
473,2014-09-17,237.477
474,2014-09-18,237.477
475,2014-09-19,237.477
476,2014-09-20,237.477
477,2014-09-21,237.477
478,2014-09-22,237.477
479,2014-09-23,237.477
480,2014-09-24,237.477
481,2014-09-25,237.477
482,2014-09-26,237.477
483,2014-09-27,237.477
484,2014-09-28,237.477
485,2014-09-29,237.477
486,2014-09-30,237.477
487,2014-10-01,237.43
488,2014-10-02,237.43
489,2014-10-03,237.43
490,2014-10-04,237.43
491,2014-10-05,237.43
492,2014-10-06,237.43
493,2014-10-07,237.43
494,2014-10-08,237.43
495,2014-10-09,237.43
496,2014-10-10,237.43
497,2014-10-11,237.43
498,2014-10-12,237.43
499,2014-10-13,237.43
500,2014-10-14,237.43
501,2014-10-15,237.43
502,2014-10-16,237.43
503,2014-10-17,237.43
504,2014-10-18,237.43
505,2014-10-19,237.43
506,2014-10-20,237.43
507,2014-10-21,237.43
508,2014-10-22,237.43
509,2014-10-23,237.43
510,2014-10-24,237.43
511,2014-10-25,237.43
512,2014-10-26,237.43
513,2014-10-27,237.43
514,2014-10-28,237.43
515,2014-10-29,237.43
516,2014-10-30,237.43
517,2014-10-31,237.43
518,2014-11-01,236.983
519,2014-11-02,236.983
520,2014-11-03,236.983
521,2014-11-04,236.983
522,2014-11-05,236.983
523,2014-11-06,236.983
524,2014-11-07,236.983
525,2014-11-08,236.983
526,2014-11-09,236.983
527,2014-11-10,236.983
528,2014-11-11,236.983
529,2014-11-12,236.983
530,2014-11-13,236.983
531,2014-11-14,236.983
532,2014-11-15,236.983
533,2014-11-16,236.983
534,2014-11-17,236.983
535,2014-11-18,236.983
536,2014-11-19,236.983
537,2014-11-20,236.983
538,2014-11-21,236.983
539,2014-11-22,236.983
540,2014-11-23,236.983
541,2014-11-24,236.983
542,2014-11-25,236.983
543,2014-11-26,236.983
544,2014-11-27,236.983
545,2014-11-28,236.983
546,2014-11-29,236.983
547,2014-11-30,236.983
548,2014-12-01,236.252
549,2014-12-02,236.252
550,2014-12-03,236.252
551,2014-12-04,236.252
552,2014-12-05,236.252
553,2014-12-06,236.252
554,2014-12-07,236.252
555,2014-12-08,236.252
556,2014-12-09,236.252
557,2014-12-10,236.252
558,2014-12-11,236.252
559,2014-12-12,236.252
560,2014-12-13,236.252
561,2014-12-14,236.252
562,2014-12-15,236.252
563,2014-12-16,236.252
564,2014-12-17,236.252
565,2014-12-18,236.252
566,2014-12-19,236.252
567,2014-12-20,236.252
568,2014-12-21,236.252
569,2014-12-22,236.252
570,2014-12-23,236.252
571,2014-12-24,236.252
572,2014-12-25,236.252
573,2014-12-26,236.252
574,2014-12-27,236.252
575,2014-12-28,236.252
576,2014-12-29,236.252
577,2014-12-30,236.252
578,2014-12-31,236.252
579,2015-01-01,234.747
580,2015-01-02,234.747
581,2015-01-03,234.747
582,2015-01-04,234.747
583,2015-01-05,234.747
584,2015-01-06,234.747
585,2015-01-07,234.747
586,2015-01-08,234.747
587,2015-01-09,234.747
588,2015-01-10,234.747
589,2015-01-11,234.747
590,2015-01-12,234.747
591,2015-01-13,234.747
592,2015-01-14,234.747
593,2015-01-15,234.747
594,2015-01-16,234.747
595,2015-01-17,234.747
596,2015-01-18,234.747
597,2015-01-19,234.747
598,2015-01-20,234.747
599,2015-01-21,234.747
600,2015-01-22,234.747
601,2015-01-23,234.747
602,2015-01-24,234.747
603,2015-01-25,234.747
604,2015-01-26,234.747
605,2015-01-27,234.747
606,2015-01-28,234.747
607,2015-01-29,234.747
608,2015-01-30,234.747
609,2015-01-31,234.747
610,2015-02-01,235.342
611,2015-02-02,235.342
612,2015-02-03,235.342
613,2015-02-04,235.342
614,2015-02-05,235.342
615,2015-02-06,235.342
616,2015-02-07,235.342
617,2015-02-08,235.342
618,2015-02-09,235.342
619,2015-02-10,235.342
620,2015-02-11,235.342
621,2015-02-12,235.342
622,2015-02-13,235.342
623,2015-02-14,235.342
624,2015-02-15,235.342
625,2015-02-16,235.342
626,2015-02-17,235.342
627,2015-02-18,235.342
628,2015-02-19,235.342
629,2015-02-20,235.342
630,2015-02-21,235.342
631,2015-02-22,235.342
632,2015-02-23,235.342
633,2015-02-24,235.342
634,2015-02-25,235.342
635,2015-02-26,235.342
636,2015-02-27,235.342
637,2015-02-28,235.342
638,2015-03-01,235.976
639,2015-03-02,235.976
640,2015-03-03,235.976
641,2015-03-04,235.976
642,2015-03-05,235.976
643,2015-03-06,235.976
644,2015-03-07,235.976
645,2015-03-08,235.976
646,2015-03-09,235.976
647,2015-03-10,235.976
648,2015-03-11,235.976
649,2015-03-12,235.976
650,2015-03-13,235.976
651,2015-03-14,235.976
652,2015-03-15,235.976
653,2015-03-16,235.976
654,2015-03-17,235.976
655,2015-03-18,235.976
656,2015-03-19,235.976
657,2015-03-20,235.976
658,2015-03-21,235.976
659,2015-03-22,235.976
660,2015-03-23,235.976
661,2015-03-24,235.976
662,2015-03-25,235.976
663,2015-03-26,235.976
664,2015-03-27,235.976
665,2015-03-28,235.976
666,2015-03-29,235.976
667,2015-03-30,235.976
668,2015-03-31,235.976
669,2015-04-01,236.222
670,2015-04-02,236.222
671,2015-04-03,236.222
672,2015-04-04,236.222
673,2015-04-05,236.222
674,2015-04-06,236.222
675,2015-04-07,236.222
676,2015-04-08,236.222
677,2015-04-09,236.222
678,2015-04-10,236.222
679,2015-04-11,236.222
680,2015-04-12,236.222
681,2015-04-13,236.222
682,2015-04-14,236.222
683,2015-04-15,236.222
684,2015-04-16,236.222
685,2015-04-17,236.222
686,2015-04-18,236.222
687,2015-04-19,236.222
688,2015-04-20,236.222
689,2015-04-21,236.222
690,2015-04-22,236.222
691,2015-04-23,236.222
692,2015-04-24,236.222
693,2015-04-25,236.222
694,2015-04-26,236.222
695,2015-04-27,236.222
696,2015-04-28,236.222
697,2015-04-29,236.222
698,2015-04-30,236.222
699,2015-05-01,237.001
700,2015-05-02,237.001
701,2015-05-03,237.001
702,2015-05-04,237.001
703,2015-05-05,237.001
704,2015-05-06,237.001
705,2015-05-07,237.001
706,2015-05-08,237.001
707,2015-05-09,237.001
708,2015-05-10,237.001
709,2015-05-11,237.001
710,2015-05-12,237.001
711,2015-05-13,237.001
712,2015-05-14,237.001
713,2015-05-15,237.001
714,2015-05-16,237.001
715,2015-05-17,237.001
716,2015-05-18,237.001
717,2015-05-19,237.001
718,2015-05-20,237.001
719,2015-05-21,237.001
720,2015-05-22,237.001
721,2015-05-23,237.001
722,2015-05-24,237.001
723,2015-05-25,237.001
724,2015-05-26,237.001
725,2015-05-27,237.001
726,2015-05-28,237.001
727,2015-05-29,237.001
728,2015-05-30,237.001
729,2015-05-31,237.001
730,2015-06-01,237.657
731,2015-06-02,237.657
732,2015-06-03,237.657
733,2015-06-04,237.657
734,2015-06-05,237.657
735,2015-06-06,237.657
736,2015-06-07,237.657
737,2015-06-08,237.657
738,2015-06-09,237.657
739,2015-06-10,237.657
740,2015-06-11,237.657
741,2015-06-12,237.657
742,2015-06-13,237.657
743,2015-06-14,237.657
744,2015-06-15,237.657
745,2015-06-16,237.657
746,2015-06-17,237.657
747,2015-06-18,237.657
748,2015-06-19,237.657
749,2015-06-20,237.657
750,2015-06-21,237.657
751,2015-06-22,237.657
752,2015-06-23,237.657
753,2015-06-24,237.657
754,2015-06-25,237.657
755,2015-06-26,237.657
756,2015-06-27,237.657
757,2015-06-28,237.657
758,2015-06-29,237.657
759,2015-06-30,237.657
760,2015-07-01,238.034
761,2015-07-02,238.034
762,2015-07-03,238.034
763,2015-07-04,238.034
764,2015-07-05,238.034
765,2015-07-06,238.034
766,2015-07-07,238.034
767,2015-07-08,238.034
768,2015-07-09,238.034
769,2015-07-10,238.034
770,2015-07-11,238.034
771,2015-07-12,238.034
772,2015-07-13,238.034
773,2015-07-14,238.034
774,2015-07-15,238.034
775,2015-07-16,238.034
776,2015-07-17,238.034
777,2015-07-18,238.034
778,2015-07-19,238.034
779,2015-07-20,238.034
780,2015-07-21,238.034
781,2015-07-22,238.034
782,2015-07-23,238.034
783,2015-07-24,238.034
784,2015-07-25,238.034
785,2015-07-26,238.034
786,2015-07-27,238.034
787,2015-07-28,238.034
788,2015-07-29,238.034
789,2015-07-30,238.034
790,2015-07-31,238.034
791,2015-08-01,238.033
792,2015-08-02,238.033
793,2015-08-03,238.033
794,2015-08-04,238.033
795,2015-08-05,238.033
796,2015-08-06,238.033
797,2015-08-07,238.033
798,2015-08-08,238.033
799,2015-08-09,238.033
800,2015-08-10,238.033
801,2015-08-11,238.033
802,2015-08-12,238.033
803,2015-08-13,238.033
804,2015-08-14,238.033
805,2015-08-15,238.033
806,2015-08-16,238.033
807,2015-08-17,238.033
808,2015-08-18,238.033
809,2015-08-19,238.033
810,2015-08-20,238.033
811,2015-08-21,238.033
812,2015-08-22,238.033
813,2015-08-23,238.033
814,2015-08-24,238.033
815,2015-08-25,238.033
816,2015-08-26,238.033
817,2015-08-27,238.033
818,2015-08-28,238.033
819,2015-08-29,238.033
820,2015-08-30,238.033
821,2015-08-31,238.033
822,2015-09-01,237.498
823,2015-09-02,237.498
824,2015-09-03,237.498
825,2015-09-04,237.498
826,2015-09-05,237.498
827,2015-09-06,237.498
828,2015-09-07,237.498
829,2015-09-08,237.498
830,2015-09-09,237.498
831,2015-09-10,237.498
832,2015-09-11,237.498
833,2015-09-12,237.498
834,2015-09-13,237.498
835,2015-09-14,237.498
836,2015-09-15,237.498
837,2015-09-16,237.498
838,2015-09-17,237.498
839,2015-09-18,237.498
840,2015-09-19,237.498
841,2015-09-20,237.498
842,2015-09-21,237.498
843,2015-09-22,237.498
844,2015-09-23,237.498
845,2015-09-24,237.498
846,2015-09-25,237.498
847,2015-09-26,237.498
848,2015-09-27,237.498
849,2015-09-28,237.498
850,2015-09-29,237.498
851,2015-09-30,237.498
852,2015-10-01,237.733
853,2015-10-02,237.733
854,2015-10-03,237.733
855,2015-10-04,237.733
856,2015-10-05,237.733
857,2015-10-06,237.733
858,2015-10-07,237.733
859,2015-10-08,237.733
860,2015-10-09,237.733
861,2015-10-10,237.733
862,2015-10-11,237.733
863,2015-10-12,237.733
864,2015-10-13,237.733
865,2015-10-14,237.733
866,2015-10-15,237.733
867,2015-10-16,237.733
868,2015-10-17,237.733
869,2015-10-18,237.733
870,2015-10-19,237.733
871,2015-10-20,237.733
872,2015-10-21,237.733
873,2015-10-22,237.733
874,2015-10-23,237.733
875,2015-10-24,237.733
876,2015-10-25,237.733
877,2015-10-26,237.733
878,2015-10-27,237.733
879,2015-10-28,237.733
880,2015-10-29,237.733
881,2015-10-30,237.733
882,2015-10-31,237.733
883,2015-11-01,238.017
884,2015-11-02,238.017
885,2015-11-03,238.017
886,2015-11-04,238.017
887,2015-11-05,238.017
888,2015-11-06,238.017
889,2015-11-07,238.017
890,2015-11-08,238.017
891,2015-11-09,238.017
892,2015-11-10,238.017
893,2015-11-11,238.017
894,2015-11-12,238.017
895,2015-11-13,238.017
896,2015-11-14,238.017
897,2015-11-15,238.017
898,2015-11-16,238.017
899,2015-11-17,238.017
900,2015-11-18,238.017
901,2015-11-19,238.017
902,2015-11-20,238.017
903,2015-11-21,238.017
904,2015-11-22,238.017
905,2015-11-23,238.017
906,2015-11-24,238.017
907,2015-11-25,238.017
908,2015-11-26,238.017
909,2015-11-27,238.017
910,2015-11-28,238.017
911,2015-11-29,238.017
912,2015-11-30,238.017
913,2015-12-01,237.761
914,2015-12-02,237.761
915,2015-12-03,237.761
916,2015-12-04,237.761
917,2015-12-05,237.761
918,2015-12-06,237.761
919,2015-12-07,237.761
920,2015-12-08,237.761
921,2015-12-09,237.761
922,2015-12-10,237.761
923,2015-12-11,237.761
924,2015-12-12,237.761
925,2015-12-13,237.761
926,2015-12-14,237.761
927,2015-12-15,237.761
928,2015-12-16,237.761
929,2015-12-17,237.761
930,2015-12-18,237.761
931,2015-12-19,237.761
932,2015-12-20,237.761
933,2015-12-21,237.761
934,2015-12-22,237.761
935,2015-12-23,237.761
936,2015-12-24,237.761
937,2015-12-25,237.761
938,2015-12-26,237.761
939,2015-12-27,237.761
940,2015-12-28,237.761
941,2015-12-29,237.761
942,2015-12-30,237.761
943,2015-12-31,237.761
944,2016-01-01,237.652
945,2016-01-02,237.652
946,2016-01-03,237.652
947,2016-01-04,237.652
948,2016-01-05,237.652
949,2016-01-06,237.652
950,2016-01-07,237.652
951,2016-01-08,237.652
952,2016-01-09,237.652
953,2016-01-10,237.652
954,2016-01-11,237.652
955,2016-01-12,237.652
956,2016-01-13,237.652
957,2016-01-14,237.652
958,2016-01-15,237.652
959,2016-01-16,237.652
960,2016-01-17,237.652
961,2016-01-18,237.652
962,2016-01-19,237.652
963,2016-01-20,237.652
964,2016-01-21,237.652
965,2016-01-22,237.652
966,2016-01-23,237.652
967,2016-01-24,237.652
968,2016-01-25,237.652
969,2016-01-26,237.652
970,2016-01-27,237.652
971,2016-01-28,237.652
972,2016-01-29,237.652
973,2016-01-30,237.652
974,2016-01-31,237.652
975,2016-02-01,237.336
976,2016-02-02,237.336
977,2016-02-03,237.336
978,2016-02-04,237.336
979,2016-02-05,237.336
980,2016-02-06,237.336
981,2016-02-07,237.336
982,2016-02-08,237.336
983,2016-02-09,237.336
984,2016-02-10,237.336
985,2016-02-11,237.336
986,2016-02-12,237.336
987,2016-02-13,237.336
988,2016-02-14,237.336
989,2016-02-15,237.336
990,2016-02-16,237.336
991,2016-02-17,237.336
992,2016-02-18,237.336
993,2016-02-19,237.336
994,2016-02-20,237.336
995,2016-02-21,237.336
996,2016-02-22,237.336
997,2016-02-23,237.336
998,2016-02-24,237.336
999,2016-02-25,237.336
1000,2016-02-26,237.336
1001,2016-02-27,237.336
1002,2016-02-28,237.336
1003,2016-02-29,237.336
1004,2016-03-01,238.08
1005,2016-03-02,238.08
1006,2016-03-03,238.08
1007,2016-03-04,238.08
1008,2016-03-05,238.08
1009,2016-03-06,238.08
1010,2016-03-07,238.08
1011,2016-03-08,238.08
1012,2016-03-09,238.08
1013,2016-03-10,238.08
1014,2016-03-11,238.08
1015,2016-03-12,238.08
1016,2016-03-13,238.08
1017,2016-03-14,238.08
1018,2016-03-15,238.08
1019,2016-03-16,238.08
1020,2016-03-17,238.08
1021,2016-03-18,238.08
1022,2016-03-19,238.08
1023,2016-03-20,238.08
1024,2016-03-21,238.08
1025,2016-03-22,238.08
1026,2016-03-23,238.08
1027,2016-03-24,238.08
1028,2016-03-25,238.08
1029,2016-03-26,238.08
1030,2016-03-27,238.08
1031,2016-03-28,238.08
1032,2016-03-29,238.08
1033,2016-03-30,238.08
1034,2016-03-31,238.08
1035,2016-04-01,238.992
1036,2016-04-02,238.992
1037,2016-04-03,238.992
1038,2016-04-04,238.992
1039,2016-04-05,238.992
1040,2016-04-06,238.992
1041,2016-04-07,238.992
1042,2016-04-08,238.992
1043,2016-04-09,238.992
1044,2016-04-10,238.992
1045,2016-04-11,238.992
1046,2016-04-12,238.992
1047,2016-04-13,238.992
1048,2016-04-14,238.992
1049,2016-04-15,238.992
1050,2016-04-16,238.992
1051,2016-04-17,238.992
1052,2016-04-18,238.992
1053,2016-04-19,238.992
1054,2016-04-20,238.992
1055,2016-04-21,238.992
1056,2016-04-22,238.992
1057,2016-04-23,238.992
1058,2016-04-24,238.992
1059,2016-04-25,238.992
1060,2016-04-26,238.992
1061,2016-04-27,238.992
1062,2016-04-28,238.992
1063,2016-04-29,238.992
1064,2016-04-30,238.992
1065,2016-05-01,239.557
1066,2016-05-02,239.557
1067,2016-05-03,239.557
1068,2016-05-04,239.557
1069,2016-05-05,239.557
1070,2016-05-06,239.557
1071,2016-05-07,239.557
1072,2016-05-08,239.557
1073,2016-05-09,239.557
1074,2016-05-10,239.557
1075,2016-05-11,239.557
1076,2016-05-12,239.557
1077,2016-05-13,239.557
1078,2016-05-14,239.557
1079,2016-05-15,239.557
1080,2016-05-16,239.557
1081,2016-05-17,239.557
1082,2016-05-18,239.557
1083,2016-05-19,239.557
1084,2016-05-20,239.557
1085,2016-05-21,239.557
1086,2016-05-22,239.557
1087,2016-05-23,239.557
1088,2016-05-24,239.557
1089,2016-05-25,239.557
1090,2016-05-26,239.557
1091,2016-05-27,239.557
1092,2016-05-28,239.557
1093,2016-05-29,239.557
1094,2016-05-30,239.557
1095,2016-05-31,239.557
1096,2016-06-01,240.222
1097,2016-06-02,240.222
1098,2016-06-03,240.222
1099,2016-06-04,240.222
1100,2016-06-05,240.222
1101,2016-06-06,240.222
1102,2016-06-07,240.222
1103,2016-06-08,240.222
1104,2016-06-09,240.222
1105,2016-06-10,240.222
1106,2016-06-11,240.222
1107,2016-06-12,240.222
1108,2016-06-13,240.222
1109,2016-06-14,240.222
1110,2016-06-15,240.222
1111,2016-06-16,240.222
1112,2016-06-17,240.222
1113,2016-06-18,240.222
1114,2016-06-19,240.222
1115,2016-06-20,240.222
1116,2016-06-21,240.222
1117,2016-06-22,240.222
1118,2016-06-23,240.222
1119,2016-06-24,240.222
1120,2016-06-25,240.222
1121,2016-06-26,240.222
1122,2016-06-27,240.222
1123,2016-06-28,240.222
1124,2016-06-29,240.222
1125,2016-06-30,240.222
1126,2016-07-01,240.101
1127,2016-07-02,240.101
1128,2016-07-03,240.101
1129,2016-07-04,240.101
1130,2016-07-05,240.101
1131,2016-07-06,240.101
1132,2016-07-07,240.101
1133,2016-07-08,240.101
1134,2016-07-09,240.101
1135,2016-07-10,240.101
1136,2016-07-11,240.101
1137,2016-07-12,240.101
1138,2016-07-13,240.101
1139,2016-07-14,240.101
1140,2016-07-15,240.101
1141,2016-07-16,240.101
1142,2016-07-17,240.101
1143,2016-07-18,240.101
1144,2016-07-19,240.101
1145,2016-07-20,240.101
1146,2016-07-21,240.101
1147,2016-07-22,240.101
1148,2016-07-23,240.101
1149,2016-07-24,240.101
1150,2016-07-25,240.101
1151,2016-07-26,240.101
1152,2016-07-27,240.101
1153,2016-07-28,240.101
1154,2016-07-29,240.101
1155,2016-07-30,240.101
1156,2016-07-31,240.101
1157,2016-08-01,240.545
1158,2016-08-02,240.545
1159,2016-08-03,240.545
1160,2016-08-04,240.545
1161,2016-08-05,240.545
1162,2016-08-06,240.545
1163,2016-08-07,240.545
1164,2016-08-08,240.545
1165,2016-08-09,240.545
1166,2016-08-10,240.545
1167,2016-08-11,240.545
1168,2016-08-12,240.545
1169,2016-08-13,240.545
1170,2016-08-14,240.545
1171,2016-08-15,240.545
1172,2016-08-16,240.545
1173,2016-08-17,240.545
1174,2016-08-18,240.545
1175,2016-08-19,240.545
1176,2016-08-20,240.545
1177,2016-08-21,240.545
1178,2016-08-22,240.545
1179,2016-08-23,240.545
1180,2016-08-24,240.545
1181,2016-08-25,240.545
1182,2016-08-26,240.545
1183,2016-08-27,240.545
1184,2016-08-28,240.545
1185,2016-08-29,240.545
1186,2016-08-30,240.545
1187,2016-08-31,240.545
1188,2016-09-01,241.176
1189,2016-09-02,241.176
1190,2016-09-03,241.176
1191,2016-09-04,241.176
1192,2016-09-05,241.176
1193,2016-09-06,241.176
1194,2016-09-07,241.176
1195,2016-09-08,241.176
1196,2016-09-09,241.176
1197,2016-09-10,241.176
1198,2016-09-11,241.176
1199,2016-09-12,241.176
1200,2016-09-13,241.176
1201,2016-09-14,241.176
1202,2016-09-15,241.176
1203,2016-09-16,241.176
1204,2016-09-17,241.176
1205,2016-09-18,241.176
1206,2016-09-19,241.176
1207,2016-09-20,241.176
1208,2016-09-21,241.176
1209,2016-09-22,241.176
1210,2016-09-23,241.176
1211,2016-09-24,241.176
1212,2016-09-25,241.176
1213,2016-09-26,241.176
1214,2016-09-27,241.176
1215,2016-09-28,241.176
1216,2016-09-29,241.176
1217,2016-09-30,241.176
1218,2016-10-01,241.741
1219,2016-10-02,241.741
1220,2016-10-03,241.741
1221,2016-10-04,241.741
1222,2016-10-05,241.741
1223,2016-10-06,241.741
1224,2016-10-07,241.741
1225,2016-10-08,241.741
1226,2016-10-09,241.741
1227,2016-10-10,241.741
1228,2016-10-11,241.741
1229,2016-10-12,241.741
1230,2016-10-13,241.741
1231,2016-10-14,241.741
1232,2016-10-15,241.741
1233,2016-10-16,241.741
1234,2016-10-17,241.741
1235,2016-10-18,241.741
1236,2016-10-19,241.741
1237,2016-10-20,241.741
1238,2016-10-21,241.741
1239,2016-10-22,241.741
1240,2016-10-23,241.741
1241,2016-10-24,241.741
1242,2016-10-25,241.741
1243,2016-10-26,241.741
1244,2016-10-27,241.741
1245,2016-10-28,241.741
1246,2016-10-29,241.741
1247,2016-10-30,241.741
1248,2016-10-31,241.741
1249,2016-11-01,242.026
1250,2016-11-02,242.026
1251,2016-11-03,242.026
1252,2016-11-04,242.026
1253,2016-11-05,242.026
1254,2016-11-06,242.026
1255,2016-11-07,242.026
1256,2016-11-08,242.026
1257,2016-11-09,242.026
1258,2016-11-10,242.026
1259,2016-11-11,242.026
1260,2016-11-12,242.026
1261,2016-11-13,242.026
1262,2016-11-14,242.026
1263,2016-11-15,242.026
1264,2016-11-16,242.026
1265,2016-11-17,242.026
1266,2016-11-18,242.026
1267,2016-11-19,242.026
1268,2016-11-20,242.026
1269,2016-11-21,242.026
1270,2016-11-22,242.026
1271,2016-11-23,242.026
1272,2016-11-24,242.026
1273,2016-11-25,242.026
1274,2016-11-26,242.026
1275,2016-11-27,242.026
1276,2016-11-28,242.026
1277,2016-11-29,242.026
1278,2016-11-30,242.026
1279,2016-12-01,242.637
1280,2016-12-02,242.637
1281,2016-12-03,242.637
1282,2016-12-04,242.637
1283,2016-12-05,242.637
1284,2016-12-06,242.637
1285,2016-12-07,242.637
1286,2016-12-08,242.637
1287,2016-12-09,242.637
1288,2016-12-10,242.637
1289,2016-12-11,242.637
1290,2016-12-12,242.637
1291,2016-12-13,242.637
1292,2016-12-14,242.637
1293,2016-12-15,242.637
1294,2016-12-16,242.637
1295,2016-12-17,242.637
1296,2016-12-18,242.637
1297,2016-12-19,242.637
1298,2016-12-20,242.637
1299,2016-12-21,242.637
1300,2016-12-22,242.637
1301,2016-12-23,242.637
1302,2016-12-24,242.637
1303,2016-12-25,242.637
1304,2016-12-26,242.637
1305,2016-12-27,242.637
1306,2016-12-28,242.637
1307,2016-12-29,242.637
1308,2016-12-30,242.637
1309,2016-12-31,242.637
1310,2017-01-01,243.618
1311,2017-01-02,243.618
1312,2017-01-03,243.618
1313,2017-01-04,243.618
1314,2017-01-05,243.618
1315,2017-01-06,243.618
1316,2017-01-07,243.618
1317,2017-01-08,243.618
1318,2017-01-09,243.618
1319,2017-01-10,243.618
1320,2017-01-11,243.618
1321,2017-01-12,243.618
1322,2017-01-13,243.618
1323,2017-01-14,243.618
1324,2017-01-15,243.618
1325,2017-01-16,243.618
1326,2017-01-17,243.618
1327,2017-01-18,243.618
1328,2017-01-19,243.618
1329,2017-01-20,243.618
1330,2017-01-21,243.618
1331,2017-01-22,243.618
1332,2017-01-23,243.618
1333,2017-01-24,243.618
1334,2017-01-25,243.618
1335,2017-01-26,243.618
1336,2017-01-27,243.618
1337,2017-01-28,243.618
1338,2017-01-29,243.618
1339,2017-01-30,243.618
1340,2017-01-31,243.618
1341,2017-02-01,244.006
1342,2017-02-02,244.006
1343,2017-02-03,244.006
1344,2017-02-04,244.006
1345,2017-02-05,244.006
1346,2017-02-06,244.006
1347,2017-02-07,244.006
1348,2017-02-08,244.006
1349,2017-02-09,244.006
1350,2017-02-10,244.006
1351,2017-02-11,244.006
1352,2017-02-12,244.006
1353,2017-02-13,244.006
1354,2017-02-14,244.006
1355,2017-02-15,244.006
1356,2017-02-16,244.006
1357,2017-02-17,244.006
1358,2017-02-18,244.006
1359,2017-02-19,244.006
1360,2017-02-20,244.006
1361,2017-02-21,244.006
1362,2017-02-22,244.006
1363,2017-02-23,244.006
1364,2017-02-24,244.006
1365,2017-02-25,244.006
1366,2017-02-26,244.006
1367,2017-02-27,244.006
1368,2017-02-28,244.006
1369,2017-03-01,243.892
1370,2017-03-02,243.892
1371,2017-03-03,243.892
1372,2017-03-04,243.892
1373,2017-03-05,243.892
1374,2017-03-06,243.892
1375,2017-03-07,243.892
1376,2017-03-08,243.892
1377,2017-03-09,243.892
1378,2017-03-10,243.892
1379,2017-03-11,243.892
1380,2017-03-12,243.892
1381,2017-03-13,243.892
1382,2017-03-14,243.892
1383,2017-03-15,243.892
1384,2017-03-16,243.892
1385,2017-03-17,243.892
1386,2017-03-18,243.892
1387,2017-03-19,243.892
1388,2017-03-20,243.892
1389,2017-03-21,243.892
1390,2017-03-22,243.892
1391,2017-03-23,243.892
1392,2017-03-24,243.892
1393,2017-03-25,243.892
1394,2017-03-26,243.892
1395,2017-03-27,243.892
1396,2017-03-28,243.892
1397,2017-03-29,243.892
1398,2017-03-30,243.892
1399,2017-03-31,243.892
1400,2017-04-01,244.193
1401,2017-04-02,244.193
1402,2017-04-03,244.193
1403,2017-04-04,244.193
1404,2017-04-05,244.193
1405,2017-04-06,244.193
1406,2017-04-07,244.193
1407,2017-04-08,244.193
1408,2017-04-09,244.193
1409,2017-04-10,244.193
1410,2017-04-11,244.193
1411,2017-04-12,244.193
1412,2017-04-13,244.193
1413,2017-04-14,244.193
1414,2017-04-15,244.193
1415,2017-04-16,244.193
1416,2017-04-17,244.193
1417,2017-04-18,244.193
1418,2017-04-19,244.193
1419,2017-04-20,244.193
1420,2017-04-21,244.193
1421,2017-04-22,244.193
1422,2017-04-23,244.193
1423,2017-04-24,244.193
1424,2017-04-25,244.193
1425,2017-04-26,244.193
1426,2017-04-27,244.193
1427,2017-04-28,244.193
1428,2017-04-29,244.193
1429,2017-04-30,244.193
1430,2017-05-01,244.004
1431,2017-05-02,244.004
1432,2017-05-03,244.004
1433,2017-05-04,244.004
1434,2017-05-05,244.004
1435,2017-05-06,244.004
1436,2017-05-07,244.004
1437,2017-05-08,244.004
1438,2017-05-09,244.004
1439,2017-05-10,244.004
1440,2017-05-11,244.004
1441,2017-05-12,244.004
1442,2017-05-13,244.004
1443,2017-05-14,244.004
1444,2017-05-15,244.004
1445,2017-05-16,244.004
1446,2017-05-17,244.004
1447,2017-05-18,244.004
1448,2017-05-19,244.004
1449,2017-05-20,244.004
1450,2017-05-21,244.004
1451,2017-05-22,244.004
1452,2017-05-23,244.004
1453,2017-05-24,244.004
1454,2017-05-25,244.004
1455,2017-05-26,244.004
1456,2017-05-27,244.004
1457,2017-05-28,244.004
1458,2017-05-29,244.004
1459,2017-05-30,244.004
1460,2017-05-31,244.004
1461,2017-06-01,244.163
1462,2017-06-02,244.163
1463,2017-06-03,244.163
1464,2017-06-04,244.163
1465,2017-06-05,244.163
1466,2017-06-06,244.163
1467,2017-06-07,244.163
1468,2017-06-08,244.163
1469,2017-06-09,244.163
1470,2017-06-10,244.163
1471,2017-06-11,244.163
1472,2017-06-12,244.163
1473,2017-06-13,244.163
1474,2017-06-14,244.163
1475,2017-06-15,244.163
1476,2017-06-16,244.163
1477,2017-06-17,244.163
1478,2017-06-18,244.163
1479,2017-06-19,244.163
1480,2017-06-20,244.163
1481,2017-06-21,244.163
1482,2017-06-22,244.163
1483,2017-06-23,244.163
1484,2017-06-24,244.163
1485,2017-06-25,244.163
1486,2017-06-26,244.163
1487,2017-06-27,244.163
1488,2017-06-28,244.163
1489,2017-06-29,244.163
1490,2017-06-30,244.163
1491,2017-07-01,244.243
1492,2017-07-02,244.243
1493,2017-07-03,244.243
1494,2017-07-04,244.243
1495,2017-07-05,244.243
1496,2017-07-06,244.243
1497,2017-07-07,244.243
1498,2017-07-08,244.243
1499,2017-07-09,244.243
1500,2017-07-10,244.243
1501,2017-07-11,244.243
1502,2017-07-12,244.243
1503,2017-07-13,244.243
1504,2017-07-14,244.243
1505,2017-07-15,244.243
1506,2017-07-16,244.243
1507,2017-07-17,244.243
1508,2017-07-18,244.243
1509,2017-07-19,244.243
1510,2017-07-20,244.243
1511,2017-07-21,244.243
1512,2017-07-22,244.243
1513,2017-07-23,244.243
1514,2017-07-24,244.243
1515,2017-07-25,244.243
1516,2017-07-26,244.243
1517,2017-07-27,244.243
1518,2017-07-28,244.243
1519,2017-07-29,244.243
1520,2017-07-30,244.243
1521,2017-07-31,244.243
1522,2017-08-01,245.183
1523,2017-08-02,245.183
1524,2017-08-03,245.183
1525,2017-08-04,245.183
1526,2017-08-05,245.183
1527,2017-08-06,245.183
1528,2017-08-07,245.183
1529,2017-08-08,245.183
1530,2017-08-09,245.183
1531,2017-08-10,245.183
1532,2017-08-11,245.183
1533,2017-08-12,245.183
1534,2017-08-13,245.183
1535,2017-08-14,245.183
1536,2017-08-15,245.183
1537,2017-08-16,245.183
1538,2017-08-17,245.183
1539,2017-08-18,245.183
1540,2017-08-19,245.183
1541,2017-08-20,245.183
1542,2017-08-21,245.183
1543,2017-08-22,245.183
1544,2017-08-23,245.183
1545,2017-08-24,245.183
1546,2017-08-25,245.183
1547,2017-08-26,245.183
1548,2017-08-27,245.183
1549,2017-08-28,245.183
1550,2017-08-29,245.183
1551,2017-08-30,245.183
1552,2017-08-31,245.183
1553,2017-09-01,246.435
1554,2017-09-02,246.435
1555,2017-09-03,246.435
1556,2017-09-04,246.435
1557,2017-09-05,246.435
1558,2017-09-06,246.435
1559,2017-09-07,246.435
1560,2017-09-08,246.435
1561,2017-09-09,246.435
1562,2017-09-10,246.435
1563,2017-09-11,246.435
1564,2017-09-12,246.435
1565,2017-09-13,246.435
1566,2017-09-14,246.435
1567,2017-09-15,246.435
1568,2017-09-16,246.435
1569,2017-09-17,246.435
1570,2017-09-18,246.435
1571,2017-09-19,246.435
1572,2017-09-20,246.435
1573,2017-09-21,246.435
1574,2017-09-22,246.435
1575,2017-09-23,246.435
1576,2017-09-24,246.435
1577,2017-09-25,246.435
1578,2017-09-26,246.435
1579,2017-09-27,246.435
1580,2017-09-28,246.435
1581,2017-09-29,246.435
1582,2017-09-30,246.435
1583,2017-10-01,246.626
1584,2017-10-02,246.626
1585,2017-10-03,246.626
1586,2017-10-04,246.626
1587,2017-10-05,246.626
1588,2017-10-06,246.626
1589,2017-10-07,246.626
1590,2017-10-08,246.626
1591,2017-10-09,246.626
1592,2017-10-10,246.626
1593,2017-10-11,246.626
1594,2017-10-12,246.626
1595,2017-10-13,246.626
1596,2017-10-14,246.626
1597,2017-10-15,246.626
1598,2017-10-16,246.626
1599,2017-10-17,246.626
1600,2017-10-18,246.626
1601,2017-10-19,246.626
1602,2017-10-20,246.626
1603,2017-10-21,246.626
1604,2017-10-22,246.626
1605,2017-10-23,246.626
1606,2017-10-24,246.626
1607,2017-10-25,246.626
1608,2017-10-26,246.626
1609,2017-10-27,246.626
1610,2017-10-28,246.626
1611,2017-10-29,246.626
1612,2017-10-30,246.626
1613,2017-10-31,246.626
1614,2017-11-01,247.284
1615,2017-11-02,247.284
1616,2017-11-03,247.284
1617,2017-11-04,247.284
1618,2017-11-05,247.284
1619,2017-11-06,247.284
1620,2017-11-07,247.284
1621,2017-11-08,247.284
1622,2017-11-09,247.284
1623,2017-11-10,247.284
1624,2017-11-11,247.284
1625,2017-11-12,247.284
1626,2017-11-13,247.284
1627,2017-11-14,247.284
1628,2017-11-15,247.284
1629,2017-11-16,247.284
1630,2017-11-17,247.284
1631,2017-11-18,247.284
1632,2017-11-19,247.284
1633,2017-11-20,247.284
1634,2017-11-21,247.284
1635,2017-11-22,247.284
1636,2017-11-23,247.284
1637,2017-11-24,247.284
1638,2017-11-25,247.284
1639,2017-11-26,247.284
1640,2017-11-27,247.284
1641,2017-11-28,247.284
1642,2017-11-29,247.284
1643,2017-11-30,247.284
1644,2017-12-01,247.805
1645,2017-12-02,247.805
1646,2017-12-03,247.805
1647,2017-12-04,247.805
1648,2017-12-05,247.805
1649,2017-12-06,247.805
1650,2017-12-07,247.805
1651,2017-12-08,247.805
1652,2017-12-09,247.805
1653,2017-12-10,247.805
1654,2017-12-11,247.805
1655,2017-12-12,247.805
1656,2017-12-13,247.805
1657,2017-12-14,247.805
1658,2017-12-15,247.805
1659,2017-12-16,247.805
1660,2017-12-17,247.805
1661,2017-12-18,247.805
1662,2017-12-19,247.805
1663,2017-12-20,247.805
1664,2017-12-21,247.805
1665,2017-12-22,247.805
1666,2017-12-23,247.805
1667,2017-12-24,247.805
1668,2017-12-25,247.805
1669,2017-12-26,247.805
1670,2017-12-27,247.805
1671,2017-12-28,247.805
1672,2017-12-29,247.805
1673,2017-12-30,247.805
1674,2017-12-31,247.805
1675,2018-01-01,248.859
1676,2018-01-02,248.859
1677,2018-01-03,248.859
1678,2018-01-04,248.859
1679,2018-01-05,248.859
1680,2018-01-06,248.859
1681,2018-01-07,248.859
1682,2018-01-08,248.859
1683,2018-01-09,248.859
1684,2018-01-10,248.859
1685,2018-01-11,248.859
1686,2018-01-12,248.859
1687,2018-01-13,248.859
1688,2018-01-14,248.859
1689,2018-01-15,248.859
1690,2018-01-16,248.859
1691,2018-01-17,248.859
1692,2018-01-18,248.859
1693,2018-01-19,248.859
1694,2018-01-20,248.859
1695,2018-01-21,248.859
1696,2018-01-22,248.859
1697,2018-01-23,248.859
1698,2018-01-24,248.859
1699,2018-01-25,248.859
1700,2018-01-26,248.859
1701,2018-01-27,248.859
1702,2018-01-28,248.859
1703,2018-01-29,248.859
1704,2018-01-30,248.859
1705,2018-01-31,248.859
1706,2018-02-01,249.529
1707,2018-02-02,249.529
1708,2018-02-03,249.529
1709,2018-02-04,249.529
1710,2018-02-05,249.529
1711,2018-02-06,249.529
1712,2018-02-07,249.529
1713,2018-02-08,249.529
1714,2018-02-09,249.529
1715,2018-02-10,249.529
1716,2018-02-11,249.529
1717,2018-02-12,249.529
1718,2018-02-13,249.529
1719,2018-02-14,249.529
1720,2018-02-15,249.529
1721,2018-02-16,249.529
1722,2018-02-17,249.529
1723,2018-02-18,249.529
1724,2018-02-19,249.529
1725,2018-02-20,249.529
1726,2018-02-21,249.529
1727,2018-02-22,249.529
1728,2018-02-23,249.529
1729,2018-02-24,249.529
1730,2018-02-25,249.529
1731,2018-02-26,249.529
1732,2018-02-27,249.529
1733,2018-02-28,249.529
1734,2018-03-01,249.577
1735,2018-03-02,249.577
1736,2018-03-03,249.577
1737,2018-03-04,249.577
1738,2018-03-05,249.577
1739,2018-03-06,249.577
1740,2018-03-07,249.577
1741,2018-03-08,249.577
1742,2018-03-09,249.577
1743,2018-03-10,249.577
1744,2018-03-11,249.577
1745,2018-03-12,249.577
1746,2018-03-13,249.577
1747,2018-03-14,249.577
1748,2018-03-15,249.577
1749,2018-03-16,249.577
1750,2018-03-17,249.577
1751,2018-03-18,249.577
1752,2018-03-19,249.577
1753,2018-03-20,249.577
1754,2018-03-21,249.577
1755,2018-03-22,249.577
1756,2018-03-23,249.577
1757,2018-03-24,249.577
1758,2018-03-25,249.577
1759,2018-03-26,249.577
1760,2018-03-27,249.577
1761,2018-03-28,249.577
1762,2018-03-29,249.577
1763,2018-03-30,249.577
1764,2018-03-31,249.577
1765,2018-04-01,250.227
1766,2018-04-02,250.227
1767,2018-04-03,250.227
1768,2018-04-04,250.227
1769,2018-04-05,250.227
1770,2018-04-06,250.227
1771,2018-04-07,250.227
1772,2018-04-08,250.227
1773,2018-04-09,250.227
1774,2018-04-10,250.227
1775,2018-04-11,250.227
1776,2018-04-12,250.227
1777,2018-04-13,250.227
1778,2018-04-14,250.227
1779,2018-04-15,250.227
1780,2018-04-16,250.227
1781,2018-04-17,250.227
1782,2018-04-18,250.227
1783,2018-04-19,250.227
1784,2018-04-20,250.227
1785,2018-04-21,250.227
1786,2018-04-22,250.227
1787,2018-04-23,250.227
1788,2018-04-24,250.227
1789,2018-04-25,250.227
1790,2018-04-26,250.227
1791,2018-04-27,250.227
1792,2018-04-28,250.227
1793,2018-04-29,250.227
1794,2018-04-30,250.227
1795,2018-05-01,250.792
1796,2018-05-02,250.792
1797,2018-05-03,250.792
1798,2018-05-04,250.792
1799,2018-05-05,250.792
1800,2018-05-06,250.792
1801,2018-05-07,250.792
1802,2018-05-08,250.792
1803,2018-05-09,250.792
1804,2018-05-10,250.792
1805,2018-05-11,250.792
1806,2018-05-12,250.792
1807,2018-05-13,250.792
1808,2018-05-14,250.792
1809,2018-05-15,250.792
1810,2018-05-16,250.792
1811,2018-05-17,250.792
1812,2018-05-18,250.792
1813,2018-05-19,250.792
1814,2018-05-20,250.792
1815,2018-05-21,250.792
1816,2018-05-22,250.792
1817,2018-05-23,250.792
1818,2018-05-24,250.792
1819,2018-05-25,250.792
1820,2018-05-26,250.792
1821,2018-05-27,250.792
1822,2018-05-28,250.792
1823,2018-05-29,250.792
1824,2018-05-30,250.792
1825,2018-05-31,250.792
1826,2018-06-01,251.018
1827,2018-06-02,251.018
1828,2018-06-03,251.018
1829,2018-06-04,251.018
1830,2018-06-05,251.018
1831,2018-06-06,251.018
1832,2018-06-07,251.018
1833,2018-06-08,251.018
1834,2018-06-09,251.018
1835,2018-06-10,251.018
1836,2018-06-11,251.018
1837,2018-06-12,251.018
1838,2018-06-13,251.018
1839,2018-06-14,251.018
1840,2018-06-15,251.018
1841,2018-06-16,251.018
1842,2018-06-17,251.018
1843,2018-06-18,251.018
1844,2018-06-19,251.018
1845,2018-06-20,251.018
1846,2018-06-21,251.018
1847,2018-06-22,251.018
1848,2018-06-23,251.018
1849,2018-06-24,251.018
1850,2018-06-25,251.018
1851,2018-06-26,251.018
1852,2018-06-27,251.018
1853,2018-06-28,251.018
1854,2018-06-29,251.018
1855,2018-06-30,251.018
1856,2018-07-01,251.214
1857,2018-07-02,251.214
1858,2018-07-03,251.214
1859,2018-07-04,251.214
1860,2018-07-05,251.214
1861,2018-07-06,251.214
1862,2018-07-07,251.214
1863,2018-07-08,251.214
1864,2018-07-09,251.214
1865,2018-07-10,251.214
1866,2018-07-11,251.214
1867,2018-07-12,251.214
1868,2018-07-13,251.214
1869,2018-07-14,251.214
1870,2018-07-15,251.214
1871,2018-07-16,251.214
1872,2018-07-17,251.214
1873,2018-07-18,251.214
1874,2018-07-19,251.214
1875,2018-07-20,251.214
1876,2018-07-21,251.214
1877,2018-07-22,251.214
1878,2018-07-23,251.214
1879,2018-07-24,251.214
1880,2018-07-25,251.214
1881,2018-07-26,251.214
1882,2018-07-27,251.214
1883,2018-07-28,251.214
1884,2018-07-29,251.214
1885,2018-07-30,251.214
1886,2018-07-31,251.214
1887,2018-08-01,251.663
1888,2018-08-02,251.663
1889,2018-08-03,251.663
1890,2018-08-04,251.663
1891,2018-08-05,251.663
1892,2018-08-06,251.663
1893,2018-08-07,251.663
1894,2018-08-08,251.663
1895,2018-08-09,251.663
1896,2018-08-10,251.663
1897,2018-08-11,251.663
1898,2018-08-12,251.663
1899,2018-08-13,251.663
1900,2018-08-14,251.663
1901,2018-08-15,251.663
1902,2018-08-16,251.663
1903,2018-08-17,251.663
1904,2018-08-18,251.663
1905,2018-08-19,251.663
1906,2018-08-20,251.663
1907,2018-08-21,251.663
1908,2018-08-22,251.663
1909,2018-08-23,251.663
1910,2018-08-24,251.663
1911,2018-08-25,251.663
1912,2018-08-26,251.663
1913,2018-08-27,251.663
1914,2018-08-28,251.663
1915,2018-08-29,251.663
1916,2018-08-30,251.663
1917,2018-08-31,251.663
1918,2018-09-01,252.182
1919,2018-09-02,252.182
1920,2018-09-03,252.182
1921,2018-09-04,252.182
1922,2018-09-05,252.182
1923,2018-09-06,252.182
1924,2018-09-07,252.182
1925,2018-09-08,252.182
1926,2018-09-09,252.182
1927,2018-09-10,252.182
1928,2018-09-11,252.182
1929,2018-09-12,252.182
1930,2018-09-13,252.182
1931,2018-09-14,252.182
1932,2018-09-15,252.182
1933,2018-09-16,252.182
1934,2018-09-17,252.182
1935,2018-09-18,252.182
1936,2018-09-19,252.182
1937,2018-09-20,252.182
1938,2018-09-21,252.182
1939,2018-09-22,252.182
1940,2018-09-23,252.182
1941,2018-09-24,252.182
1942,2018-09-25,252.182
1943,2018-09-26,252.182
1944,2018-09-27,252.182
1945,2018-09-28,252.182
1946,2018-09-29,252.182
1947,2018-09-30,252.182
1948,2018-10-01,252.772
1949,2018-10-02,252.772
1950,2018-10-03,252.772
1951,2018-10-04,252.772
1952,2018-10-05,252.772
1953,2018-10-06,252.772
1954,2018-10-07,252.772
1955,2018-10-08,252.772
1956,2018-10-09,252.772
1957,2018-10-10,252.772
1958,2018-10-11,252.772
1959,2018-10-12,252.772
1960,2018-10-13,252.772
1961,2018-10-14,252.772
1962,2018-10-15,252.772
1963,2018-10-16,252.772
1964,2018-10-17,252.772
1965,2018-10-18,252.772
1966,2018-10-19,252.772
1967,2018-10-20,252.772
1968,2018-10-21,252.772
1969,2018-10-22,252.772
1970,2018-10-23,252.772
1971,2018-10-24,252.772
1972,2018-10-25,252.772
1973,2018-10-26,252.772
1974,2018-10-27,252.772
1975,2018-10-28,252.772
1976,2018-10-29,252.772
1977,2018-10-30,252.772
1978,2018-10-31,252.772
1979,2018-11-01,252.594
1980,2018-11-02,252.594
1981,2018-11-03,252.594
1982,2018-11-04,252.594
1983,2018-11-05,252.594
1984,2018-11-06,252.594
1985,2018-11-07,252.594
1986,2018-11-08,252.594
1987,2018-11-09,252.594
1988,2018-11-10,252.594
1989,2018-11-11,252.594
1990,2018-11-12,252.594
1991,2018-11-13,252.594
1992,2018-11-14,252.594
1993,2018-11-15,252.594
1994,2018-11-16,252.594
1995,2018-11-17,252.594
1996,2018-11-18,252.594
1997,2018-11-19,252.594
1998,2018-11-20,252.594
1999,2018-11-21,252.594
2000,2018-11-22,252.594
2001,2018-11-23,252.594
2002,2018-11-24,252.594
2003,2018-11-25,252.594
2004,2018-11-26,252.594
2005,2018-11-27,252.594
2006,2018-11-28,252.594
2007,2018-11-29,252.594
2008,2018-11-30,252.594
2009,2018-12-01,252.767
2010,2018-12-02,252.767
2011,2018-12-03,252.767
2012,2018-12-04,252.767
2013,2018-12-05,252.767
2014,2018-12-06,252.767
2015,2018-12-07,252.767
2016,2018-12-08,252.767
2017,2018-12-09,252.767
2018,2018-12-10,252.767
2019,2018-12-11,252.767
2020,2018-12-12,252.767
2021,2018-12-13,252.767
2022,2018-12-14,252.767
2023,2018-12-15,252.767
2024,2018-12-16,252.767
2025,2018-12-17,252.767
2026,2018-12-18,252.767
2027,2018-12-19,252.767
2028,2018-12-20,252.767
2029,2018-12-21,252.767
2030,2018-12-22,252.767
2031,2018-12-23,252.767
2032,2018-12-24,252.767
2033,2018-12-25,252.767
2034,2018-12-26,252.767
2035,2018-12-27,252.767
2036,2018-12-28,252.767
2037,2018-12-29,252.767
2038,2018-12-30,252.767
2039,2018-12-31,252.767
2040,2019-01-01,252.718
2041,2019-01-02,252.718
2042,2019-01-03,252.718
2043,2019-01-04,252.718
2044,2019-01-05,252.718
2045,2019-01-06,252.718
2046,2019-01-07,252.718
2047,2019-01-08,252.718
2048,2019-01-09,252.718
2049,2019-01-10,252.718
2050,2019-01-11,252.718
2051,2019-01-12,252.718
2052,2019-01-13,252.718
2053,2019-01-14,252.718
2054,2019-01-15,252.718
2055,2019-01-16,252.718
2056,2019-01-17,252.718
2057,2019-01-18,252.718
2058,2019-01-19,252.718
2059,2019-01-20,252.718
2060,2019-01-21,252.718
2061,2019-01-22,252.718
2062,2019-01-23,252.718
2063,2019-01-24,252.718
2064,2019-01-25,252.718
2065,2019-01-26,252.718
2066,2019-01-27,252.718
2067,2019-01-28,252.718
2068,2019-01-29,252.718
2069,2019-01-30,252.718
2070,2019-01-31,252.718
2071,2019-02-01,253.322
2072,2019-02-02,253.322
2073,2019-02-03,253.322
2074,2019-02-04,253.322
2075,2019-02-05,253.322
2076,2019-02-06,253.322
2077,2019-02-07,253.322
2078,2019-02-08,253.322
2079,2019-02-09,253.322
2080,2019-02-10,253.322
2081,2019-02-11,253.322
2082,2019-02-12,253.322
2083,2019-02-13,253.322
2084,2019-02-14,253.322
2085,2019-02-15,253.322
2086,2019-02-16,253.322
2087,2019-02-17,253.322
2088,2019-02-18,253.322
2089,2019-02-19,253.322
2090,2019-02-20,253.322
2091,2019-02-21,253.322
2092,2019-02-22,253.322
2093,2019-02-23,253.322
2094,2019-02-24,253.322
2095,2019-02-25,253.322
2096,2019-02-26,253.322
2097,2019-02-27,253.322
2098,2019-02-28,253.322
2099,2019-03-01,254.202
2100,2019-03-02,254.202
2101,2019-03-03,254.202
2102,2019-03-04,254.202
2103,2019-03-05,254.202
2104,2019-03-06,254.202
2105,2019-03-07,254.202
2106,2019-03-08,254.202
2107,2019-03-09,254.202
2108,2019-03-10,254.202
2109,2019-03-11,254.202
2110,2019-03-12,254.202
2111,2019-03-13,254.202
2112,2019-03-14,254.202
2113,2019-03-15,254.202
2114,2019-03-16,254.202
2115,2019-03-17,254.202
2116,2019-03-18,254.202
2117,2019-03-19,254.202
2118,2019-03-20,254.202
2119,2019-03-21,254.202
2120,2019-03-22,254.202
2121,2019-03-23,254.202
2122,2019-03-24,254.202
2123,2019-03-25,254.202
2124,2019-03-26,254.202
2125,2019-03-27,254.202
2126,2019-03-28,254.202
2127,2019-03-29,254.202
2128,2019-03-30,254.202
2129,2019-03-31,254.202
2130,2019-04-01,255.211
2131,2019-04-02,255.211
2132,2019-04-03,255.211
2133,2019-04-04,255.211
2134,2019-04-05,255.211
2135,2019-04-06,255.211
2136,2019-04-07,255.211
2137,2019-04-08,255.211
2138,2019-04-09,255.211
2139,2019-04-10,255.211
2140,2019-04-11,255.211
2141,2019-04-12,255.211
2142,2019-04-13,255.211
2143,2019-04-14,255.211
2144,2019-04-15,255.211
2145,2019-04-16,255.211
2146,2019-04-17,255.211
2147,2019-04-18,255.211
2148,2019-04-19,255.211
2149,2019-04-20,255.211
2150,2019-04-21,255.211
2151,2019-04-22,255.211
2152,2019-04-23,255.211
2153,2019-04-24,255.211
2154,2019-04-25,255.211
2155,2019-04-26,255.211
2156,2019-04-27,255.211
2157,2019-04-28,255.211
2158,2019-04-29,255.211
2159,2019-04-30,255.211
2160,2019-05-01,255.29
2161,2019-05-02,255.29
2162,2019-05-03,255.29
2163,2019-05-04,255.29
2164,2019-05-05,255.29
2165,2019-05-06,255.29
2166,2019-05-07,255.29
2167,2019-05-08,255.29
2168,2019-05-09,255.29
2169,2019-05-10,255.29
2170,2019-05-11,255.29
2171,2019-05-12,255.29
2172,2019-05-13,255.29
2173,2019-05-14,255.29
2174,2019-05-15,255.29
2175,2019-05-16,255.29
2176,2019-05-17,255.29
2177,2019-05-18,255.29
2178,2019-05-19,255.29
2179,2019-05-20,255.29
2180,2019-05-21,255.29
2181,2019-05-22,255.29
2182,2019-05-23,255.29
2183,2019-05-24,255.29
2184,2019-05-25,255.29
2185,2019-05-26,255.29
2186,2019-05-27,255.29
2187,2019-05-28,255.29
2188,2019-05-29,255.29
2189,2019-05-30,255.29
2190,2019-05-31,255.29
2191,2019-06-01,255.159
2192,2019-06-02,255.159
2193,2019-06-03,255.159
2194,2019-06-04,255.159
2195,2019-06-05,255.159
2196,2019-06-06,255.159
2197,2019-06-07,255.159
2198,2019-06-08,255.159
2199,2019-06-09,255.159
2200,2019-06-10,255.159
2201,2019-06-11,255.159
2202,2019-06-12,255.159
2203,2019-06-13,255.159
2204,2019-06-14,255.159
2205,2019-06-15,255.159
2206,2019-06-16,255.159
2207,2019-06-17,255.159
2208,2019-06-18,255.159
2209,2019-06-19,255.159
2210,2019-06-20,255.159
2211,2019-06-21,255.159
2212,2019-06-22,255.159
2213,2019-06-23,255.159
2214,2019-06-24,255.159
2215,2019-06-25,255.159
2216,2019-06-26,255.159
2217,2019-06-27,255.159
2218,2019-06-28,255.159
2219,2019-06-29,255.159
2220,2019-06-30,255.159
2221,2019-07-01,255.685
2222,2019-07-02,255.685
2223,2019-07-03,255.685
2224,2019-07-04,255.685
2225,2019-07-05,255.685
2226,2019-07-06,255.685
2227,2019-07-07,255.685
2228,2019-07-08,255.685
2229,2019-07-09,255.685
2230,2019-07-10,255.685
2231,2019-07-11,255.685
2232,2019-07-12,255.685
2233,2019-07-13,255.685
2234,2019-07-14,255.685
2235,2019-07-15,255.685
2236,2019-07-16,255.685
2237,2019-07-17,255.685
2238,2019-07-18,255.685
2239,2019-07-19,255.685
2240,2019-07-20,255.685
2241,2019-07-21,255.685
2242,2019-07-22,255.685
2243,2019-07-23,255.685
2244,2019-07-24,255.685
2245,2019-07-25,255.685
2246,2019-07-26,255.685
2247,2019-07-27,255.685
2248,2019-07-28,255.685
2249,2019-07-29,255.685
2250,2019-07-30,255.685
2251,2019-07-31,255.685
2252,2019-08-01,256.059
2253,2019-08-02,256.059
2254,2019-08-03,256.059
2255,2019-08-04,256.059
2256,2019-08-05,256.059
2257,2019-08-06,256.059
2258,2019-08-07,256.059
2259,2019-08-08,256.059
2260,2019-08-09,256.059
2261,2019-08-10,256.059
2262,2019-08-11,256.059
2263,2019-08-12,256.059
2264,2019-08-13,256.059
2265,2019-08-14,256.059
2266,2019-08-15,256.059
2267,2019-08-16,256.059
2268,2019-08-17,256.059
2269,2019-08-18,256.059
2270,2019-08-19,256.059
2271,2019-08-20,256.059
2272,2019-08-21,256.059
2273,2019-08-22,256.059
2274,2019-08-23,256.059
2275,2019-08-24,256.059
2276,2019-08-25,256.059
2277,2019-08-26,256.059
2278,2019-08-27,256.059
2279,2019-08-28,256.059
2280,2019-08-29,256.059
2281,2019-08-30,256.059
2282,2019-08-31,256.059
2283,2019-09-01,256.511
2284,2019-09-02,256.511
2285,2019-09-03,256.511
2286,2019-09-04,256.511
2287,2019-09-05,256.511
2288,2019-09-06,256.511
2289,2019-09-07,256.511
2290,2019-09-08,256.511
2291,2019-09-09,256.511
2292,2019-09-10,256.511
2293,2019-09-11,256.511
2294,2019-09-12,256.511
2295,2019-09-13,256.511
2296,2019-09-14,256.511
2297,2019-09-15,256.511
2298,2019-09-16,256.511
2299,2019-09-17,256.511
2300,2019-09-18,256.511
2301,2019-09-19,256.511
2302,2019-09-20,256.511
2303,2019-09-21,256.511
2304,2019-09-22,256.511
2305,2019-09-23,256.511
2306,2019-09-24,256.511
2307,2019-09-25,256.511
2308,2019-09-26,256.511
2309,2019-09-27,256.511
2310,2019-09-28,256.511
2311,2019-09-29,256.511
2312,2019-09-30,256.511
2313,2019-10-01,257.244
2314,2019-10-02,257.244
2315,2019-10-03,257.244
2316,2019-10-04,257.244
2317,2019-10-05,257.244
2318,2019-10-06,257.244
2319,2019-10-07,257.244
2320,2019-10-08,257.244
2321,2019-10-09,257.244
2322,2019-10-10,257.244
2323,2019-10-11,257.244
2324,2019-10-12,257.244
2325,2019-10-13,257.244
2326,2019-10-14,257.244
2327,2019-10-15,257.244
2328,2019-10-16,257.244
2329,2019-10-17,257.244
2330,2019-10-18,257.244
2331,2019-10-19,257.244
2332,2019-10-20,257.244
2333,2019-10-21,257.244
2334,2019-10-22,257.244
2335,2019-10-23,257.244
2336,2019-10-24,257.244
2337,2019-10-25,257.244
2338,2019-10-26,257.244
2339,2019-10-27,257.244
2340,2019-10-28,257.244
2341,2019-10-29,257.244
2342,2019-10-30,257.244
2343,2019-10-31,257.244
2344,2019-11-01,257.803
2345,2019-11-02,257.803
2346,2019-11-03,257.803
2347,2019-11-04,257.803
2348,2019-11-05,257.803
2349,2019-11-06,257.803
2350,2019-11-07,257.803
2351,2019-11-08,257.803
2352,2019-11-09,257.803
2353,2019-11-10,257.803
2354,2019-11-11,257.803
2355,2019-11-12,257.803
2356,2019-11-13,257.803
2357,2019-11-14,257.803
2358,2019-11-15,257.803
2359,2019-11-16,257.803
2360,2019-11-17,257.803
2361,2019-11-18,257.803
2362,2019-11-19,257.803
2363,2019-11-20,257.803
2364,2019-11-21,257.803
2365,2019-11-22,257.803
2366,2019-11-23,257.803
2367,2019-11-24,257.803
2368,2019-11-25,257.803
2369,2019-11-26,257.803
2370,2019-11-27,257.803
2371,2019-11-28,257.803
2372,2019-11-29,257.803
2373,2019-11-30,257.803
2374,2019-12-01,258.616
2375,2019-12-02,258.616
2376,2019-12-03,258.616
2377,2019-12-04,258.616
2378,2019-12-05,258.616
2379,2019-12-06,258.616
2380,2019-12-07,258.616
2381,2019-12-08,258.616
2382,2019-12-09,258.616
2383,2019-12-10,258.616
2384,2019-12-11,258.616
2385,2019-12-12,258.616
2386,2019-12-13,258.616
2387,2019-12-14,258.616
2388,2019-12-15,258.616
2389,2019-12-16,258.616
2390,2019-12-17,258.616
2391,2019-12-18,258.616
2392,2019-12-19,258.616
2393,2019-12-20,258.616
2394,2019-12-21,258.616
2395,2019-12-22,258.616
2396,2019-12-23,258.616
2397,2019-12-24,258.616
2398,2019-12-25,258.616
2399,2019-12-26,258.616
2400,2019-12-27,258.616
2401,2019-12-28,258.616
2402,2019-12-29,258.616
2403,2019-12-30,258.616
2404,2019-12-31,258.616
2405,2020-01-01,259.037
2406,2020-01-02,259.037
2407,2020-01-03,259.037
2408,2020-01-04,259.037
2409,2020-01-05,259.037
2410,2020-01-06,259.037
2411,2020-01-07,259.037
2412,2020-01-08,259.037
2413,2020-01-09,259.037
2414,2020-01-10,259.037
2415,2020-01-11,259.037
2416,2020-01-12,259.037
2417,2020-01-13,259.037
2418,2020-01-14,259.037
2419,2020-01-15,259.037
2420,2020-01-16,259.037
2421,2020-01-17,259.037
2422,2020-01-18,259.037
2423,2020-01-19,259.037
2424,2020-01-20,259.037
2425,2020-01-21,259.037
2426,2020-01-22,259.037
2427,2020-01-23,259.037
2428,2020-01-24,259.037
2429,2020-01-25,259.037
2430,2020-01-26,259.037
2431,2020-01-27,259.037
2432,2020-01-28,259.037
2433,2020-01-29,259.037
2434,2020-01-30,259.037
2435,2020-01-31,259.037
2436,2020-02-01,259.248
2437,2020-02-02,259.248
2438,2020-02-03,259.248
2439,2020-02-04,259.248
2440,2020-02-05,259.248
2441,2020-02-06,259.248
2442,2020-02-07,259.248
2443,2020-02-08,259.248
2444,2020-02-09,259.248
2445,2020-02-10,259.248
2446,2020-02-11,259.248
2447,2020-02-12,259.248
2448,2020-02-13,259.248
2449,2020-02-14,259.248
2450,2020-02-15,259.248
2451,2020-02-16,259.248
2452,2020-02-17,259.248
2453,2020-02-18,259.248
2454,2020-02-19,259.248
2455,2020-02-20,259.248
2456,2020-02-21,259.248
2457,2020-02-22,259.248
2458,2020-02-23,259.248
2459,2020-02-24,259.248
2460,2020-02-25,259.248
2461,2020-02-26,259.248
2462,2020-02-27,259.248
2463,2020-02-28,259.248
2464,2020-02-29,259.248
2465,2020-03-01,258.124
2466,2020-03-02,258.124
2467,2020-03-03,258.124
2468,2020-03-04,258.124
2469,2020-03-05,258.124
2470,2020-03-06,258.124
2471,2020-03-07,258.124
2472,2020-03-08,258.124
2473,2020-03-09,258.124
2474,2020-03-10,258.124
2475,2020-03-11,258.124
2476,2020-03-12,258.124
2477,2020-03-13,258.124
2478,2020-03-14,258.124
2479,2020-03-15,258.124
2480,2020-03-16,258.124
2481,2020-03-17,258.124
2482,2020-03-18,258.124
2483,2020-03-19,258.124
2484,2020-03-20,258.124
2485,2020-03-21,258.124
2486,2020-03-22,258.124
2487,2020-03-23,258.124
2488,2020-03-24,258.124
2489,2020-03-25,258.124
2490,2020-03-26,258.124
2491,2020-03-27,258.124
2492,2020-03-28,258.124
2493,2020-03-29,258.124
2494,2020-03-30,258.124
2495,2020-03-31,258.124
2496,2020-04-01,256.092
2497,2020-04-02,256.092
2498,2020-04-03,256.092
2499,2020-04-04,256.092
2500,2020-04-05,256.092
2501,2020-04-06,256.092
2502,2020-04-07,256.092
2503,2020-04-08,256.092
2504,2020-04-09,256.092
2505,2020-04-10,256.092
2506,2020-04-11,256.092
2507,2020-04-12,256.092
2508,2020-04-13,256.092
2509,2020-04-14,256.092
2510,2020-04-15,256.092
2511,2020-04-16,256.092
2512,2020-04-17,256.092
2513,2020-04-18,256.092
2514,2020-04-19,256.092
2515,2020-04-20,256.092
2516,2020-04-21,256.092
2517,2020-04-22,256.092
2518,2020-04-23,256.092
2519,2020-04-24,256.092
2520,2020-04-25,256.092
2521,2020-04-26,256.092
2522,2020-04-27,256.092
2523,2020-04-28,256.092
2524,2020-04-29,256.092
2525,2020-04-30,256.092
2526,2020-05-01,255.868
2527,2020-05-02,255.868
2528,2020-05-03,255.868
2529,2020-05-04,255.868
2530,2020-05-05,255.868
2531,2020-05-06,255.868
2532,2020-05-07,255.868
2533,2020-05-08,255.868
2534,2020-05-09,255.868
2535,2020-05-10,255.868
2536,2020-05-11,255.868
2537,2020-05-12,255.868
2538,2020-05-13,255.868
2539,2020-05-14,255.868
2540,2020-05-15,255.868
2541,2020-05-16,255.868
2542,2020-05-17,255.868
2543,2020-05-18,255.868
2544,2020-05-19,255.868
2545,2020-05-20,255.868
2546,2020-05-21,255.868
2547,2020-05-22,255.868
2548,2020-05-23,255.868
2549,2020-05-24,255.868
2550,2020-05-25,255.868
2551,2020-05-26,255.868
2552,2020-05-27,255.868
2553,2020-05-28,255.868
2554,2020-05-29,255.868
2555,2020-05-30,255.868
2556,2020-05-31,255.868
2557,2020-06-01,256.986
2558,2020-06-02,256.986
2559,2020-06-03,256.986
2560,2020-06-04,256.986
2561,2020-06-05,256.986
2562,2020-06-06,256.986
2563,2020-06-07,256.986
2564,2020-06-08,256.986
2565,2020-06-09,256.986
2566,2020-06-10,256.986
2567,2020-06-11,256.986
2568,2020-06-12,256.986
2569,2020-06-13,256.986
2570,2020-06-14,256.986
2571,2020-06-15,256.986
2572,2020-06-16,256.986
2573,2020-06-17,256.986
2574,2020-06-18,256.986
2575,2020-06-19,256.986
2576,2020-06-20,256.986
2577,2020-06-21,256.986
2578,2020-06-22,256.986
2579,2020-06-23,256.986
2580,2020-06-24,256.986
2581,2020-06-25,256.986
2582,2020-06-26,256.986
2583,2020-06-27,256.986
2584,2020-06-28,256.986
2585,2020-06-29,256.986
2586,2020-06-30,256.986
2587,2020-07-01,258.278
2588,2020-07-02,258.278
2589,2020-07-03,258.278
2590,2020-07-04,258.278
2591,2020-07-05,258.278
2592,2020-07-06,258.278
2593,2020-07-07,258.278
2594,2020-07-08,258.278
2595,2020-07-09,258.278
2596,2020-07-10,258.278
2597,2020-07-11,258.278
2598,2020-07-12,258.278
2599,2020-07-13,258.278
2600,2020-07-14,258.278
2601,2020-07-15,258.278
2602,2020-07-16,258.278
2603,2020-07-17,258.278
2604,2020-07-18,258.278
2605,2020-07-19,258.278
2606,2020-07-20,258.278
2607,2020-07-21,258.278
2608,2020-07-22,258.278
2609,2020-07-23,258.278
2610,2020-07-24,258.278
2611,2020-07-25,258.278
2612,2020-07-26,258.278
2613,2020-07-27,258.278
2614,2020-07-28,258.278
2615,2020-07-29,258.278
2616,2020-07-30,258.278
2617,2020-07-31,258.278
2618,2020-08-01,259.411
2619,2020-08-02,259.411
2620,2020-08-03,259.411
2621,2020-08-04,259.411
2622,2020-08-05,259.411
2623,2020-08-06,259.411
2624,2020-08-07,259.411
2625,2020-08-08,259.411
2626,2020-08-09,259.411
2627,2020-08-10,259.411
2628,2020-08-11,259.411
2629,2020-08-12,259.411
2630,2020-08-13,259.411
2631,2020-08-14,259.411
2632,2020-08-15,259.411
2633,2020-08-16,259.411
2634,2020-08-17,259.411
2635,2020-08-18,259.411
2636,2020-08-19,259.411
2637,2020-08-20,259.411
2638,2020-08-21,259.411
2639,2020-08-22,259.411
2640,2020-08-23,259.411
2641,2020-08-24,259.411
2642,2020-08-25,259.411
2643,2020-08-26,259.411
2644,2020-08-27,259.411
2645,2020-08-28,259.411
2646,2020-08-29,259.411
2647,2020-08-30,259.411
2648,2020-08-31,259.411
2649,2020-09-01,260.029
2650,2020-09-02,260.029
2651,2020-09-03,260.029
2652,2020-09-04,260.029
2653,2020-09-05,260.029
2654,2020-09-06,260.029
2655,2020-09-07,260.029
2656,2020-09-08,260.029
2657,2020-09-09,260.029
2658,2020-09-10,260.029
2659,2020-09-11,260.029
2660,2020-09-12,260.029
2661,2020-09-13,260.029
2662,2020-09-14,260.029
2663,2020-09-15,260.029
2664,2020-09-16,260.029
2665,2020-09-17,260.029
2666,2020-09-18,260.029
2667,2020-09-19,260.029
2668,2020-09-20,260.029
2669,2020-09-21,260.029
2670,2020-09-22,260.029
2671,2020-09-23,260.029
2672,2020-09-24,260.029
2673,2020-09-25,260.029
2674,2020-09-26,260.029
2675,2020-09-27,260.029
2676,2020-09-28,260.029
2677,2020-09-29,260.029
2678,2020-09-30,260.029
2679,2020-10-01,260.286
2680,2020-10-02,260.286
2681,2020-10-03,260.286
2682,2020-10-04,260.286
2683,2020-10-05,260.286
2684,2020-10-06,260.286
2685,2020-10-07,260.286
2686,2020-10-08,260.286
2687,2020-10-09,260.286
2688,2020-10-10,260.286
2689,2020-10-11,260.286
2690,2020-10-12,260.286
2691,2020-10-13,260.286
2692,2020-10-14,260.286
2693,2020-10-15,260.286
2694,2020-10-16,260.286
2695,2020-10-17,260.286
2696,2020-10-18,260.286
2697,2020-10-19,260.286
2698,2020-10-20,260.286
2699,2020-10-21,260.286
2700,2020-10-22,260.286
2701,2020-10-23,260.286
2702,2020-10-24,260.286
2703,2020-10-25,260.286
2704,2020-10-26,260.286
2705,2020-10-27,260.286
2706,2020-10-28,260.286
2707,2020-10-29,260.286
2708,2020-10-30,260.286
2709,2020-10-31,260.286
2710,2020-11-01,260.813
2711,2020-11-02,260.813
2712,2020-11-03,260.813
2713,2020-11-04,260.813
2714,2020-11-05,260.813
2715,2020-11-06,260.813
2716,2020-11-07,260.813
2717,2020-11-08,260.813
2718,2020-11-09,260.813
2719,2020-11-10,260.813
2720,2020-11-11,260.813
2721,2020-11-12,260.813
2722,2020-11-13,260.813
2723,2020-11-14,260.813
2724,2020-11-15,260.813
2725,2020-11-16,260.813
2726,2020-11-17,260.813
2727,2020-11-18,260.813
2728,2020-11-19,260.813
2729,2020-11-20,260.813
2730,2020-11-21,260.813
2731,2020-11-22,260.813
2732,2020-11-23,260.813
2733,2020-11-24,260.813
2734,2020-11-25,260.813
2735,2020-11-26,260.813
2736,2020-11-27,260.813
2737,2020-11-28,260.813
2738,2020-11-29,260.813
2739,2020-11-30,260.813
2740,2020-12-01,262.035
2741,2020-12-02,262.035
2742,2020-12-03,262.035
2743,2020-12-04,262.035
2744,2020-12-05,262.035
2745,2020-12-06,262.035
2746,2020-12-07,262.035
2747,2020-12-08,262.035
2748,2020-12-09,262.035
2749,2020-12-10,262.035
2750,2020-12-11,262.035
2751,2020-12-12,262.035
2752,2020-12-13,262.035
2753,2020-12-14,262.035
2754,2020-12-15,262.035
2755,2020-12-16,262.035
2756,2020-12-17,262.035
2757,2020-12-18,262.035
2758,2020-12-19,262.035
2759,2020-12-20,262.035
2760,2020-12-21,262.035
2761,2020-12-22,262.035
2762,2020-12-23,262.035
2763,2020-12-24,262.035
2764,2020-12-25,262.035
2765,2020-12-26,262.035
2766,2020-12-27,262.035
2767,2020-12-28,262.035
2768,2020-12-29,262.035
2769,2020-12-30,262.035
2770,2020-12-31,262.035
2771,2021-01-01,262.65
2772,2021-01-02,262.65
2773,2021-01-03,262.65
2774,2021-01-04,262.65
2775,2021-01-05,262.65
2776,2021-01-06,262.65
2777,2021-01-07,262.65
2778,2021-01-08,262.65
2779,2021-01-09,262.65
2780,2021-01-10,262.65
2781,2021-01-11,262.65
2782,2021-01-12,262.65
2783,2021-01-13,262.65
2784,2021-01-14,262.65
2785,2021-01-15,262.65
2786,2021-01-16,262.65
2787,2021-01-17,262.65
2788,2021-01-18,262.65
2789,2021-01-19,262.65
2790,2021-01-20,262.65
2791,2021-01-21,262.65
2792,2021-01-22,262.65
2793,2021-01-23,262.65
2794,2021-01-24,262.65
2795,2021-01-25,262.65
2796,2021-01-26,262.65
2797,2021-01-27,262.65
2798,2021-01-28,262.65
2799,2021-01-29,262.65
2800,2021-01-30,262.65
2801,2021-01-31,262.65
2802,2021-02-01,263.638
2803,2021-02-02,263.638
2804,2021-02-03,263.638
2805,2021-02-04,263.638
2806,2021-02-05,263.638
2807,2021-02-06,263.638
2808,2021-02-07,263.638
2809,2021-02-08,263.638
2810,2021-02-09,263.638
2811,2021-02-10,263.638
2812,2021-02-11,263.638
2813,2021-02-12,263.638
2814,2021-02-13,263.638
2815,2021-02-14,263.638
2816,2021-02-15,263.638
2817,2021-02-16,263.638
2818,2021-02-17,263.638
2819,2021-02-18,263.638
2820,2021-02-19,263.638
2821,2021-02-20,263.638
2822,2021-02-21,263.638
2823,2021-02-22,263.638
2824,2021-02-23,263.638
2825,2021-02-24,263.638
2826,2021-02-25,263.638
2827,2021-02-26,263.638
2828,2021-02-27,263.638
2829,2021-02-28,263.638
2830,2021-03-01,264.914
2831,2021-03-02,264.914
2832,2021-03-03,264.914
2833,2021-03-04,264.914
2834,2021-03-05,264.914
2835,2021-03-06,264.914
2836,2021-03-07,264.914
2837,2021-03-08,264.914
2838,2021-03-09,264.914
2839,2021-03-10,264.914
2840,2021-03-11,264.914
2841,2021-03-12,264.914
2842,2021-03-13,264.914
2843,2021-03-14,264.914
2844,2021-03-15,264.914
2845,2021-03-16,264.914
2846,2021-03-17,264.914
2847,2021-03-18,264.914
2848,2021-03-19,264.914
2849,2021-03-20,264.914
2850,2021-03-21,264.914
2851,2021-03-22,264.914
2852,2021-03-23,264.914
2853,2021-03-24,264.914
2854,2021-03-25,264.914
2855,2021-03-26,264.914
2856,2021-03-27,264.914
2857,2021-03-28,264.914
2858,2021-03-29,264.914
2859,2021-03-30,264.914
2860,2021-03-31,264.914
2861,2021-04-01,266.67
2862,2021-04-02,266.67
2863,2021-04-03,266.67
2864,2021-04-04,266.67
2865,2021-04-05,266.67
2866,2021-04-06,266.67
2867,2021-04-07,266.67
2868,2021-04-08,266.67
2869,2021-04-09,266.67
2870,2021-04-10,266.67
2871,2021-04-11,266.67
2872,2021-04-12,266.67
2873,2021-04-13,266.67
2874,2021-04-14,266.67
2875,2021-04-15,266.67
2876,2021-04-16,266.67
2877,2021-04-17,266.67
2878,2021-04-18,266.67
2879,2021-04-19,266.67
2880,2021-04-20,266.67
2881,2021-04-21,266.67
2882,2021-04-22,266.67
2883,2021-04-23,266.67
2884,2021-04-24,266.67
2885,2021-04-25,266.67
2886,2021-04-26,266.67
2887,2021-04-27,266.67
2888,2021-04-28,266.67
2889,2021-04-29,266.67
2890,2021-04-30,266.67
2891,2021-05-01,268.444
2892,2021-05-02,268.444
2893,2021-05-03,268.444
2894,2021-05-04,268.444
2895,2021-05-05,268.444
2896,2021-05-06,268.444
2897,2021-05-07,268.444
2898,2021-05-08,268.444
2899,2021-05-09,268.444
2900,2021-05-10,268.444
2901,2021-05-11,268.444
2902,2021-05-12,268.444
2903,2021-05-13,268.444
2904,2021-05-14,268.444
2905,2021-05-15,268.444
2906,2021-05-16,268.444
2907,2021-05-17,268.444
2908,2021-05-18,268.444
2909,2021-05-19,268.444
2910,2021-05-20,268.444
2911,2021-05-21,268.444
2912,2021-05-22,268.444
2913,2021-05-23,268.444
2914,2021-05-24,268.444
2915,2021-05-25,268.444
2916,2021-05-26,268.444
2917,2021-05-27,268.444
2918,2021-05-28,268.444
2919,2021-05-29,268.444
2920,2021-05-30,268.444
2921,2021-05-31,268.444
2922,2021-06-01,270.559
2923,2021-06-02,270.559
2924,2021-06-03,270.559
2925,2021-06-04,270.559
2926,2021-06-05,270.559
2927,2021-06-06,270.559
2928,2021-06-07,270.559
2929,2021-06-08,270.559
2930,2021-06-09,270.559
2931,2021-06-10,270.559
2932,2021-06-11,270.559
2933,2021-06-12,270.559
2934,2021-06-13,270.559
2935,2021-06-14,270.559
2936,2021-06-15,270.559
2937,2021-06-16,270.559
2938,2021-06-17,270.559
2939,2021-06-18,270.559
2940,2021-06-19,270.559
2941,2021-06-20,270.559
2942,2021-06-21,270.559
2943,2021-06-22,270.559
2944,2021-06-23,270.559
2945,2021-06-24,270.559
2946,2021-06-25,270.559
2947,2021-06-26,270.559
2948,2021-06-27,270.559
2949,2021-06-28,270.559
2950,2021-06-29,270.559
2951,2021-06-30,270.559
2952,2021-07-01,271.764
2953,2021-07-02,271.764
2954,2021-07-03,271.764
2955,2021-07-04,271.764
2956,2021-07-05,271.764
2957,2021-07-06,271.764
2958,2021-07-07,271.764
2959,2021-07-08,271.764
2960,2021-07-09,271.764
2961,2021-07-10,271.764
2962,2021-07-11,271.764
2963,2021-07-12,271.764
2964,2021-07-13,271.764
2965,2021-07-14,271.764
2966,2021-07-15,271.764
2967,2021-07-16,271.764
2968,2021-07-17,271.764
2969,2021-07-18,271.764
2970,2021-07-19,271.764
2971,2021-07-20,271.764
2972,2021-07-21,271.764
2973,2021-07-22,271.764
2974,2021-07-23,271.764
2975,2021-07-24,271.764
2976,2021-07-25,271.764
2977,2021-07-26,271.764
2978,2021-07-27,271.764
2979,2021-07-28,271.764
2980,2021-07-29,271.764
2981,2021-07-30,271.764
2982,2021-07-31,271.764
2983,2021-08-01,272.87
2984,2021-08-02,272.87
2985,2021-08-03,272.87
2986,2021-08-04,272.87
2987,2021-08-05,272.87
2988,2021-08-06,272.87
2989,2021-08-07,272.87
2990,2021-08-08,272.87
2991,2021-08-09,272.87
2992,2021-08-10,272.87
2993,2021-08-11,272.87
2994,2021-08-12,272.87
2995,2021-08-13,272.87
2996,2021-08-14,272.87
2997,2021-08-15,272.87
2998,2021-08-16,272.87
2999,2021-08-17,272.87
3000,2021-08-18,272.87
3001,2021-08-19,272.87
3002,2021-08-20,272.87
3003,2021-08-21,272.87
3004,2021-08-22,272.87
3005,2021-08-23,272.87
3006,2021-08-24,272.87
3007,2021-08-25,272.87
3008,2021-08-26,272.87
3009,2021-08-27,272.87
3010,2021-08-28,272.87
3011,2021-08-29,272.87
3012,2021-08-30,272.87
3013,2021-08-31,272.87
3014,2021-09-01,274.028
3015,2021-09-02,274.028
3016,2021-09-03,274.028
3017,2021-09-04,274.028
3018,2021-09-05,274.028
3019,2021-09-06,274.028
3020,2021-09-07,274.028
3021,2021-09-08,274.028
3022,2021-09-09,274.028
3023,2021-09-10,274.028
3024,2021-09-11,274.028
3025,2021-09-12,274.028
3026,2021-09-13,274.028
3027,2021-09-14,274.028
3028,2021-09-15,274.028
3029,2021-09-16,274.028
3030,2021-09-17,274.028
3031,2021-09-18,274.028
3032,2021-09-19,274.028
3033,2021-09-20,274.028
3034,2021-09-21,274.028
3035,2021-09-22,274.028
3036,2021-09-23,274.028
3037,2021-09-24,274.028
3038,2021-09-25,274.028
3039,2021-09-26,274.028
3040,2021-09-27,274.028
3041,2021-09-28,274.028
3042,2021-09-29,274.028
3043,2021-09-30,274.028
3044,2021-10-01,276.522
3045,2021-10-02,276.522
3046,2021-10-03,276.522
3047,2021-10-04,276.522
3048,2021-10-05,276.522
3049,2021-10-06,276.522
3050,2021-10-07,276.522
3051,2021-10-08,276.522
3052,2021-10-09,276.522
3053,2021-10-10,276.522
3054,2021-10-11,276.522
3055,2021-10-12,276.522
3056,2021-10-13,276.522
3057,2021-10-14,276.522
3058,2021-10-15,276.522
3059,2021-10-16,276.522
3060,2021-10-17,276.522
3061,2021-10-18,276.522
3062,2021-10-19,276.522
3063,2021-10-20,276.522
3064,2021-10-21,276.522
3065,2021-10-22,276.522
3066,2021-10-23,276.522
3067,2021-10-24,276.522
3068,2021-10-25,276.522
3069,2021-10-26,276.522
3070,2021-10-27,276.522
3071,2021-10-28,276.522
3072,2021-10-29,276.522
3073,2021-10-30,276.522
3074,2021-10-31,276.522
3075,2021-11-01,278.711
3076,2021-11-02,278.711
3077,2021-11-03,278.711
3078,2021-11-04,278.711
3079,2021-11-05,278.711
3080,2021-11-06,278.711
3081,2021-11-07,278.711
3082,2021-11-08,278.711
3083,2021-11-09,278.711
3084,2021-11-10,278.711
3085,2021-11-11,278.711
3086,2021-11-12,278.711
3087,2021-11-13,278.711
3088,2021-11-14,278.711
3089,2021-11-15,278.711
3090,2021-11-16,278.711
3091,2021-11-17,278.711
3092,2021-11-18,278.711
3093,2021-11-19,278.711
3094,2021-11-20,278.711
3095,2021-11-21,278.711
3096,2021-11-22,278.711
3097,2021-11-23,278.711
3098,2021-11-24,278.711
3099,2021-11-25,278.711
3100,2021-11-26,278.711
3101,2021-11-27,278.711
3102,2021-11-28,278.711
3103,2021-11-29,278.711
3104,2021-11-30,278.711
3105,2021-12-01,280.887
3106,2021-12-02,280.887
3107,2021-12-03,280.887
3108,2021-12-04,280.887
3109,2021-12-05,280.887
3110,2021-12-06,280.887
3111,2021-12-07,280.887
3112,2021-12-08,280.887
3113,2021-12-09,280.887
3114,2021-12-10,280.887
3115,2021-12-11,280.887
3116,2021-12-12,280.887
3117,2021-12-13,280.887
3118,2021-12-14,280.887
3119,2021-12-15,280.887
3120,2021-12-16,280.887
3121,2021-12-17,280.887
3122,2021-12-18,280.887
3123,2021-12-19,280.887
3124,2021-12-20,280.887
3125,2021-12-21,280.887
3126,2021-12-22,280.887
3127,2021-12-23,280.887
3128,2021-12-24,280.887
3129,2021-12-25,280.887
3130,2021-12-26,280.887
3131,2021-12-27,280.887
3132,2021-12-28,280.887
3133,2021-12-29,280.887
3134,2021-12-30,280.887
3135,2021-12-31,280.887
3136,2022-01-01,282.599
3137,2022-01-02,282.599
3138,2022-01-03,282.599
3139,2022-01-04,282.599
3140,2022-01-05,282.599
3141,2022-01-06,282.599
3142,2022-01-07,282.599
3143,2022-01-08,282.599
3144,2022-01-09,282.599
3145,2022-01-10,282.599
3146,2022-01-11,282.599
3147,2022-01-12,282.599
3148,2022-01-13,282.599
3149,2022-01-14,282.599
3150,2022-01-15,282.599
3151,2022-01-16,282.599
3152,2022-01-17,282.599
3153,2022-01-18,282.599
3154,2022-01-19,282.599
3155,2022-01-20,282.599
3156,2022-01-21,282.599
3157,2022-01-22,282.599
3158,2022-01-23,282.599
3159,2022-01-24,282.599
3160,2022-01-25,282.599
3161,2022-01-26,282.599
3162,2022-01-27,282.599
3163,2022-01-28,282.599
3164,2022-01-29,282.599
3165,2022-01-30,282.599
3166,2022-01-31,282.599
3167,2022-02-01,284.61
3168,2022-02-02,284.61
3169,2022-02-03,284.61
3170,2022-02-04,284.61
3171,2022-02-05,284.61
3172,2022-02-06,284.61
3173,2022-02-07,284.61
3174,2022-02-08,284.61
3175,2022-02-09,284.61
3176,2022-02-10,284.61
3177,2022-02-11,284.61
3178,2022-02-12,284.61
3179,2022-02-13,284.61
3180,2022-02-14,284.61
3181,2022-02-15,284.61
3182,2022-02-16,284.61
3183,2022-02-17,284.61
3184,2022-02-18,284.61
3185,2022-02-19,284.61
3186,2022-02-20,284.61
3187,2022-02-21,284.61
3188,2022-02-22,284.61
3189,2022-02-23,284.61
3190,2022-02-24,284.61
3191,2022-02-25,284.61
3192,2022-02-26,284.61
3193,2022-02-27,284.61
3194,2022-02-28,284.61
3195,2022-03-01,287.472
3196,2022-03-02,287.472
3197,2022-03-03,287.472
3198,2022-03-04,287.472
3199,2022-03-05,287.472
3200,2022-03-06,287.472
3201,2022-03-07,287.472
3202,2022-03-08,287.472
3203,2022-03-09,287.472
3204,2022-03-10,287.472
3205,2022-03-11,287.472
3206,2022-03-12,287.472
3207,2022-03-13,287.472
3208,2022-03-14,287.472
3209,2022-03-15,287.472
3210,2022-03-16,287.472
3211,2022-03-17,287.472
3212,2022-03-18,287.472
3213,2022-03-19,287.472
3214,2022-03-20,287.472
3215,2022-03-21,287.472
3216,2022-03-22,287.472
3217,2022-03-23,287.472
3218,2022-03-24,287.472
3219,2022-03-25,287.472
3220,2022-03-26,287.472
3221,2022-03-27,287.472
3222,2022-03-28,287.472
3223,2022-03-29,287.472
3224,2022-03-30,287.472
3225,2022-03-31,287.472
3226,2022-04-01,288.611
3227,2022-04-02,288.611
3228,2022-04-03,288.611
3229,2022-04-04,288.611
3230,2022-04-05,288.611
3231,2022-04-06,288.611
3232,2022-04-07,288.611
3233,2022-04-08,288.611
3234,2022-04-09,288.611
3235,2022-04-10,288.611
3236,2022-04-11,288.611
3237,2022-04-12,288.611
3238,2022-04-13,288.611
3239,2022-04-14,288.611
3240,2022-04-15,288.611
3241,2022-04-16,288.611
3242,2022-04-17,288.611
3243,2022-04-18,288.611
3244,2022-04-19,288.611
3245,2022-04-20,288.611
3246,2022-04-21,288.611
3247,2022-04-22,288.611
3248,2022-04-23,288.611
3249,2022-04-24,288.611
3250,2022-04-25,288.611
3251,2022-04-26,288.611
3252,2022-04-27,288.611
3253,2022-04-28,288.611
3254,2022-04-29,288.611
3255,2022-04-30,288.611
3256,2022-05-01,291.268
3257,2022-05-02,291.268
3258,2022-05-03,291.268
3259,2022-05-04,291.268
3260,2022-05-05,291.268
3261,2022-05-06,291.268
3262,2022-05-07,291.268
3263,2022-05-08,291.268
3264,2022-05-09,291.268
3265,2022-05-10,291.268
3266,2022-05-11,291.268
3267,2022-05-12,291.268
3268,2022-05-13,291.268
3269,2022-05-14,291.268
3270,2022-05-15,291.268
3271,2022-05-16,291.268
3272,2022-05-17,291.268
3273,2022-05-18,291.268
3274,2022-05-19,291.268
3275,2022-05-20,291.268
3276,2022-05-21,291.268
3277,2022-05-22,291.268
3278,2022-05-23,291.268
3279,2022-05-24,291.268
3280,2022-05-25,291.268
3281,2022-05-26,291.268
3282,2022-05-27,291.268
3283,2022-05-28,291.268
3284,2022-05-29,291.268
3285,2022-05-30,291.268
3286,2022-05-31,291.268
3287,2022-06-01,294.728
3288,2022-06-02,294.728
3289,2022-06-03,294.728
3290,2022-06-04,294.728
3291,2022-06-05,294.728
3292,2022-06-06,294.728
3293,2022-06-07,294.728
3294,2022-06-08,294.728
3295,2022-06-09,294.728
3296,2022-06-10,294.728
3297,2022-06-11,294.728
3298,2022-06-12,294.728
3299,2022-06-13,294.728
3300,2022-06-14,294.728
3301,2022-06-15,294.728
3302,2022-06-16,294.728
3303,2022-06-17,294.728
3304,2022-06-18,294.728
3305,2022-06-19,294.728
3306,2022-06-20,294.728
3307,2022-06-21,294.728
3308,2022-06-22,294.728
3309,2022-06-23,294.728
3310,2022-06-24,294.728
3311,2022-06-25,294.728
3312,2022-06-26,294.728
3313,2022-06-27,294.728
3314,2022-06-28,294.728
3315,2022-06-29,294.728
3316,2022-06-30,294.728
3317,2022-07-01,294.628
3318,2022-07-02,294.628
3319,2022-07-03,294.628
3320,2022-07-04,294.628
3321,2022-07-05,294.628
3322,2022-07-06,294.628
3323,2022-07-07,294.628
3324,2022-07-08,294.628
3325,2022-07-09,294.628
3326,2022-07-10,294.628
3327,2022-07-11,294.628
3328,2022-07-12,294.628
3329,2022-07-13,294.628
3330,2022-07-14,294.628
3331,2022-07-15,294.628
3332,2022-07-16,294.628
3333,2022-07-17,294.628
3334,2022-07-18,294.628
3335,2022-07-19,294.628
3336,2022-07-20,294.628
3337,2022-07-21,294.628
3338,2022-07-22,294.628
3339,2022-07-23,294.628
3340,2022-07-24,294.628
3341,2022-07-25,294.628
3342,2022-07-26,294.628
3343,2022-07-27,294.628
3344,2022-07-28,294.628
3345,2022-07-29,294.628
3346,2022-07-30,294.628
3347,2022-07-31,294.628
3348,2022-08-01,295.32
3349,2022-08-02,295.32
3350,2022-08-03,295.32
3351,2022-08-04,295.32
3352,2022-08-05,295.32
3353,2022-08-06,295.32
3354,2022-08-07,295.32
3355,2022-08-08,295.32
3356,2022-08-09,295.32
3357,2022-08-10,295.32
3358,2022-08-11,295.32
3359,2022-08-12,295.32
3360,2022-08-13,295.32
3361,2022-08-14,295.32
3362,2022-08-15,295.32
3363,2022-08-16,295.32
3364,2022-08-17,295.32
3365,2022-08-18,295.32
3366,2022-08-19,295.32
3367,2022-08-20,295.32
3368,2022-08-21,295.32
3369,2022-08-22,295.32
3370,2022-08-23,295.32
3371,2022-08-24,295.32
3372,2022-08-25,295.32
3373,2022-08-26,295.32
3374,2022-08-27,295.32
3375,2022-08-28,295.32
3376,2022-08-29,295.32
3377,2022-08-30,295.32
3378,2022-08-31,295.32
3379,2022-09-01,296.539
3380,2022-09-02,296.539
3381,2022-09-03,296.539
3382,2022-09-04,296.539
3383,2022-09-05,296.539
3384,2022-09-06,296.539
3385,2022-09-07,296.539
3386,2022-09-08,296.539
3387,2022-09-09,296.539
3388,2022-09-10,296.539
3389,2022-09-11,296.539
3390,2022-09-12,296.539
3391,2022-09-13,296.539
3392,2022-09-14,296.539
3393,2022-09-15,296.539
3394,2022-09-16,296.539
3395,2022-09-17,296.539
3396,2022-09-18,296.539
3397,2022-09-19,296.539
3398,2022-09-20,296.539
3399,2022-09-21,296.539
3400,2022-09-22,296.539
3401,2022-09-23,296.539
3402,2022-09-24,296.539
3403,2022-09-25,296.539
3404,2022-09-26,296.539
3405,2022-09-27,296.539
3406,2022-09-28,296.539
3407,2022-09-29,296.539
3408,2022-09-30,296.539
3409,2022-10-01,297.987
3410,2022-10-02,297.987
3411,2022-10-03,297.987
3412,2022-10-04,297.987
3413,2022-10-05,297.987
3414,2022-10-06,297.987
3415,2022-10-07,297.987
3416,2022-10-08,297.987
3417,2022-10-09,297.987
3418,2022-10-10,297.987
3419,2022-10-11,297.987
3420,2022-10-12,297.987
3421,2022-10-13,297.987
3422,2022-10-14,297.987
3423,2022-10-15,297.987
3424,2022-10-16,297.987
3425,2022-10-17,297.987
3426,2022-10-18,297.987
3427,2022-10-19,297.987
3428,2022-10-20,297.987
3429,2022-10-21,297.987
3430,2022-10-22,297.987
3431,2022-10-23,297.987
3432,2022-10-24,297.987
3433,2022-10-25,297.987
3434,2022-10-26,297.987
3435,2022-10-27,297.987
3436,2022-10-28,297.987
3437,2022-10-29,297.987
3438,2022-10-30,297.987
3439,2022-10-31,297.987
3440,2022-11-01,298.598
3441,2022-11-02,298.598
3442,2022-11-03,298.598
3443,2022-11-04,298.598
3444,2022-11-05,298.598
3445,2022-11-06,298.598
3446,2022-11-07,298.598
3447,2022-11-08,298.598
3448,2022-11-09,298.598
3449,2022-11-10,298.598
3450,2022-11-11,298.598
3451,2022-11-12,298.598
3452,2022-11-13,298.598
3453,2022-11-14,298.598
3454,2022-11-15,298.598
3455,2022-11-16,298.598
3456,2022-11-17,298.598
3457,2022-11-18,298.598
3458,2022-11-19,298.598
3459,2022-11-20,298.598
3460,2022-11-21,298.598
3461,2022-11-22,298.598
3462,2022-11-23,298.598
3463,2022-11-24,298.598
3464,2022-11-25,298.598
3465,2022-11-26,298.598
3466,2022-11-27,298.598
3467,2022-11-28,298.598
3468,2022-11-29,298.598
3469,2022-11-30,298.598
3470,2022-12-01,298.99
3471,2022-12-02,298.99
3472,2022-12-03,298.99
3473,2022-12-04,298.99
3474,2022-12-05,298.99
3475,2022-12-06,298.99
3476,2022-12-07,298.99
3477,2022-12-08,298.99
3478,2022-12-09,298.99
3479,2022-12-10,298.99
3480,2022-12-11,298.99
3481,2022-12-12,298.99
3482,2022-12-13,298.99
3483,2022-12-14,298.99
3484,2022-12-15,298.99
3485,2022-12-16,298.99
3486,2022-12-17,298.99
3487,2022-12-18,298.99
3488,2022-12-19,298.99
3489,2022-12-20,298.99
3490,2022-12-21,298.99
3491,2022-12-22,298.99
3492,2022-12-23,298.99
3493,2022-12-24,298.99
3494,2022-12-25,298.99
3495,2022-12-26,298.99
3496,2022-12-27,298.99
3497,2022-12-28,298.99
3498,2022-12-29,298.99
3499,2022-12-30,298.99
3500,2022-12-31,298.99
3501,2023-01-01,300.536
3502,2023-01-02,300.536
3503,2023-01-03,300.536
3504,2023-01-04,300.536
3505,2023-01-05,300.536
3506,2023-01-06,300.536
3507,2023-01-07,300.536
3508,2023-01-08,300.536
3509,2023-01-09,300.536
3510,2023-01-10,300.536
3511,2023-01-11,300.536
3512,2023-01-12,300.536
3513,2023-01-13,300.536
3514,2023-01-14,300.536
3515,2023-01-15,300.536
3516,2023-01-16,300.536
3517,2023-01-17,300.536
3518,2023-01-18,300.536
3519,2023-01-19,300.536
3520,2023-01-20,300.536
3521,2023-01-21,300.536
3522,2023-01-22,300.536
3523,2023-01-23,300.536
3524,2023-01-24,300.536
3525,2023-01-25,300.536
3526,2023-01-26,300.536
3527,2023-01-27,300.536
3528,2023-01-28,300.536
3529,2023-01-29,300.536
3530,2023-01-30,300.536
3531,2023-01-31,300.536
3532,2023-02-01,301.648
3533,2023-02-02,301.648
3534,2023-02-03,301.648
3535,2023-02-04,301.648
3536,2023-02-05,301.648
3537,2023-02-06,301.648
3538,2023-02-07,301.648
3539,2023-02-08,301.648
3540,2023-02-09,301.648
3541,2023-02-10,301.648
3542,2023-02-11,301.648
3543,2023-02-12,301.648
3544,2023-02-13,301.648
3545,2023-02-14,301.648
3546,2023-02-15,301.648
3547,2023-02-16,301.648
3548,2023-02-17,301.648
3549,2023-02-18,301.648
3550,2023-02-19,301.648
3551,2023-02-20,301.648
3552,2023-02-21,301.648
3553,2023-02-22,301.648
3554,2023-02-23,301.648
3555,2023-02-24,301.648
3556,2023-02-25,301.648
3557,2023-02-26,301.648
3558,2023-02-27,301.648
3559,2023-02-28,301.648
3560,2023-03-01,301.808
3561,2023-03-02,301.808
3562,2023-03-03,301.808
3563,2023-03-04,301.808
3564,2023-03-05,301.808
3565,2023-03-06,301.808
3566,2023-03-07,301.808
3567,2023-03-08,301.808
3568,2023-03-09,301.808
3569,2023-03-10,301.808
3570,2023-03-11,301.808
3571,2023-03-12,301.808
3572,2023-03-13,301.808
3573,2023-03-14,301.808
3574,2023-03-15,301.808
3575,2023-03-16,301.808
3576,2023-03-17,301.808
3577,2023-03-18,301.808
3578,2023-03-19,301.808
3579,2023-03-20,301.808
3580,2023-03-21,301.808
3581,2023-03-22,301.808
3582,2023-03-23,301.808
3583,2023-03-24,301.808
3584,2023-03-25,301.808
3585,2023-03-26,301.808
3586,2023-03-27,301.808
3587,2023-03-28,301.808
3588,2023-03-29,301.808
3589,2023-03-30,301.808
3590,2023-03-31,301.808
3591,2023-04-01,302.918
