,DATE,GDPC1
0,2013-07-01,16594.743
1,2013-07-02,16594.743
2,2013-07-03,16594.743
3,2013-07-04,16594.743
4,2013-07-05,16594.743
5,2013-07-06,16594.743
6,2013-07-07,16594.743
7,2013-07-08,16594.743
8,2013-07-09,16594.743
9,2013-07-10,16594.743
10,2013-07-11,16594.743
11,2013-07-12,16594.743
12,2013-07-13,16594.743
13,2013-07-14,16594.743
14,2013-07-15,16594.743
15,2013-07-16,16594.743
16,2013-07-17,16594.743
17,2013-07-18,16594.743
18,2013-07-19,16594.743
19,2013-07-20,16594.743
20,2013-07-21,16594.743
21,2013-07-22,16594.743
22,2013-07-23,16594.743
23,2013-07-24,16594.743
24,2013-07-25,16594.743
25,2013-07-26,16594.743
26,2013-07-27,16594.743
27,2013-07-28,16594.743
28,2013-07-29,16594.743
29,2013-07-30,16594.743
30,2013-07-31,16594.743
31,2013-08-01,16594.743
32,2013-08-02,16594.743
33,2013-08-03,16594.743
34,2013-08-04,16594.743
35,2013-08-05,16594.743
36,2013-08-06,16594.743
37,2013-08-07,16594.743
38,2013-08-08,16594.743
39,2013-08-09,16594.743
40,2013-08-10,16594.743
41,2013-08-11,16594.743
42,2013-08-12,16594.743
43,2013-08-13,16594.743
44,2013-08-14,16594.743
45,2013-08-15,16594.743
46,2013-08-16,16594.743
47,2013-08-17,16594.743
48,2013-08-18,16594.743
49,2013-08-19,16594.743
50,2013-08-20,16594.743
51,2013-08-21,16594.743
52,2013-08-22,16594.743
53,2013-08-23,16594.743
54,2013-08-24,16594.743
55,2013-08-25,16594.743
56,2013-08-26,16594.743
57,2013-08-27,16594.743
58,2013-08-28,16594.743
59,2013-08-29,16594.743
60,2013-08-30,16594.743
61,2013-08-31,16594.743
62,2013-09-01,16594.743
63,2013-09-02,16594.743
64,2013-09-03,16594.743
65,2013-09-04,16594.743
66,2013-09-05,16594.743
67,2013-09-06,16594.743
68,2013-09-07,16594.743
69,2013-09-08,16594.743
70,2013-09-09,16594.743
71,2013-09-10,16594.743
72,2013-09-11,16594.743
73,2013-09-12,16594.743
74,2013-09-13,16594.743
75,2013-09-14,16594.743
76,2013-09-15,16594.743
77,2013-09-16,16594.743
78,2013-09-17,16594.743
79,2013-09-18,16594.743
80,2013-09-19,16594.743
81,2013-09-20,16594.743
82,2013-09-21,16594.743
83,2013-09-22,16594.743
84,2013-09-23,16594.743
85,2013-09-24,16594.743
86,2013-09-25,16594.743
87,2013-09-26,16594.743
88,2013-09-27,16594.743
89,2013-09-28,16594.743
90,2013-09-29,16594.743
91,2013-09-30,16594.743
92,2013-10-01,16712.76
93,2013-10-02,16712.76
94,2013-10-03,16712.76
95,2013-10-04,16712.76
96,2013-10-05,16712.76
97,2013-10-06,16712.76
98,2013-10-07,16712.76
99,2013-10-08,16712.76
100,2013-10-09,16712.76
101,2013-10-10,16712.76
102,2013-10-11,16712.76
103,2013-10-12,16712.76
104,2013-10-13,16712.76
105,2013-10-14,16712.76
106,2013-10-15,16712.76
107,2013-10-16,16712.76
108,2013-10-17,16712.76
109,2013-10-18,16712.76
110,2013-10-19,16712.76
111,2013-10-20,16712.76
112,2013-10-21,16712.76
113,2013-10-22,16712.76
114,2013-10-23,16712.76
115,2013-10-24,16712.76
116,2013-10-25,16712.76
117,2013-10-26,16712.76
118,2013-10-27,16712.76
119,2013-10-28,16712.76
120,2013-10-29,16712.76
121,2013-10-30,16712.76
122,2013-10-31,16712.76
123,2013-11-01,16712.76
124,2013-11-02,16712.76
125,2013-11-03,16712.76
126,2013-11-04,16712.76
127,2013-11-05,16712.76
128,2013-11-06,16712.76
129,2013-11-07,16712.76
130,2013-11-08,16712.76
131,2013-11-09,16712.76
132,2013-11-10,16712.76
133,2013-11-11,16712.76
134,2013-11-12,16712.76
135,2013-11-13,16712.76
136,2013-11-14,16712.76
137,2013-11-15,16712.76
138,2013-11-16,16712.76
139,2013-11-17,16712.76
140,2013-11-18,16712.76
141,2013-11-19,16712.76
142,2013-11-20,16712.76
143,2013-11-21,16712.76
144,2013-11-22,16712.76
145,2013-11-23,16712.76
146,2013-11-24,16712.76
147,2013-11-25,16712.76
148,2013-11-26,16712.76
149,2013-11-27,16712.76
150,2013-11-28,16712.76
151,2013-11-29,16712.76
152,2013-11-30,16712.76
153,2013-12-01,16712.76
154,2013-12-02,16712.76
155,2013-12-03,16712.76
156,2013-12-04,16712.76
157,2013-12-05,16712.76
158,2013-12-06,16712.76
159,2013-12-07,16712.76
160,2013-12-08,16712.76
161,2013-12-09,16712.76
162,2013-12-10,16712.76
163,2013-12-11,16712.76
164,2013-12-12,16712.76
165,2013-12-13,16712.76
166,2013-12-14,16712.76
167,2013-12-15,16712.76
168,2013-12-16,16712.76
169,2013-12-17,16712.76
170,2013-12-18,16712.76
171,2013-12-19,16712.76
172,2013-12-20,16712.76
173,2013-12-21,16712.76
174,2013-12-22,16712.76
175,2013-12-23,16712.76
176,2013-12-24,16712.76
177,2013-12-25,16712.76
178,2013-12-26,16712.76
179,2013-12-27,16712.76
180,2013-12-28,16712.76
181,2013-12-29,16712.76
182,2013-12-30,16712.76
183,2013-12-31,16712.76
184,2014-01-01,16654.247
185,2014-01-02,16654.247
186,2014-01-03,16654.247
187,2014-01-04,16654.247
188,2014-01-05,16654.247
189,2014-01-06,16654.247
190,2014-01-07,16654.247
191,2014-01-08,16654.247
192,2014-01-09,16654.247
193,2014-01-10,16654.247
194,2014-01-11,16654.247
195,2014-01-12,16654.247
196,2014-01-13,16654.247
197,2014-01-14,16654.247
198,2014-01-15,16654.247
199,2014-01-16,16654.247
200,2014-01-17,16654.247
201,2014-01-18,16654.247
202,2014-01-19,16654.247
203,2014-01-20,16654.247
204,2014-01-21,16654.247
205,2014-01-22,16654.247
206,2014-01-23,16654.247
207,2014-01-24,16654.247
208,2014-01-25,16654.247
209,2014-01-26,16654.247
210,2014-01-27,16654.247
211,2014-01-28,16654.247
212,2014-01-29,16654.247
213,2014-01-30,16654.247
214,2014-01-31,16654.247
215,2014-02-01,16654.247
216,2014-02-02,16654.247
217,2014-02-03,16654.247
218,2014-02-04,16654.247
219,2014-02-05,16654.247
220,2014-02-06,16654.247
221,2014-02-07,16654.247
222,2014-02-08,16654.247
223,2014-02-09,16654.247
224,2014-02-10,16654.247
225,2014-02-11,16654.247
226,2014-02-12,16654.247
227,2014-02-13,16654.247
228,2014-02-14,16654.247
229,2014-02-15,16654.247
230,2014-02-16,16654.247
231,2014-02-17,16654.247
232,2014-02-18,16654.247
233,2014-02-19,16654.247
234,2014-02-20,16654.247
235,2014-02-21,16654.247
236,2014-02-22,16654.247
237,2014-02-23,16654.247
238,2014-02-24,16654.247
239,2014-02-25,16654.247
240,2014-02-26,16654.247
241,2014-02-27,16654.247
242,2014-02-28,16654.247
243,2014-03-01,16654.247
244,2014-03-02,16654.247
245,2014-03-03,16654.247
246,2014-03-04,16654.247
247,2014-03-05,16654.247
248,2014-03-06,16654.247
249,2014-03-07,16654.247
250,2014-03-08,16654.247
251,2014-03-09,16654.247
252,2014-03-10,16654.247
253,2014-03-11,16654.247
254,2014-03-12,16654.247
255,2014-03-13,16654.247
256,2014-03-14,16654.247
257,2014-03-15,16654.247
258,2014-03-16,16654.247
259,2014-03-17,16654.247
260,2014-03-18,16654.247
261,2014-03-19,16654.247
262,2014-03-20,16654.247
263,2014-03-21,16654.247
264,2014-03-22,16654.247
265,2014-03-23,16654.247
266,2014-03-24,16654.247
267,2014-03-25,16654.247
268,2014-03-26,16654.247
269,2014-03-27,16654.247
270,2014-03-28,16654.247
271,2014-03-29,16654.247
272,2014-03-30,16654.247
273,2014-03-31,16654.247
274,2014-04-01,16868.109
275,2014-04-02,16868.109
276,2014-04-03,16868.109
277,2014-04-04,16868.109
278,2014-04-05,16868.109
279,2014-04-06,16868.109
280,2014-04-07,16868.109
281,2014-04-08,16868.109
282,2014-04-09,16868.109
283,2014-04-10,16868.109
284,2014-04-11,16868.109
285,2014-04-12,16868.109
286,2014-04-13,16868.109
287,2014-04-14,16868.109
288,2014-04-15,16868.109
289,2014-04-16,16868.109
290,2014-04-17,16868.109
291,2014-04-18,16868.109
292,2014-04-19,16868.109
293,2014-04-20,16868.109
294,2014-04-21,16868.109
295,2014-04-22,16868.109
296,2014-04-23,16868.109
297,2014-04-24,16868.109
298,2014-04-25,16868.109
299,2014-04-26,16868.109
300,2014-04-27,16868.109
301,2014-04-28,16868.109
302,2014-04-29,16868.109
303,2014-04-30,16868.109
304,2014-05-01,16868.109
305,2014-05-02,16868.109
306,2014-05-03,16868.109
307,2014-05-04,16868.109
308,2014-05-05,16868.109
309,2014-05-06,16868.109
310,2014-05-07,16868.109
311,2014-05-08,16868.109
312,2014-05-09,16868.109
313,2014-05-10,16868.109
314,2014-05-11,16868.109
315,2014-05-12,16868.109
316,2014-05-13,16868.109
317,2014-05-14,16868.109
318,2014-05-15,16868.109
319,2014-05-16,16868.109
320,2014-05-17,16868.109
321,2014-05-18,16868.109
322,2014-05-19,16868.109
323,2014-05-20,16868.109
324,2014-05-21,16868.109
325,2014-05-22,16868.109
326,2014-05-23,16868.109
327,2014-05-24,16868.109
328,2014-05-25,16868.109
329,2014-05-26,16868.109
330,2014-05-27,16868.109
331,2014-05-28,16868.109
332,2014-05-29,16868.109
333,2014-05-30,16868.109
334,2014-05-31,16868.109
335,2014-06-01,16868.109
336,2014-06-02,16868.109
337,2014-06-03,16868.109
338,2014-06-04,16868.109
339,2014-06-05,16868.109
340,2014-06-06,16868.109
341,2014-06-07,16868.109
342,2014-06-08,16868.109
343,2014-06-09,16868.109
344,2014-06-10,16868.109
345,2014-06-11,16868.109
346,2014-06-12,16868.109
347,2014-06-13,16868.109
348,2014-06-14,16868.109
349,2014-06-15,16868.109
350,2014-06-16,16868.109
351,2014-06-17,16868.109
352,2014-06-18,16868.109
353,2014-06-19,16868.109
354,2014-06-20,16868.109
355,2014-06-21,16868.109
356,2014-06-22,16868.109
357,2014-06-23,16868.109
358,2014-06-24,16868.109
359,2014-06-25,16868.109
360,2014-06-26,16868.109
361,2014-06-27,16868.109
362,2014-06-28,16868.109
363,2014-06-29,16868.109
364,2014-06-30,16868.109
365,2014-07-01,17064.616
366,2014-07-02,17064.616
367,2014-07-03,17064.616
368,2014-07-04,17064.616
369,2014-07-05,17064.616
370,2014-07-06,17064.616
371,2014-07-07,17064.616
372,2014-07-08,17064.616
373,2014-07-09,17064.616
374,2014-07-10,17064.616
375,2014-07-11,17064.616
376,2014-07-12,17064.616
377,2014-07-13,17064.616
378,2014-07-14,17064.616
379,2014-07-15,17064.616
380,2014-07-16,17064.616
381,2014-07-17,17064.616
382,2014-07-18,17064.616
383,2014-07-19,17064.616
384,2014-07-20,17064.616
385,2014-07-21,17064.616
386,2014-07-22,17064.616
387,2014-07-23,17064.616
388,2014-07-24,17064.616
389,2014-07-25,17064.616
390,2014-07-26,17064.616
391,2014-07-27,17064.616
392,2014-07-28,17064.616
393,2014-07-29,17064.616
394,2014-07-30,17064.616
395,2014-07-31,17064.616
396,2014-08-01,17064.616
397,2014-08-02,17064.616
398,2014-08-03,17064.616
399,2014-08-04,17064.616
400,2014-08-05,17064.616
401,2014-08-06,17064.616
402,2014-08-07,17064.616
403,2014-08-08,17064.616
404,2014-08-09,17064.616
405,2014-08-10,17064.616
406,2014-08-11,17064.616
407,2014-08-12,17064.616
408,2014-08-13,17064.616
409,2014-08-14,17064.616
410,2014-08-15,17064.616
411,2014-08-16,17064.616
412,2014-08-17,17064.616
413,2014-08-18,17064.616
414,2014-08-19,17064.616
415,2014-08-20,17064.616
416,2014-08-21,17064.616
417,2014-08-22,17064.616
418,2014-08-23,17064.616
419,2014-08-24,17064.616
420,2014-08-25,17064.616
421,2014-08-26,17064.616
422,2014-08-27,17064.616
423,2014-08-28,17064.616
424,2014-08-29,17064.616
425,2014-08-30,17064.616
426,2014-08-31,17064.616
427,2014-09-01,17064.616
428,2014-09-02,17064.616
429,2014-09-03,17064.616
430,2014-09-04,17064.616
431,2014-09-05,17064.616
432,2014-09-06,17064.616
433,2014-09-07,17064.616
434,2014-09-08,17064.616
435,2014-09-09,17064.616
436,2014-09-10,17064.616
437,2014-09-11,17064.616
438,2014-09-12,17064.616
439,2014-09-13,17064.616
440,2014-09-14,17064.616
441,2014-09-15,17064.616
442,2014-09-16,17064.616
443,2014-09-17,17064.616
444,2014-09-18,17064.616
445,2014-09-19,17064.616
446,2014-09-20,17064.616
447,2014-09-21,17064.616
448,2014-09-22,17064.616
449,2014-09-23,17064.616
450,2014-09-24,17064.616
451,2014-09-25,17064.616
452,2014-09-26,17064.616
453,2014-09-27,17064.616
454,2014-09-28,17064.616
455,2014-09-29,17064.616
456,2014-09-30,17064.616
457,2014-10-01,17141.235
458,2014-10-02,17141.235
459,2014-10-03,17141.235
460,2014-10-04,17141.235
461,2014-10-05,17141.235
462,2014-10-06,17141.235
463,2014-10-07,17141.235
464,2014-10-08,17141.235
465,2014-10-09,17141.235
466,2014-10-10,17141.235
467,2014-10-11,17141.235
468,2014-10-12,17141.235
469,2014-10-13,17141.235
470,2014-10-14,17141.235
471,2014-10-15,17141.235
472,2014-10-16,17141.235
473,2014-10-17,17141.235
474,2014-10-18,17141.235
475,2014-10-19,17141.235
476,2014-10-20,17141.235
477,2014-10-21,17141.235
478,2014-10-22,17141.235
479,2014-10-23,17141.235
480,2014-10-24,17141.235
481,2014-10-25,17141.235
482,2014-10-26,17141.235
483,2014-10-27,17141.235
484,2014-10-28,17141.235
485,2014-10-29,17141.235
486,2014-10-30,17141.235
487,2014-10-31,17141.235
488,2014-11-01,17141.235
489,2014-11-02,17141.235
490,2014-11-03,17141.235
491,2014-11-04,17141.235
492,2014-11-05,17141.235
493,2014-11-06,17141.235
494,2014-11-07,17141.235
495,2014-11-08,17141.235
496,2014-11-09,17141.235
497,2014-11-10,17141.235
498,2014-11-11,17141.235
499,2014-11-12,17141.235
500,2014-11-13,17141.235
501,2014-11-14,17141.235
502,2014-11-15,17141.235
503,2014-11-16,17141.235
504,2014-11-17,17141.235
505,2014-11-18,17141.235
506,2014-11-19,17141.235
507,2014-11-20,17141.235
508,2014-11-21,17141.235
509,2014-11-22,17141.235
510,2014-11-23,17141.235
511,2014-11-24,17141.235
512,2014-11-25,17141.235
513,2014-11-26,17141.235
514,2014-11-27,17141.235
515,2014-11-28,17141.235
516,2014-11-29,17141.235
517,2014-11-30,17141.235
518,2014-12-01,17141.235
519,2014-12-02,17141.235
520,2014-12-03,17141.235
521,2014-12-04,17141.235
522,2014-12-05,17141.235
523,2014-12-06,17141.235
524,2014-12-07,17141.235
525,2014-12-08,17141.235
526,2014-12-09,17141.235
527,2014-12-10,17141.235
528,2014-12-11,17141.235
529,2014-12-12,17141.235
530,2014-12-13,17141.235
531,2014-12-14,17141.235
532,2014-12-15,17141.235
533,2014-12-16,17141.235
534,2014-12-17,17141.235
535,2014-12-18,17141.235
536,2014-12-19,17141.235
537,2014-12-20,17141.235
538,2014-12-21,17141.235
539,2014-12-22,17141.235
540,2014-12-23,17141.235
541,2014-12-24,17141.235
542,2014-12-25,17141.235
543,2014-12-26,17141.235
544,2014-12-27,17141.235
545,2014-12-28,17141.235
546,2014-12-29,17141.235
547,2014-12-30,17141.235
548,2014-12-31,17141.235
549,2015-01-01,17280.647
550,2015-01-02,17280.647
551,2015-01-03,17280.647
552,2015-01-04,17280.647
553,2015-01-05,17280.647
554,2015-01-06,17280.647
555,2015-01-07,17280.647
556,2015-01-08,17280.647
557,2015-01-09,17280.647
558,2015-01-10,17280.647
559,2015-01-11,17280.647
560,2015-01-12,17280.647
561,2015-01-13,17280.647
562,2015-01-14,17280.647
563,2015-01-15,17280.647
564,2015-01-16,17280.647
565,2015-01-17,17280.647
566,2015-01-18,17280.647
567,2015-01-19,17280.647
568,2015-01-20,17280.647
569,2015-01-21,17280.647
570,2015-01-22,17280.647
571,2015-01-23,17280.647
572,2015-01-24,17280.647
573,2015-01-25,17280.647
574,2015-01-26,17280.647
575,2015-01-27,17280.647
576,2015-01-28,17280.647
577,2015-01-29,17280.647
578,2015-01-30,17280.647
579,2015-01-31,17280.647
580,2015-02-01,17280.647
581,2015-02-02,17280.647
582,2015-02-03,17280.647
583,2015-02-04,17280.647
584,2015-02-05,17280.647
585,2015-02-06,17280.647
586,2015-02-07,17280.647
587,2015-02-08,17280.647
588,2015-02-09,17280.647
589,2015-02-10,17280.647
590,2015-02-11,17280.647
591,2015-02-12,17280.647
592,2015-02-13,17280.647
593,2015-02-14,17280.647
594,2015-02-15,17280.647
595,2015-02-16,17280.647
596,2015-02-17,17280.647
597,2015-02-18,17280.647
598,2015-02-19,17280.647
599,2015-02-20,17280.647
600,2015-02-21,17280.647
601,2015-02-22,17280.647
602,2015-02-23,17280.647
603,2015-02-24,17280.647
604,2015-02-25,17280.647
605,2015-02-26,17280.647
606,2015-02-27,17280.647
607,2015-02-28,17280.647
608,2015-03-01,17280.647
609,2015-03-02,17280.647
610,2015-03-03,17280.647
611,2015-03-04,17280.647
612,2015-03-05,17280.647
613,2015-03-06,17280.647
614,2015-03-07,17280.647
615,2015-03-08,17280.647
616,2015-03-09,17280.647
617,2015-03-10,17280.647
618,2015-03-11,17280.647
619,2015-03-12,17280.647
620,2015-03-13,17280.647
621,2015-03-14,17280.647
622,2015-03-15,17280.647
623,2015-03-16,17280.647
624,2015-03-17,17280.647
625,2015-03-18,17280.647
626,2015-03-19,17280.647
627,2015-03-20,17280.647
628,2015-03-21,17280.647
629,2015-03-22,17280.647
630,2015-03-23,17280.647
631,2015-03-24,17280.647
632,2015-03-25,17280.647
633,2015-03-26,17280.647
634,2015-03-27,17280.647
635,2015-03-28,17280.647
636,2015-03-29,17280.647
637,2015-03-30,17280.647
638,2015-03-31,17280.647
639,2015-04-01,17380.875
640,2015-04-02,17380.875
641,2015-04-03,17380.875
642,2015-04-04,17380.875
643,2015-04-05,17380.875
644,2015-04-06,17380.875
645,2015-04-07,17380.875
646,2015-04-08,17380.875
647,2015-04-09,17380.875
648,2015-04-10,17380.875
649,2015-04-11,17380.875
650,2015-04-12,17380.875
651,2015-04-13,17380.875
652,2015-04-14,17380.875
653,2015-04-15,17380.875
654,2015-04-16,17380.875
655,2015-04-17,17380.875
656,2015-04-18,17380.875
657,2015-04-19,17380.875
658,2015-04-20,17380.875
659,2015-04-21,17380.875
660,2015-04-22,17380.875
661,2015-04-23,17380.875
662,2015-04-24,17380.875
663,2015-04-25,17380.875
664,2015-04-26,17380.875
665,2015-04-27,17380.875
666,2015-04-28,17380.875
667,2015-04-29,17380.875
668,2015-04-30,17380.875
669,2015-05-01,17380.875
670,2015-05-02,17380.875
671,2015-05-03,17380.875
672,2015-05-04,17380.875
673,2015-05-05,17380.875
674,2015-05-06,17380.875
675,2015-05-07,17380.875
676,2015-05-08,17380.875
677,2015-05-09,17380.875
678,2015-05-10,17380.875
679,2015-05-11,17380.875
680,2015-05-12,17380.875
681,2015-05-13,17380.875
682,2015-05-14,17380.875
683,2015-05-15,17380.875
684,2015-05-16,17380.875
685,2015-05-17,17380.875
686,2015-05-18,17380.875
687,2015-05-19,17380.875
688,2015-05-20,17380.875
689,2015-05-21,17380.875
690,2015-05-22,17380.875
691,2015-05-23,17380.875
692,2015-05-24,17380.875
693,2015-05-25,17380.875
694,2015-05-26,17380.875
695,2015-05-27,17380.875
696,2015-05-28,17380.875
697,2015-05-29,17380.875
698,2015-05-30,17380.875
699,2015-05-31,17380.875
700,2015-06-01,17380.875
701,2015-06-02,17380.875
702,2015-06-03,17380.875
703,2015-06-04,17380.875
704,2015-06-05,17380.875
705,2015-06-06,17380.875
706,2015-06-07,17380.875
707,2015-06-08,17380.875
708,2015-06-09,17380.875
709,2015-06-10,17380.875
710,2015-06-11,17380.875
711,2015-06-12,17380.875
712,2015-06-13,17380.875
713,2015-06-14,17380.875
714,2015-06-15,17380.875
715,2015-06-16,17380.875
716,2015-06-17,17380.875
717,2015-06-18,17380.875
718,2015-06-19,17380.875
719,2015-06-20,17380.875
720,2015-06-21,17380.875
721,2015-06-22,17380.875
722,2015-06-23,17380.875
723,2015-06-24,17380.875
724,2015-06-25,17380.875
725,2015-06-26,17380.875
726,2015-06-27,17380.875
727,2015-06-28,17380.875
728,2015-06-29,17380.875
729,2015-06-30,17380.875
730,2015-07-01,17437.08
731,2015-07-02,17437.08
732,2015-07-03,17437.08
733,2015-07-04,17437.08
734,2015-07-05,17437.08
735,2015-07-06,17437.08
736,2015-07-07,17437.08
737,2015-07-08,17437.08
738,2015-07-09,17437.08
739,2015-07-10,17437.08
740,2015-07-11,17437.08
741,2015-07-12,17437.08
742,2015-07-13,17437.08
743,2015-07-14,17437.08
744,2015-07-15,17437.08
745,2015-07-16,17437.08
746,2015-07-17,17437.08
747,2015-07-18,17437.08
748,2015-07-19,17437.08
749,2015-07-20,17437.08
750,2015-07-21,17437.08
751,2015-07-22,17437.08
752,2015-07-23,17437.08
753,2015-07-24,17437.08
754,2015-07-25,17437.08
755,2015-07-26,17437.08
756,2015-07-27,17437.08
757,2015-07-28,17437.08
758,2015-07-29,17437.08
759,2015-07-30,17437.08
760,2015-07-31,17437.08
761,2015-08-01,17437.08
762,2015-08-02,17437.08
763,2015-08-03,17437.08
764,2015-08-04,17437.08
765,2015-08-05,17437.08
766,2015-08-06,17437.08
767,2015-08-07,17437.08
768,2015-08-08,17437.08
769,2015-08-09,17437.08
770,2015-08-10,17437.08
771,2015-08-11,17437.08
772,2015-08-12,17437.08
773,2015-08-13,17437.08
774,2015-08-14,17437.08
775,2015-08-15,17437.08
776,2015-08-16,17437.08
777,2015-08-17,17437.08
778,2015-08-18,17437.08
779,2015-08-19,17437.08
780,2015-08-20,17437.08
781,2015-08-21,17437.08
782,2015-08-22,17437.08
783,2015-08-23,17437.08
784,2015-08-24,17437.08
785,2015-08-25,17437.08
786,2015-08-26,17437.08
787,2015-08-27,17437.08
788,2015-08-28,17437.08
789,2015-08-29,17437.08
790,2015-08-30,17437.08
791,2015-08-31,17437.08
792,2015-09-01,17437.08
793,2015-09-02,17437.08
794,2015-09-03,17437.08
795,2015-09-04,17437.08
796,2015-09-05,17437.08
797,2015-09-06,17437.08
798,2015-09-07,17437.08
799,2015-09-08,17437.08
800,2015-09-09,17437.08
801,2015-09-10,17437.08
802,2015-09-11,17437.08
803,2015-09-12,17437.08
804,2015-09-13,17437.08
805,2015-09-14,17437.08
806,2015-09-15,17437.08
807,2015-09-16,17437.08
808,2015-09-17,17437.08
809,2015-09-18,17437.08
810,2015-09-19,17437.08
811,2015-09-20,17437.08
812,2015-09-21,17437.08
813,2015-09-22,17437.08
814,2015-09-23,17437.08
815,2015-09-24,17437.08
816,2015-09-25,17437.08
817,2015-09-26,17437.08
818,2015-09-27,17437.08
819,2015-09-28,17437.08
820,2015-09-29,17437.08
821,2015-09-30,17437.08
822,2015-10-01,17462.579
823,2015-10-02,17462.579
824,2015-10-03,17462.579
825,2015-10-04,17462.579
826,2015-10-05,17462.579
827,2015-10-06,17462.579
828,2015-10-07,17462.579
829,2015-10-08,17462.579
830,2015-10-09,17462.579
831,2015-10-10,17462.579
832,2015-10-11,17462.579
833,2015-10-12,17462.579
834,2015-10-13,17462.579
835,2015-10-14,17462.579
836,2015-10-15,17462.579
837,2015-10-16,17462.579
838,2015-10-17,17462.579
839,2015-10-18,17462.579
840,2015-10-19,17462.579
841,2015-10-20,17462.579
842,2015-10-21,17462.579
843,2015-10-22,17462.579
844,2015-10-23,17462.579
845,2015-10-24,17462.579
846,2015-10-25,17462.579
847,2015-10-26,17462.579
848,2015-10-27,17462.579
849,2015-10-28,17462.579
850,2015-10-29,17462.579
851,2015-10-30,17462.579
852,2015-10-31,17462.579
853,2015-11-01,17462.579
854,2015-11-02,17462.579
855,2015-11-03,17462.579
856,2015-11-04,17462.579
857,2015-11-05,17462.579
858,2015-11-06,17462.579
859,2015-11-07,17462.579
860,2015-11-08,17462.579
861,2015-11-09,17462.579
862,2015-11-10,17462.579
863,2015-11-11,17462.579
864,2015-11-12,17462.579
865,2015-11-13,17462.579
866,2015-11-14,17462.579
867,2015-11-15,17462.579
868,2015-11-16,17462.579
869,2015-11-17,17462.579
870,2015-11-18,17462.579
871,2015-11-19,17462.579
872,2015-11-20,17462.579
873,2015-11-21,17462.579
874,2015-11-22,17462.579
875,2015-11-23,17462.579
876,2015-11-24,17462.579
877,2015-11-25,17462.579
878,2015-11-26,17462.579
879,2015-11-27,17462.579
880,2015-11-28,17462.579
881,2015-11-29,17462.579
882,2015-11-30,17462.579
883,2015-12-01,17462.579
884,2015-12-02,17462.579
885,2015-12-03,17462.579
886,2015-12-04,17462.579
887,2015-12-05,17462.579
888,2015-12-06,17462.579
889,2015-12-07,17462.579
890,2015-12-08,17462.579
891,2015-12-09,17462.579
892,2015-12-10,17462.579
893,2015-12-11,17462.579
894,2015-12-12,17462.579
895,2015-12-13,17462.579
896,2015-12-14,17462.579
897,2015-12-15,17462.579
898,2015-12-16,17462.579
899,2015-12-17,17462.579
900,2015-12-18,17462.579
901,2015-12-19,17462.579
902,2015-12-20,17462.579
903,2015-12-21,17462.579
904,2015-12-22,17462.579
905,2015-12-23,17462.579
906,2015-12-24,17462.579
907,2015-12-25,17462.579
908,2015-12-26,17462.579
909,2015-12-27,17462.579
910,2015-12-28,17462.579
911,2015-12-29,17462.579
912,2015-12-30,17462.579
913,2015-12-31,17462.579
914,2016-01-01,17565.465
915,2016-01-02,17565.465
916,2016-01-03,17565.465
917,2016-01-04,17565.465
918,2016-01-05,17565.465
919,2016-01-06,17565.465
920,2016-01-07,17565.465
921,2016-01-08,17565.465
922,2016-01-09,17565.465
923,2016-01-10,17565.465
924,2016-01-11,17565.465
925,2016-01-12,17565.465
926,2016-01-13,17565.465
927,2016-01-14,17565.465
928,2016-01-15,17565.465
929,2016-01-16,17565.465
930,2016-01-17,17565.465
931,2016-01-18,17565.465
932,2016-01-19,17565.465
933,2016-01-20,17565.465
934,2016-01-21,17565.465
935,2016-01-22,17565.465
936,2016-01-23,17565.465
937,2016-01-24,17565.465
938,2016-01-25,17565.465
939,2016-01-26,17565.465
940,2016-01-27,17565.465
941,2016-01-28,17565.465
942,2016-01-29,17565.465
943,2016-01-30,17565.465
944,2016-01-31,17565.465
945,2016-02-01,17565.465
946,2016-02-02,17565.465
947,2016-02-03,17565.465
948,2016-02-04,17565.465
949,2016-02-05,17565.465
950,2016-02-06,17565.465
951,2016-02-07,17565.465
952,2016-02-08,17565.465
953,2016-02-09,17565.465
954,2016-02-10,17565.465
955,2016-02-11,17565.465
956,2016-02-12,17565.465
957,2016-02-13,17565.465
958,2016-02-14,17565.465
959,2016-02-15,17565.465
960,2016-02-16,17565.465
961,2016-02-17,17565.465
962,2016-02-18,17565.465
963,2016-02-19,17565.465
964,2016-02-20,17565.465
965,2016-02-21,17565.465
966,2016-02-22,17565.465
967,2016-02-23,17565.465
968,2016-02-24,17565.465
969,2016-02-25,17565.465
970,2016-02-26,17565.465
971,2016-02-27,17565.465
972,2016-02-28,17565.465
973,2016-02-29,17565.465
974,2016-03-01,17565.465
975,2016-03-02,17565.465
976,2016-03-03,17565.465
977,2016-03-04,17565.465
978,2016-03-05,17565.465
979,2016-03-06,17565.465
980,2016-03-07,17565.465
981,2016-03-08,17565.465
982,2016-03-09,17565.465
983,2016-03-10,17565.465
984,2016-03-11,17565.465
985,2016-03-12,17565.465
986,2016-03-13,17565.465
987,2016-03-14,17565.465
988,2016-03-15,17565.465
989,2016-03-16,17565.465
990,2016-03-17,17565.465
991,2016-03-18,17565.465
992,2016-03-19,17565.465
993,2016-03-20,17565.465
994,2016-03-21,17565.465
995,2016-03-22,17565.465
996,2016-03-23,17565.465
997,2016-03-24,17565.465
998,2016-03-25,17565.465
999,2016-03-26,17565.465
1000,2016-03-27,17565.465
1001,2016-03-28,17565.465
1002,2016-03-29,17565.465
1003,2016-03-30,17565.465
1004,2016-03-31,17565.465
1005,2016-04-01,17618.581
1006,2016-04-02,17618.581
1007,2016-04-03,17618.581
1008,2016-04-04,17618.581
1009,2016-04-05,17618.581
1010,2016-04-06,17618.581
1011,2016-04-07,17618.581
1012,2016-04-08,17618.581
1013,2016-04-09,17618.581
1014,2016-04-10,17618.581
1015,2016-04-11,17618.581
1016,2016-04-12,17618.581
1017,2016-04-13,17618.581
1018,2016-04-14,17618.581
1019,2016-04-15,17618.581
1020,2016-04-16,17618.581
1021,2016-04-17,17618.581
1022,2016-04-18,17618.581
1023,2016-04-19,17618.581
1024,2016-04-20,17618.581
1025,2016-04-21,17618.581
1026,2016-04-22,17618.581
1027,2016-04-23,17618.581
1028,2016-04-24,17618.581
1029,2016-04-25,17618.581
1030,2016-04-26,17618.581
1031,2016-04-27,17618.581
1032,2016-04-28,17618.581
1033,2016-04-29,17618.581
1034,2016-04-30,17618.581
1035,2016-05-01,17618.581
1036,2016-05-02,17618.581
1037,2016-05-03,17618.581
1038,2016-05-04,17618.581
1039,2016-05-05,17618.581
1040,2016-05-06,17618.581
1041,2016-05-07,17618.581
1042,2016-05-08,17618.581
1043,2016-05-09,17618.581
1044,2016-05-10,17618.581
1045,2016-05-11,17618.581
1046,2016-05-12,17618.581
1047,2016-05-13,17618.581
1048,2016-05-14,17618.581
1049,2016-05-15,17618.581
1050,2016-05-16,17618.581
1051,2016-05-17,17618.581
1052,2016-05-18,17618.581
1053,2016-05-19,17618.581
1054,2016-05-20,17618.581
1055,2016-05-21,17618.581
1056,2016-05-22,17618.581
1057,2016-05-23,17618.581
1058,2016-05-24,17618.581
1059,2016-05-25,17618.581
1060,2016-05-26,17618.581
1061,2016-05-27,17618.581
1062,2016-05-28,17618.581
1063,2016-05-29,17618.581
1064,2016-05-30,17618.581
1065,2016-05-31,17618.581
1066,2016-06-01,17618.581
1067,2016-06-02,17618.581
1068,2016-06-03,17618.581
1069,2016-06-04,17618.581
1070,2016-06-05,17618.581
1071,2016-06-06,17618.581
1072,2016-06-07,17618.581
1073,2016-06-08,17618.581
1074,2016-06-09,17618.581
1075,2016-06-10,17618.581
1076,2016-06-11,17618.581
1077,2016-06-12,17618.581
1078,2016-06-13,17618.581
1079,2016-06-14,17618.581
1080,2016-06-15,17618.581
1081,2016-06-16,17618.581
1082,2016-06-17,17618.581
1083,2016-06-18,17618.581
1084,2016-06-19,17618.581
1085,2016-06-20,17618.581
1086,2016-06-21,17618.581
1087,2016-06-22,17618.581
1088,2016-06-23,17618.581
1089,2016-06-24,17618.581
1090,2016-06-25,17618.581
1091,2016-06-26,17618.581
1092,2016-06-27,17618.581
1093,2016-06-28,17618.581
1094,2016-06-29,17618.581
1095,2016-06-30,17618.581
1096,2016-07-01,17724.489
1097,2016-07-02,17724.489
1098,2016-07-03,17724.489
1099,2016-07-04,17724.489
1100,2016-07-05,17724.489
1101,2016-07-06,17724.489
1102,2016-07-07,17724.489
1103,2016-07-08,17724.489
1104,2016-07-09,17724.489
1105,2016-07-10,17724.489
1106,2016-07-11,17724.489
1107,2016-07-12,17724.489
1108,2016-07-13,17724.489
1109,2016-07-14,17724.489
1110,2016-07-15,17724.489
1111,2016-07-16,17724.489
1112,2016-07-17,17724.489
1113,2016-07-18,17724.489
1114,2016-07-19,17724.489
1115,2016-07-20,17724.489
1116,2016-07-21,17724.489
1117,2016-07-22,17724.489
1118,2016-07-23,17724.489
1119,2016-07-24,17724.489
1120,2016-07-25,17724.489
1121,2016-07-26,17724.489
1122,2016-07-27,17724.489
1123,2016-07-28,17724.489
1124,2016-07-29,17724.489
1125,2016-07-30,17724.489
1126,2016-07-31,17724.489
1127,2016-08-01,17724.489
1128,2016-08-02,17724.489
1129,2016-08-03,17724.489
1130,2016-08-04,17724.489
1131,2016-08-05,17724.489
1132,2016-08-06,17724.489
1133,2016-08-07,17724.489
1134,2016-08-08,17724.489
1135,2016-08-09,17724.489
1136,2016-08-10,17724.489
1137,2016-08-11,17724.489
1138,2016-08-12,17724.489
1139,2016-08-13,17724.489
1140,2016-08-14,17724.489
1141,2016-08-15,17724.489
1142,2016-08-16,17724.489
1143,2016-08-17,17724.489
1144,2016-08-18,17724.489
1145,2016-08-19,17724.489
1146,2016-08-20,17724.489
1147,2016-08-21,17724.489
1148,2016-08-22,17724.489
1149,2016-08-23,17724.489
1150,2016-08-24,17724.489
1151,2016-08-25,17724.489
1152,2016-08-26,17724.489
1153,2016-08-27,17724.489
1154,2016-08-28,17724.489
1155,2016-08-29,17724.489
1156,2016-08-30,17724.489
1157,2016-08-31,17724.489
1158,2016-09-01,17724.489
1159,2016-09-02,17724.489
1160,2016-09-03,17724.489
1161,2016-09-04,17724.489
1162,2016-09-05,17724.489
1163,2016-09-06,17724.489
1164,2016-09-07,17724.489
1165,2016-09-08,17724.489
1166,2016-09-09,17724.489
1167,2016-09-10,17724.489
1168,2016-09-11,17724.489
1169,2016-09-12,17724.489
1170,2016-09-13,17724.489
1171,2016-09-14,17724.489
1172,2016-09-15,17724.489
1173,2016-09-16,17724.489
1174,2016-09-17,17724.489
1175,2016-09-18,17724.489
1176,2016-09-19,17724.489
1177,2016-09-20,17724.489
1178,2016-09-21,17724.489
1179,2016-09-22,17724.489
1180,2016-09-23,17724.489
1181,2016-09-24,17724.489
1182,2016-09-25,17724.489
1183,2016-09-26,17724.489
1184,2016-09-27,17724.489
1185,2016-09-28,17724.489
1186,2016-09-29,17724.489
1187,2016-09-30,17724.489
1188,2016-10-01,17812.56
1189,2016-10-02,17812.56
1190,2016-10-03,17812.56
1191,2016-10-04,17812.56
1192,2016-10-05,17812.56
1193,2016-10-06,17812.56
1194,2016-10-07,17812.56
1195,2016-10-08,17812.56
1196,2016-10-09,17812.56
1197,2016-10-10,17812.56
1198,2016-10-11,17812.56
1199,2016-10-12,17812.56
1200,2016-10-13,17812.56
1201,2016-10-14,17812.56
1202,2016-10-15,17812.56
1203,2016-10-16,17812.56
1204,2016-10-17,17812.56
1205,2016-10-18,17812.56
1206,2016-10-19,17812.56
1207,2016-10-20,17812.56
1208,2016-10-21,17812.56
1209,2016-10-22,17812.56
1210,2016-10-23,17812.56
1211,2016-10-24,17812.56
1212,2016-10-25,17812.56
1213,2016-10-26,17812.56
1214,2016-10-27,17812.56
1215,2016-10-28,17812.56
1216,2016-10-29,17812.56
1217,2016-10-30,17812.56
1218,2016-10-31,17812.56
1219,2016-11-01,17812.56
1220,2016-11-02,17812.56
1221,2016-11-03,17812.56
1222,2016-11-04,17812.56
1223,2016-11-05,17812.56
1224,2016-11-06,17812.56
1225,2016-11-07,17812.56
1226,2016-11-08,17812.56
1227,2016-11-09,17812.56
1228,2016-11-10,17812.56
1229,2016-11-11,17812.56
1230,2016-11-12,17812.56
1231,2016-11-13,17812.56
1232,2016-11-14,17812.56
1233,2016-11-15,17812.56
1234,2016-11-16,17812.56
1235,2016-11-17,17812.56
1236,2016-11-18,17812.56
1237,2016-11-19,17812.56
1238,2016-11-20,17812.56
1239,2016-11-21,17812.56
1240,2016-11-22,17812.56
1241,2016-11-23,17812.56
1242,2016-11-24,17812.56
1243,2016-11-25,17812.56
1244,2016-11-26,17812.56
1245,2016-11-27,17812.56
1246,2016-11-28,17812.56
1247,2016-11-29,17812.56
1248,2016-11-30,17812.56
1249,2016-12-01,17812.56
1250,2016-12-02,17812.56
1251,2016-12-03,17812.56
1252,2016-12-04,17812.56
1253,2016-12-05,17812.56
1254,2016-12-06,17812.56
1255,2016-12-07,17812.56
1256,2016-12-08,17812.56
1257,2016-12-09,17812.56
1258,2016-12-10,17812.56
1259,2016-12-11,17812.56
1260,2016-12-12,17812.56
1261,2016-12-13,17812.56
1262,2016-12-14,17812.56
1263,2016-12-15,17812.56
1264,2016-12-16,17812.56
1265,2016-12-17,17812.56
1266,2016-12-18,17812.56
1267,2016-12-19,17812.56
1268,2016-12-20,17812.56
1269,2016-12-21,17812.56
1270,2016-12-22,17812.56
1271,2016-12-23,17812.56
1272,2016-12-24,17812.56
1273,2016-12-25,17812.56
1274,2016-12-26,17812.56
1275,2016-12-27,17812.56
1276,2016-12-28,17812.56
1277,2016-12-29,17812.56
1278,2016-12-30,17812.56
1279,2016-12-31,17812.56
1280,2017-01-01,17889.094
1281,2017-01-02,17889.094
1282,2017-01-03,17889.094
1283,2017-01-04,17889.094
1284,2017-01-05,17889.094
1285,2017-01-06,17889.094
1286,2017-01-07,17889.094
1287,2017-01-08,17889.094
1288,2017-01-09,17889.094
1289,2017-01-10,17889.094
1290,2017-01-11,17889.094
1291,2017-01-12,17889.094
1292,2017-01-13,17889.094
1293,2017-01-14,17889.094
1294,2017-01-15,17889.094
1295,2017-01-16,17889.094
1296,2017-01-17,17889.094
1297,2017-01-18,17889.094
1298,2017-01-19,17889.094
1299,2017-01-20,17889.094
1300,2017-01-21,17889.094
1301,2017-01-22,17889.094
1302,2017-01-23,17889.094
1303,2017-01-24,17889.094
1304,2017-01-25,17889.094
1305,2017-01-26,17889.094
1306,2017-01-27,17889.094
1307,2017-01-28,17889.094
1308,2017-01-29,17889.094
1309,2017-01-30,17889.094
1310,2017-01-31,17889.094
1311,2017-02-01,17889.094
1312,2017-02-02,17889.094
1313,2017-02-03,17889.094
1314,2017-02-04,17889.094
1315,2017-02-05,17889.094
1316,2017-02-06,17889.094
1317,2017-02-07,17889.094
1318,2017-02-08,17889.094
1319,2017-02-09,17889.094
1320,2017-02-10,17889.094
1321,2017-02-11,17889.094
1322,2017-02-12,17889.094
1323,2017-02-13,17889.094
1324,2017-02-14,17889.094
1325,2017-02-15,17889.094
1326,2017-02-16,17889.094
1327,2017-02-17,17889.094
1328,2017-02-18,17889.094
1329,2017-02-19,17889.094
1330,2017-02-20,17889.094
1331,2017-02-21,17889.094
1332,2017-02-22,17889.094
1333,2017-02-23,17889.094
1334,2017-02-24,17889.094
1335,2017-02-25,17889.094
1336,2017-02-26,17889.094
1337,2017-02-27,17889.094
1338,2017-02-28,17889.094
1339,2017-03-01,17889.094
1340,2017-03-02,17889.094
1341,2017-03-03,17889.094
1342,2017-03-04,17889.094
1343,2017-03-05,17889.094
1344,2017-03-06,17889.094
1345,2017-03-07,17889.094
1346,2017-03-08,17889.094
1347,2017-03-09,17889.094
1348,2017-03-10,17889.094
1349,2017-03-11,17889.094
1350,2017-03-12,17889.094
1351,2017-03-13,17889.094
1352,2017-03-14,17889.094
1353,2017-03-15,17889.094
1354,2017-03-16,17889.094
1355,2017-03-17,17889.094
1356,2017-03-18,17889.094
1357,2017-03-19,17889.094
1358,2017-03-20,17889.094
1359,2017-03-21,17889.094
1360,2017-03-22,17889.094
1361,2017-03-23,17889.094
1362,2017-03-24,17889.094
1363,2017-03-25,17889.094
1364,2017-03-26,17889.094
1365,2017-03-27,17889.094
1366,2017-03-28,17889.094
1367,2017-03-29,17889.094
1368,2017-03-30,17889.094
1369,2017-03-31,17889.094
1370,2017-04-01,17979.218
1371,2017-04-02,17979.218
1372,2017-04-03,17979.218
1373,2017-04-04,17979.218
1374,2017-04-05,17979.218
1375,2017-04-06,17979.218
1376,2017-04-07,17979.218
1377,2017-04-08,17979.218
1378,2017-04-09,17979.218
1379,2017-04-10,17979.218
1380,2017-04-11,17979.218
1381,2017-04-12,17979.218
1382,2017-04-13,17979.218
1383,2017-04-14,17979.218
1384,2017-04-15,17979.218
1385,2017-04-16,17979.218
1386,2017-04-17,17979.218
1387,2017-04-18,17979.218
1388,2017-04-19,17979.218
1389,2017-04-20,17979.218
1390,2017-04-21,17979.218
1391,2017-04-22,17979.218
1392,2017-04-23,17979.218
1393,2017-04-24,17979.218
1394,2017-04-25,17979.218
1395,2017-04-26,17979.218
1396,2017-04-27,17979.218
1397,2017-04-28,17979.218
1398,2017-04-29,17979.218
1399,2017-04-30,17979.218
1400,2017-05-01,17979.218
1401,2017-05-02,17979.218
1402,2017-05-03,17979.218
1403,2017-05-04,17979.218
1404,2017-05-05,17979.218
1405,2017-05-06,17979.218
1406,2017-05-07,17979.218
1407,2017-05-08,17979.218
1408,2017-05-09,17979.218
1409,2017-05-10,17979.218
1410,2017-05-11,17979.218
1411,2017-05-12,17979.218
1412,2017-05-13,17979.218
1413,2017-05-14,17979.218
1414,2017-05-15,17979.218
1415,2017-05-16,17979.218
1416,2017-05-17,17979.218
1417,2017-05-18,17979.218
1418,2017-05-19,17979.218
1419,2017-05-20,17979.218
1420,2017-05-21,17979.218
1421,2017-05-22,17979.218
1422,2017-05-23,17979.218
1423,2017-05-24,17979.218
1424,2017-05-25,17979.218
1425,2017-05-26,17979.218
1426,2017-05-27,17979.218
1427,2017-05-28,17979.218
1428,2017-05-29,17979.218
1429,2017-05-30,17979.218
1430,2017-05-31,17979.218
1431,2017-06-01,17979.218
1432,2017-06-02,17979.218
1433,2017-06-03,17979.218
1434,2017-06-04,17979.218
1435,2017-06-05,17979.218
1436,2017-06-06,17979.218
1437,2017-06-07,17979.218
1438,2017-06-08,17979.218
1439,2017-06-09,17979.218
1440,2017-06-10,17979.218
1441,2017-06-11,17979.218
1442,2017-06-12,17979.218
1443,2017-06-13,17979.218
1444,2017-06-14,17979.218
1445,2017-06-15,17979.218
1446,2017-06-16,17979.218
1447,2017-06-17,17979.218
1448,2017-06-18,17979.218
1449,2017-06-19,17979.218
1450,2017-06-20,17979.218
1451,2017-06-21,17979.218
1452,2017-06-22,17979.218
1453,2017-06-23,17979.218
1454,2017-06-24,17979.218
1455,2017-06-25,17979.218
1456,2017-06-26,17979.218
1457,2017-06-27,17979.218
1458,2017-06-28,17979.218
1459,2017-06-29,17979.218
1460,2017-06-30,17979.218
1461,2017-07-01,18127.994
1462,2017-07-02,18127.994
1463,2017-07-03,18127.994
1464,2017-07-04,18127.994
1465,2017-07-05,18127.994
1466,2017-07-06,18127.994
1467,2017-07-07,18127.994
1468,2017-07-08,18127.994
1469,2017-07-09,18127.994
1470,2017-07-10,18127.994
1471,2017-07-11,18127.994
1472,2017-07-12,18127.994
1473,2017-07-13,18127.994
1474,2017-07-14,18127.994
1475,2017-07-15,18127.994
1476,2017-07-16,18127.994
1477,2017-07-17,18127.994
1478,2017-07-18,18127.994
1479,2017-07-19,18127.994
1480,2017-07-20,18127.994
1481,2017-07-21,18127.994
1482,2017-07-22,18127.994
1483,2017-07-23,18127.994
1484,2017-07-24,18127.994
1485,2017-07-25,18127.994
1486,2017-07-26,18127.994
1487,2017-07-27,18127.994
1488,2017-07-28,18127.994
1489,2017-07-29,18127.994
1490,2017-07-30,18127.994
1491,2017-07-31,18127.994
1492,2017-08-01,18127.994
1493,2017-08-02,18127.994
1494,2017-08-03,18127.994
1495,2017-08-04,18127.994
1496,2017-08-05,18127.994
1497,2017-08-06,18127.994
1498,2017-08-07,18127.994
1499,2017-08-08,18127.994
1500,2017-08-09,18127.994
1501,2017-08-10,18127.994
1502,2017-08-11,18127.994
1503,2017-08-12,18127.994
1504,2017-08-13,18127.994
1505,2017-08-14,18127.994
1506,2017-08-15,18127.994
1507,2017-08-16,18127.994
1508,2017-08-17,18127.994
1509,2017-08-18,18127.994
1510,2017-08-19,18127.994
1511,2017-08-20,18127.994
1512,2017-08-21,18127.994
1513,2017-08-22,18127.994
1514,2017-08-23,18127.994
1515,2017-08-24,18127.994
1516,2017-08-25,18127.994
1517,2017-08-26,18127.994
1518,2017-08-27,18127.994
1519,2017-08-28,18127.994
1520,2017-08-29,18127.994
1521,2017-08-30,18127.994
1522,2017-08-31,18127.994
1523,2017-09-01,18127.994
1524,2017-09-02,18127.994
1525,2017-09-03,18127.994
1526,2017-09-04,18127.994
1527,2017-09-05,18127.994
1528,2017-09-06,18127.994
1529,2017-09-07,18127.994
1530,2017-09-08,18127.994
1531,2017-09-09,18127.994
1532,2017-09-10,18127.994
1533,2017-09-11,18127.994
1534,2017-09-12,18127.994
1535,2017-09-13,18127.994
1536,2017-09-14,18127.994
1537,2017-09-15,18127.994
1538,2017-09-16,18127.994
1539,2017-09-17,18127.994
1540,2017-09-18,18127.994
1541,2017-09-19,18127.994
1542,2017-09-20,18127.994
1543,2017-09-21,18127.994
1544,2017-09-22,18127.994
1545,2017-09-23,18127.994
1546,2017-09-24,18127.994
1547,2017-09-25,18127.994
1548,2017-09-26,18127.994
1549,2017-09-27,18127.994
1550,2017-09-28,18127.994
1551,2017-09-29,18127.994
1552,2017-09-30,18127.994
1553,2017-10-01,18310.3
1554,2017-10-02,18310.3
1555,2017-10-03,18310.3
1556,2017-10-04,18310.3
1557,2017-10-05,18310.3
1558,2017-10-06,18310.3
1559,2017-10-07,18310.3
1560,2017-10-08,18310.3
1561,2017-10-09,18310.3
1562,2017-10-10,18310.3
1563,2017-10-11,18310.3
1564,2017-10-12,18310.3
1565,2017-10-13,18310.3
1566,2017-10-14,18310.3
1567,2017-10-15,18310.3
1568,2017-10-16,18310.3
1569,2017-10-17,18310.3
1570,2017-10-18,18310.3
1571,2017-10-19,18310.3
1572,2017-10-20,18310.3
1573,2017-10-21,18310.3
1574,2017-10-22,18310.3
1575,2017-10-23,18310.3
1576,2017-10-24,18310.3
1577,2017-10-25,18310.3
1578,2017-10-26,18310.3
1579,2017-10-27,18310.3
1580,2017-10-28,18310.3
1581,2017-10-29,18310.3
1582,2017-10-30,18310.3
1583,2017-10-31,18310.3
1584,2017-11-01,18310.3
1585,2017-11-02,18310.3
1586,2017-11-03,18310.3
1587,2017-11-04,18310.3
1588,2017-11-05,18310.3
1589,2017-11-06,18310.3
1590,2017-11-07,18310.3
1591,2017-11-08,18310.3
1592,2017-11-09,18310.3
1593,2017-11-10,18310.3
1594,2017-11-11,18310.3
1595,2017-11-12,18310.3
1596,2017-11-13,18310.3
1597,2017-11-14,18310.3
1598,2017-11-15,18310.3
1599,2017-11-16,18310.3
1600,2017-11-17,18310.3
1601,2017-11-18,18310.3
1602,2017-11-19,18310.3
1603,2017-11-20,18310.3
1604,2017-11-21,18310.3
1605,2017-11-22,18310.3
1606,2017-11-23,18310.3
1607,2017-11-24,18310.3
1608,2017-11-25,18310.3
1609,2017-11-26,18310.3
1610,2017-11-27,18310.3
1611,2017-11-28,18310.3
1612,2017-11-29,18310.3
1613,2017-11-30,18310.3
1614,2017-12-01,18310.3
1615,2017-12-02,18310.3
1616,2017-12-03,18310.3
1617,2017-12-04,18310.3
1618,2017-12-05,18310.3
1619,2017-12-06,18310.3
1620,2017-12-07,18310.3
1621,2017-12-08,18310.3
1622,2017-12-09,18310.3
1623,2017-12-10,18310.3
1624,2017-12-11,18310.3
1625,2017-12-12,18310.3
1626,2017-12-13,18310.3
1627,2017-12-14,18310.3
1628,2017-12-15,18310.3
1629,2017-12-16,18310.3
1630,2017-12-17,18310.3
1631,2017-12-18,18310.3
1632,2017-12-19,18310.3
1633,2017-12-20,18310.3
1634,2017-12-21,18310.3
1635,2017-12-22,18310.3
1636,2017-12-23,18310.3
1637,2017-12-24,18310.3
1638,2017-12-25,18310.3
1639,2017-12-26,18310.3
1640,2017-12-27,18310.3
1641,2017-12-28,18310.3
1642,2017-12-29,18310.3
1643,2017-12-30,18310.3
1644,2017-12-31,18310.3
1645,2018-01-01,18437.127
1646,2018-01-02,18437.127
1647,2018-01-03,18437.127
1648,2018-01-04,18437.127
1649,2018-01-05,18437.127
1650,2018-01-06,18437.127
1651,2018-01-07,18437.127
1652,2018-01-08,18437.127
1653,2018-01-09,18437.127
1654,2018-01-10,18437.127
1655,2018-01-11,18437.127
1656,2018-01-12,18437.127
1657,2018-01-13,18437.127
1658,2018-01-14,18437.127
1659,2018-01-15,18437.127
1660,2018-01-16,18437.127
1661,2018-01-17,18437.127
1662,2018-01-18,18437.127
1663,2018-01-19,18437.127
1664,2018-01-20,18437.127
1665,2018-01-21,18437.127
1666,2018-01-22,18437.127
1667,2018-01-23,18437.127
1668,2018-01-24,18437.127
1669,2018-01-25,18437.127
1670,2018-01-26,18437.127
1671,2018-01-27,18437.127
1672,2018-01-28,18437.127
1673,2018-01-29,18437.127
1674,2018-01-30,18437.127
1675,2018-01-31,18437.127
1676,2018-02-01,18437.127
1677,2018-02-02,18437.127
1678,2018-02-03,18437.127
1679,2018-02-04,18437.127
1680,2018-02-05,18437.127
1681,2018-02-06,18437.127
1682,2018-02-07,18437.127
1683,2018-02-08,18437.127
1684,2018-02-09,18437.127
1685,2018-02-10,18437.127
1686,2018-02-11,18437.127
1687,2018-02-12,18437.127
1688,2018-02-13,18437.127
1689,2018-02-14,18437.127
1690,2018-02-15,18437.127
1691,2018-02-16,18437.127
1692,2018-02-17,18437.127
1693,2018-02-18,18437.127
1694,2018-02-19,18437.127
1695,2018-02-20,18437.127
1696,2018-02-21,18437.127
1697,2018-02-22,18437.127
1698,2018-02-23,18437.127
1699,2018-02-24,18437.127
1700,2018-02-25,18437.127
1701,2018-02-26,18437.127
1702,2018-02-27,18437.127
1703,2018-02-28,18437.127
1704,2018-03-01,18437.127
1705,2018-03-02,18437.127
1706,2018-03-03,18437.127
1707,2018-03-04,18437.127
1708,2018-03-05,18437.127
1709,2018-03-06,18437.127
1710,2018-03-07,18437.127
1711,2018-03-08,18437.127
1712,2018-03-09,18437.127
1713,2018-03-10,18437.127
1714,2018-03-11,18437.127
1715,2018-03-12,18437.127
1716,2018-03-13,18437.127
1717,2018-03-14,18437.127
1718,2018-03-15,18437.127
1719,2018-03-16,18437.127
1720,2018-03-17,18437.127
1721,2018-03-18,18437.127
1722,2018-03-19,18437.127
1723,2018-03-20,18437.127
1724,2018-03-21,18437.127
1725,2018-03-22,18437.127
1726,2018-03-23,18437.127
1727,2018-03-24,18437.127
1728,2018-03-25,18437.127
1729,2018-03-26,18437.127
1730,2018-03-27,18437.127
1731,2018-03-28,18437.127
1732,2018-03-29,18437.127
1733,2018-03-30,18437.127
1734,2018-03-31,18437.127
1735,2018-04-01,18565.697
1736,2018-04-02,18565.697
1737,2018-04-03,18565.697
1738,2018-04-04,18565.697
1739,2018-04-05,18565.697
1740,2018-04-06,18565.697
1741,2018-04-07,18565.697
1742,2018-04-08,18565.697
1743,2018-04-09,18565.697
1744,2018-04-10,18565.697
1745,2018-04-11,18565.697
1746,2018-04-12,18565.697
1747,2018-04-13,18565.697
1748,2018-04-14,18565.697
1749,2018-04-15,18565.697
1750,2018-04-16,18565.697
1751,2018-04-17,18565.697
1752,2018-04-18,18565.697
1753,2018-04-19,18565.697
1754,2018-04-20,18565.697
1755,2018-04-21,18565.697
1756,2018-04-22,18565.697
1757,2018-04-23,18565.697
1758,2018-04-24,18565.697
1759,2018-04-25,18565.697
1760,2018-04-26,18565.697
1761,2018-04-27,18565.697
1762,2018-04-28,18565.697
1763,2018-04-29,18565.697
1764,2018-04-30,18565.697
1765,2018-05-01,18565.697
1766,2018-05-02,18565.697
1767,2018-05-03,18565.697
1768,2018-05-04,18565.697
1769,2018-05-05,18565.697
1770,2018-05-06,18565.697
1771,2018-05-07,18565.697
1772,2018-05-08,18565.697
1773,2018-05-09,18565.697
1774,2018-05-10,18565.697
1775,2018-05-11,18565.697
1776,2018-05-12,18565.697
1777,2018-05-13,18565.697
1778,2018-05-14,18565.697
1779,2018-05-15,18565.697
1780,2018-05-16,18565.697
1781,2018-05-17,18565.697
1782,2018-05-18,18565.697
1783,2018-05-19,18565.697
1784,2018-05-20,18565.697
1785,2018-05-21,18565.697
1786,2018-05-22,18565.697
1787,2018-05-23,18565.697
1788,2018-05-24,18565.697
1789,2018-05-25,18565.697
1790,2018-05-26,18565.697
1791,2018-05-27,18565.697
1792,2018-05-28,18565.697
1793,2018-05-29,18565.697
1794,2018-05-30,18565.697
1795,2018-05-31,18565.697
1796,2018-06-01,18565.697
1797,2018-06-02,18565.697
1798,2018-06-03,18565.697
1799,2018-06-04,18565.697
1800,2018-06-05,18565.697
1801,2018-06-06,18565.697
1802,2018-06-07,18565.697
1803,2018-06-08,18565.697
1804,2018-06-09,18565.697
1805,2018-06-10,18565.697
1806,2018-06-11,18565.697
1807,2018-06-12,18565.697
1808,2018-06-13,18565.697
1809,2018-06-14,18565.697
1810,2018-06-15,18565.697
1811,2018-06-16,18565.697
1812,2018-06-17,18565.697
1813,2018-06-18,18565.697
1814,2018-06-19,18565.697
1815,2018-06-20,18565.697
1816,2018-06-21,18565.697
1817,2018-06-22,18565.697
1818,2018-06-23,18565.697
1819,2018-06-24,18565.697
1820,2018-06-25,18565.697
1821,2018-06-26,18565.697
1822,2018-06-27,18565.697
1823,2018-06-28,18565.697
1824,2018-06-29,18565.697
1825,2018-06-30,18565.697
1826,2018-07-01,18699.748
1827,2018-07-02,18699.748
1828,2018-07-03,18699.748
1829,2018-07-04,18699.748
1830,2018-07-05,18699.748
1831,2018-07-06,18699.748
1832,2018-07-07,18699.748
1833,2018-07-08,18699.748
1834,2018-07-09,18699.748
1835,2018-07-10,18699.748
1836,2018-07-11,18699.748
1837,2018-07-12,18699.748
1838,2018-07-13,18699.748
1839,2018-07-14,18699.748
1840,2018-07-15,18699.748
1841,2018-07-16,18699.748
1842,2018-07-17,18699.748
1843,2018-07-18,18699.748
1844,2018-07-19,18699.748
1845,2018-07-20,18699.748
1846,2018-07-21,18699.748
1847,2018-07-22,18699.748
1848,2018-07-23,18699.748
1849,2018-07-24,18699.748
1850,2018-07-25,18699.748
1851,2018-07-26,18699.748
1852,2018-07-27,18699.748
1853,2018-07-28,18699.748
1854,2018-07-29,18699.748
1855,2018-07-30,18699.748
1856,2018-07-31,18699.748
1857,2018-08-01,18699.748
1858,2018-08-02,18699.748
1859,2018-08-03,18699.748
1860,2018-08-04,18699.748
1861,2018-08-05,18699.748
1862,2018-08-06,18699.748
1863,2018-08-07,18699.748
1864,2018-08-08,18699.748
1865,2018-08-09,18699.748
1866,2018-08-10,18699.748
1867,2018-08-11,18699.748
1868,2018-08-12,18699.748
1869,2018-08-13,18699.748
1870,2018-08-14,18699.748
1871,2018-08-15,18699.748
1872,2018-08-16,18699.748
1873,2018-08-17,18699.748
1874,2018-08-18,18699.748
1875,2018-08-19,18699.748
1876,2018-08-20,18699.748
1877,2018-08-21,18699.748
1878,2018-08-22,18699.748
1879,2018-08-23,18699.748
1880,2018-08-24,18699.748
1881,2018-08-25,18699.748
1882,2018-08-26,18699.748
1883,2018-08-27,18699.748
1884,2018-08-28,18699.748
1885,2018-08-29,18699.748
1886,2018-08-30,18699.748
1887,2018-08-31,18699.748
1888,2018-09-01,18699.748
1889,2018-09-02,18699.748
1890,2018-09-03,18699.748
1891,2018-09-04,18699.748
1892,2018-09-05,18699.748
1893,2018-09-06,18699.748
1894,2018-09-07,18699.748
1895,2018-09-08,18699.748
1896,2018-09-09,18699.748
1897,2018-09-10,18699.748
1898,2018-09-11,18699.748
1899,2018-09-12,18699.748
1900,2018-09-13,18699.748
1901,2018-09-14,18699.748
1902,2018-09-15,18699.748
1903,2018-09-16,18699.748
1904,2018-09-17,18699.748
1905,2018-09-18,18699.748
1906,2018-09-19,18699.748
1907,2018-09-20,18699.748
1908,2018-09-21,18699.748
1909,2018-09-22,18699.748
1910,2018-09-23,18699.748
1911,2018-09-24,18699.748
1912,2018-09-25,18699.748
1913,2018-09-26,18699.748
1914,2018-09-27,18699.748
1915,2018-09-28,18699.748
1916,2018-09-29,18699.748
1917,2018-09-30,18699.748
1918,2018-10-01,18733.741
1919,2018-10-02,18733.741
1920,2018-10-03,18733.741
1921,2018-10-04,18733.741
1922,2018-10-05,18733.741
1923,2018-10-06,18733.741
1924,2018-10-07,18733.741
1925,2018-10-08,18733.741
1926,2018-10-09,18733.741
1927,2018-10-10,18733.741
1928,2018-10-11,18733.741
1929,2018-10-12,18733.741
1930,2018-10-13,18733.741
1931,2018-10-14,18733.741
1932,2018-10-15,18733.741
1933,2018-10-16,18733.741
1934,2018-10-17,18733.741
1935,2018-10-18,18733.741
1936,2018-10-19,18733.741
1937,2018-10-20,18733.741
1938,2018-10-21,18733.741
1939,2018-10-22,18733.741
1940,2018-10-23,18733.741
1941,2018-10-24,18733.741
1942,2018-10-25,18733.741
1943,2018-10-26,18733.741
1944,2018-10-27,18733.741
1945,2018-10-28,18733.741
1946,2018-10-29,18733.741
1947,2018-10-30,18733.741
1948,2018-10-31,18733.741
1949,2018-11-01,18733.741
1950,2018-11-02,18733.741
1951,2018-11-03,18733.741
1952,2018-11-04,18733.741
1953,2018-11-05,18733.741
1954,2018-11-06,18733.741
1955,2018-11-07,18733.741
1956,2018-11-08,18733.741
1957,2018-11-09,18733.741
1958,2018-11-10,18733.741
1959,2018-11-11,18733.741
1960,2018-11-12,18733.741
1961,2018-11-13,18733.741
1962,2018-11-14,18733.741
1963,2018-11-15,18733.741
1964,2018-11-16,18733.741
1965,2018-11-17,18733.741
1966,2018-11-18,18733.741
1967,2018-11-19,18733.741
1968,2018-11-20,18733.741
1969,2018-11-21,18733.741
1970,2018-11-22,18733.741
1971,2018-11-23,18733.741
1972,2018-11-24,18733.741
1973,2018-11-25,18733.741
1974,2018-11-26,18733.741
1975,2018-11-27,18733.741
1976,2018-11-28,18733.741
1977,2018-11-29,18733.741
1978,2018-11-30,18733.741
1979,2018-12-01,18733.741
1980,2018-12-02,18733.741
1981,2018-12-03,18733.741
1982,2018-12-04,18733.741
1983,2018-12-05,18733.741
1984,2018-12-06,18733.741
1985,2018-12-07,18733.741
1986,2018-12-08,18733.741
1987,2018-12-09,18733.741
1988,2018-12-10,18733.741
1989,2018-12-11,18733.741
1990,2018-12-12,18733.741
1991,2018-12-13,18733.741
1992,2018-12-14,18733.741
1993,2018-12-15,18733.741
1994,2018-12-16,18733.741
1995,2018-12-17,18733.741
1996,2018-12-18,18733.741
1997,2018-12-19,18733.741
1998,2018-12-20,18733.741
1999,2018-12-21,18733.741
2000,2018-12-22,18733.741
2001,2018-12-23,18733.741
2002,2018-12-24,18733.741
2003,2018-12-25,18733.741
2004,2018-12-26,18733.741
2005,2018-12-27,18733.741
2006,2018-12-28,18733.741
2007,2018-12-29,18733.741
2008,2018-12-30,18733.741
2009,2018-12-31,18733.741
2010,2019-01-01,18835.411
2011,2019-01-02,18835.411
2012,2019-01-03,18835.411
2013,2019-01-04,18835.411
2014,2019-01-05,18835.411
2015,2019-01-06,18835.411
2016,2019-01-07,18835.411
2017,2019-01-08,18835.411
2018,2019-01-09,18835.411
2019,2019-01-10,18835.411
2020,2019-01-11,18835.411
2021,2019-01-12,18835.411
2022,2019-01-13,18835.411
2023,2019-01-14,18835.411
2024,2019-01-15,18835.411
2025,2019-01-16,18835.411
2026,2019-01-17,18835.411
2027,2019-01-18,18835.411
2028,2019-01-19,18835.411
2029,2019-01-20,18835.411
2030,2019-01-21,18835.411
2031,2019-01-22,18835.411
2032,2019-01-23,18835.411
2033,2019-01-24,18835.411
2034,2019-01-25,18835.411
2035,2019-01-26,18835.411
2036,2019-01-27,18835.411
2037,2019-01-28,18835.411
2038,2019-01-29,18835.411
2039,2019-01-30,18835.411
2040,2019-01-31,18835.411
2041,2019-02-01,18835.411
2042,2019-02-02,18835.411
2043,2019-02-03,18835.411
2044,2019-02-04,18835.411
2045,2019-02-05,18835.411
2046,2019-02-06,18835.411
2047,2019-02-07,18835.411
2048,2019-02-08,18835.411
2049,2019-02-09,18835.411
2050,2019-02-10,18835.411
2051,2019-02-11,18835.411
2052,2019-02-12,18835.411
2053,2019-02-13,18835.411
2054,2019-02-14,18835.411
2055,2019-02-15,18835.411
2056,2019-02-16,18835.411
2057,2019-02-17,18835.411
2058,2019-02-18,18835.411
2059,2019-02-19,18835.411
2060,2019-02-20,18835.411
2061,2019-02-21,18835.411
2062,2019-02-22,18835.411
2063,2019-02-23,18835.411
2064,2019-02-24,18835.411
2065,2019-02-25,18835.411
2066,2019-02-26,18835.411
2067,2019-02-27,18835.411
2068,2019-02-28,18835.411
2069,2019-03-01,18835.411
2070,2019-03-02,18835.411
2071,2019-03-03,18835.411
2072,2019-03-04,18835.411
2073,2019-03-05,18835.411
2074,2019-03-06,18835.411
2075,2019-03-07,18835.411
2076,2019-03-08,18835.411
2077,2019-03-09,18835.411
2078,2019-03-10,18835.411
2079,2019-03-11,18835.411
2080,2019-03-12,18835.411
2081,2019-03-13,18835.411
2082,2019-03-14,18835.411
2083,2019-03-15,18835.411
2084,2019-03-16,18835.411
2085,2019-03-17,18835.411
2086,2019-03-18,18835.411
2087,2019-03-19,18835.411
2088,2019-03-20,18835.411
2089,2019-03-21,18835.411
2090,2019-03-22,18835.411
2091,2019-03-23,18835.411
2092,2019-03-24,18835.411
2093,2019-03-25,18835.411
2094,2019-03-26,18835.411
2095,2019-03-27,18835.411
2096,2019-03-28,18835.411
2097,2019-03-29,18835.411
2098,2019-03-30,18835.411
2099,2019-03-31,18835.411
2100,2019-04-01,18962.175
2101,2019-04-02,18962.175
2102,2019-04-03,18962.175
2103,2019-04-04,18962.175
2104,2019-04-05,18962.175
2105,2019-04-06,18962.175
2106,2019-04-07,18962.175
2107,2019-04-08,18962.175
2108,2019-04-09,18962.175
2109,2019-04-10,18962.175
2110,2019-04-11,18962.175
2111,2019-04-12,18962.175
2112,2019-04-13,18962.175
2113,2019-04-14,18962.175
2114,2019-04-15,18962.175
2115,2019-04-16,18962.175
2116,2019-04-17,18962.175
2117,2019-04-18,18962.175
2118,2019-04-19,18962.175
2119,2019-04-20,18962.175
2120,2019-04-21,18962.175
2121,2019-04-22,18962.175
2122,2019-04-23,18962.175
2123,2019-04-24,18962.175
2124,2019-04-25,18962.175
2125,2019-04-26,18962.175
2126,2019-04-27,18962.175
2127,2019-04-28,18962.175
2128,2019-04-29,18962.175
2129,2019-04-30,18962.175
2130,2019-05-01,18962.175
2131,2019-05-02,18962.175
2132,2019-05-03,18962.175
2133,2019-05-04,18962.175
2134,2019-05-05,18962.175
2135,2019-05-06,18962.175
2136,2019-05-07,18962.175
2137,2019-05-08,18962.175
2138,2019-05-09,18962.175
2139,2019-05-10,18962.175
2140,2019-05-11,18962.175
2141,2019-05-12,18962.175
2142,2019-05-13,18962.175
2143,2019-05-14,18962.175
2144,2019-05-15,18962.175
2145,2019-05-16,18962.175
2146,2019-05-17,18962.175
2147,2019-05-18,18962.175
2148,2019-05-19,18962.175
2149,2019-05-20,18962.175
2150,2019-05-21,18962.175
2151,2019-05-22,18962.175
2152,2019-05-23,18962.175
2153,2019-05-24,18962.175
2154,2019-05-25,18962.175
2155,2019-05-26,18962.175
2156,2019-05-27,18962.175
2157,2019-05-28,18962.175
2158,2019-05-29,18962.175
2159,2019-05-30,18962.175
2160,2019-05-31,18962.175
2161,2019-06-01,18962.175
2162,2019-06-02,18962.175
2163,2019-06-03,18962.175
2164,2019-06-04,18962.175
2165,2019-06-05,18962.175
2166,2019-06-06,18962.175
2167,2019-06-07,18962.175
2168,2019-06-08,18962.175
2169,2019-06-09,18962.175
2170,2019-06-10,18962.175
2171,2019-06-11,18962.175
2172,2019-06-12,18962.175
2173,2019-06-13,18962.175
2174,2019-06-14,18962.175
2175,2019-06-15,18962.175
2176,2019-06-16,18962.175
2177,2019-06-17,18962.175
2178,2019-06-18,18962.175
2179,2019-06-19,18962.175
2180,2019-06-20,18962.175
2181,2019-06-21,18962.175
2182,2019-06-22,18962.175
2183,2019-06-23,18962.175
2184,2019-06-24,18962.175
2185,2019-06-25,18962.175
2186,2019-06-26,18962.175
2187,2019-06-27,18962.175
2188,2019-06-28,18962.175
2189,2019-06-29,18962.175
2190,2019-06-30,18962.175
2191,2019-07-01,19130.932
2192,2019-07-02,19130.932
2193,2019-07-03,19130.932
2194,2019-07-04,19130.932
2195,2019-07-05,19130.932
2196,2019-07-06,19130.932
2197,2019-07-07,19130.932
2198,2019-07-08,19130.932
2199,2019-07-09,19130.932
2200,2019-07-10,19130.932
2201,2019-07-11,19130.932
2202,2019-07-12,19130.932
2203,2019-07-13,19130.932
2204,2019-07-14,19130.932
2205,2019-07-15,19130.932
2206,2019-07-16,19130.932
2207,2019-07-17,19130.932
2208,2019-07-18,19130.932
2209,2019-07-19,19130.932
2210,2019-07-20,19130.932
2211,2019-07-21,19130.932
2212,2019-07-22,19130.932
2213,2019-07-23,19130.932
2214,2019-07-24,19130.932
2215,2019-07-25,19130.932
2216,2019-07-26,19130.932
2217,2019-07-27,19130.932
2218,2019-07-28,19130.932
2219,2019-07-29,19130.932
2220,2019-07-30,19130.932
2221,2019-07-31,19130.932
2222,2019-08-01,19130.932
2223,2019-08-02,19130.932
2224,2019-08-03,19130.932
2225,2019-08-04,19130.932
2226,2019-08-05,19130.932
2227,2019-08-06,19130.932
2228,2019-08-07,19130.932
2229,2019-08-08,19130.932
2230,2019-08-09,19130.932
2231,2019-08-10,19130.932
2232,2019-08-11,19130.932
2233,2019-08-12,19130.932
2234,2019-08-13,19130.932
2235,2019-08-14,19130.932
2236,2019-08-15,19130.932
2237,2019-08-16,19130.932
2238,2019-08-17,19130.932
2239,2019-08-18,19130.932
2240,2019-08-19,19130.932
2241,2019-08-20,19130.932
2242,2019-08-21,19130.932
2243,2019-08-22,19130.932
2244,2019-08-23,19130.932
2245,2019-08-24,19130.932
2246,2019-08-25,19130.932
2247,2019-08-26,19130.932
2248,2019-08-27,19130.932
2249,2019-08-28,19130.932
2250,2019-08-29,19130.932
2251,2019-08-30,19130.932
2252,2019-08-31,19130.932
2253,2019-09-01,19130.932
2254,2019-09-02,19130.932
2255,2019-09-03,19130.932
2256,2019-09-04,19130.932
2257,2019-09-05,19130.932
2258,2019-09-06,19130.932
2259,2019-09-07,19130.932
2260,2019-09-08,19130.932
2261,2019-09-09,19130.932
2262,2019-09-10,19130.932
2263,2019-09-11,19130.932
2264,2019-09-12,19130.932
2265,2019-09-13,19130.932
2266,2019-09-14,19130.932
2267,2019-09-15,19130.932
2268,2019-09-16,19130.932
2269,2019-09-17,19130.932
2270,2019-09-18,19130.932
2271,2019-09-19,19130.932
2272,2019-09-20,19130.932
2273,2019-09-21,19130.932
2274,2019-09-22,19130.932
2275,2019-09-23,19130.932
2276,2019-09-24,19130.932
2277,2019-09-25,19130.932
2278,2019-09-26,19130.932
2279,2019-09-27,19130.932
2280,2019-09-28,19130.932
2281,2019-09-29,19130.932
2282,2019-09-30,19130.932
2283,2019-10-01,19215.691
2284,2019-10-02,19215.691
2285,2019-10-03,19215.691
2286,2019-10-04,19215.691
2287,2019-10-05,19215.691
2288,2019-10-06,19215.691
2289,2019-10-07,19215.691
2290,2019-10-08,19215.691
2291,2019-10-09,19215.691
2292,2019-10-10,19215.691
2293,2019-10-11,19215.691
2294,2019-10-12,19215.691
2295,2019-10-13,19215.691
2296,2019-10-14,19215.691
2297,2019-10-15,19215.691
2298,2019-10-16,19215.691
2299,2019-10-17,19215.691
2300,2019-10-18,19215.691
2301,2019-10-19,19215.691
2302,2019-10-20,19215.691
2303,2019-10-21,19215.691
2304,2019-10-22,19215.691
2305,2019-10-23,19215.691
2306,2019-10-24,19215.691
2307,2019-10-25,19215.691
2308,2019-10-26,19215.691
2309,2019-10-27,19215.691
2310,2019-10-28,19215.691
2311,2019-10-29,19215.691
2312,2019-10-30,19215.691
2313,2019-10-31,19215.691
2314,2019-11-01,19215.691
2315,2019-11-02,19215.691
2316,2019-11-03,19215.691
2317,2019-11-04,19215.691
2318,2019-11-05,19215.691
2319,2019-11-06,19215.691
2320,2019-11-07,19215.691
2321,2019-11-08,19215.691
2322,2019-11-09,19215.691
2323,2019-11-10,19215.691
2324,2019-11-11,19215.691
2325,2019-11-12,19215.691
2326,2019-11-13,19215.691
2327,2019-11-14,19215.691
2328,2019-11-15,19215.691
2329,2019-11-16,19215.691
2330,2019-11-17,19215.691
2331,2019-11-18,19215.691
2332,2019-11-19,19215.691
2333,2019-11-20,19215.691
2334,2019-11-21,19215.691
2335,2019-11-22,19215.691
2336,2019-11-23,19215.691
2337,2019-11-24,19215.691
2338,2019-11-25,19215.691
2339,2019-11-26,19215.691
2340,2019-11-27,19215.691
2341,2019-11-28,19215.691
2342,2019-11-29,19215.691
2343,2019-11-30,19215.691
2344,2019-12-01,19215.691
2345,2019-12-02,19215.691
2346,2019-12-03,19215.691
2347,2019-12-04,19215.691
2348,2019-12-05,19215.691
2349,2019-12-06,19215.691
2350,2019-12-07,19215.691
2351,2019-12-08,19215.691
2352,2019-12-09,19215.691
2353,2019-12-10,19215.691
2354,2019-12-11,19215.691
2355,2019-12-12,19215.691
2356,2019-12-13,19215.691
2357,2019-12-14,19215.691
2358,2019-12-15,19215.691
2359,2019-12-16,19215.691
2360,2019-12-17,19215.691
2361,2019-12-18,19215.691
2362,2019-12-19,19215.691
2363,2019-12-20,19215.691
2364,2019-12-21,19215.691
2365,2019-12-22,19215.691
2366,2019-12-23,19215.691
2367,2019-12-24,19215.691
2368,2019-12-25,19215.691
2369,2019-12-26,19215.691
2370,2019-12-27,19215.691
2371,2019-12-28,19215.691
2372,2019-12-29,19215.691
2373,2019-12-30,19215.691
2374,2019-12-31,19215.691
2375,2020-01-01,18989.877
2376,2020-01-02,18989.877
2377,2020-01-03,18989.877
2378,2020-01-04,18989.877
2379,2020-01-05,18989.877
2380,2020-01-06,18989.877
2381,2020-01-07,18989.877
2382,2020-01-08,18989.877
2383,2020-01-09,18989.877
2384,2020-01-10,18989.877
2385,2020-01-11,18989.877
2386,2020-01-12,18989.877
2387,2020-01-13,18989.877
2388,2020-01-14,18989.877
2389,2020-01-15,18989.877
2390,2020-01-16,18989.877
2391,2020-01-17,18989.877
2392,2020-01-18,18989.877
2393,2020-01-19,18989.877
2394,2020-01-20,18989.877
2395,2020-01-21,18989.877
2396,2020-01-22,18989.877
2397,2020-01-23,18989.877
2398,2020-01-24,18989.877
2399,2020-01-25,18989.877
2400,2020-01-26,18989.877
2401,2020-01-27,18989.877
2402,2020-01-28,18989.877
2403,2020-01-29,18989.877
2404,2020-01-30,18989.877
2405,2020-01-31,18989.877
2406,2020-02-01,18989.877
2407,2020-02-02,18989.877
2408,2020-02-03,18989.877
2409,2020-02-04,18989.877
2410,2020-02-05,18989.877
2411,2020-02-06,18989.877
2412,2020-02-07,18989.877
2413,2020-02-08,18989.877
2414,2020-02-09,18989.877
2415,2020-02-10,18989.877
2416,2020-02-11,18989.877
2417,2020-02-12,18989.877
2418,2020-02-13,18989.877
2419,2020-02-14,18989.877
2420,2020-02-15,18989.877
2421,2020-02-16,18989.877
2422,2020-02-17,18989.877
2423,2020-02-18,18989.877
2424,2020-02-19,18989.877
2425,2020-02-20,18989.877
2426,2020-02-21,18989.877
2427,2020-02-22,18989.877
2428,2020-02-23,18989.877
2429,2020-02-24,18989.877
2430,2020-02-25,18989.877
2431,2020-02-26,18989.877
2432,2020-02-27,18989.877
2433,2020-02-28,18989.877
2434,2020-02-29,18989.877
2435,2020-03-01,18989.877
2436,2020-03-02,18989.877
2437,2020-03-03,18989.877
2438,2020-03-04,18989.877
2439,2020-03-05,18989.877
2440,2020-03-06,18989.877
2441,2020-03-07,18989.877
2442,2020-03-08,18989.877
2443,2020-03-09,18989.877
2444,2020-03-10,18989.877
2445,2020-03-11,18989.877
2446,2020-03-12,18989.877
2447,2020-03-13,18989.877
2448,2020-03-14,18989.877
2449,2020-03-15,18989.877
2450,2020-03-16,18989.877
2451,2020-03-17,18989.877
2452,2020-03-18,18989.877
2453,2020-03-19,18989.877
2454,2020-03-20,18989.877
2455,2020-03-21,18989.877
2456,2020-03-22,18989.877
2457,2020-03-23,18989.877
2458,2020-03-24,18989.877
2459,2020-03-25,18989.877
2460,2020-03-26,18989.877
2461,2020-03-27,18989.877
2462,2020-03-28,18989.877
2463,2020-03-29,18989.877
2464,2020-03-30,18989.877
2465,2020-03-31,18989.877
2466,2020-04-01,17378.712
2467,2020-04-02,17378.712
2468,2020-04-03,17378.712
2469,2020-04-04,17378.712
2470,2020-04-05,17378.712
2471,2020-04-06,17378.712
2472,2020-04-07,17378.712
2473,2020-04-08,17378.712
2474,2020-04-09,17378.712
2475,2020-04-10,17378.712
2476,2020-04-11,17378.712
2477,2020-04-12,17378.712
2478,2020-04-13,17378.712
2479,2020-04-14,17378.712
2480,2020-04-15,17378.712
2481,2020-04-16,17378.712
2482,2020-04-17,17378.712
2483,2020-04-18,17378.712
2484,2020-04-19,17378.712
2485,2020-04-20,17378.712
2486,2020-04-21,17378.712
2487,2020-04-22,17378.712
2488,2020-04-23,17378.712
2489,2020-04-24,17378.712
2490,2020-04-25,17378.712
2491,2020-04-26,17378.712
2492,2020-04-27,17378.712
2493,2020-04-28,17378.712
2494,2020-04-29,17378.712
2495,2020-04-30,17378.712
2496,2020-05-01,17378.712
2497,2020-05-02,17378.712
2498,2020-05-03,17378.712
2499,2020-05-04,17378.712
2500,2020-05-05,17378.712
2501,2020-05-06,17378.712
2502,2020-05-07,17378.712
2503,2020-05-08,17378.712
2504,2020-05-09,17378.712
2505,2020-05-10,17378.712
2506,2020-05-11,17378.712
2507,2020-05-12,17378.712
2508,2020-05-13,17378.712
2509,2020-05-14,17378.712
2510,2020-05-15,17378.712
2511,2020-05-16,17378.712
2512,2020-05-17,17378.712
2513,2020-05-18,17378.712
2514,2020-05-19,17378.712
2515,2020-05-20,17378.712
2516,2020-05-21,17378.712
2517,2020-05-22,17378.712
2518,2020-05-23,17378.712
2519,2020-05-24,17378.712
2520,2020-05-25,17378.712
2521,2020-05-26,17378.712
2522,2020-05-27,17378.712
2523,2020-05-28,17378.712
2524,2020-05-29,17378.712
2525,2020-05-30,17378.712
2526,2020-05-31,17378.712
2527,2020-06-01,17378.712
2528,2020-06-02,17378.712
2529,2020-06-03,17378.712
2530,2020-06-04,17378.712
2531,2020-06-05,17378.712
2532,2020-06-06,17378.712
2533,2020-06-07,17378.712
2534,2020-06-08,17378.712
2535,2020-06-09,17378.712
2536,2020-06-10,17378.712
2537,2020-06-11,17378.712
2538,2020-06-12,17378.712
2539,2020-06-13,17378.712
2540,2020-06-14,17378.712
2541,2020-06-15,17378.712
2542,2020-06-16,17378.712
2543,2020-06-17,17378.712
2544,2020-06-18,17378.712
2545,2020-06-19,17378.712
2546,2020-06-20,17378.712
2547,2020-06-21,17378.712
2548,2020-06-22,17378.712
2549,2020-06-23,17378.712
2550,2020-06-24,17378.712
2551,2020-06-25,17378.712
2552,2020-06-26,17378.712
2553,2020-06-27,17378.712
2554,2020-06-28,17378.712
2555,2020-06-29,17378.712
2556,2020-06-30,17378.712
2557,2020-07-01,18743.72
2558,2020-07-02,18743.72
2559,2020-07-03,18743.72
2560,2020-07-04,18743.72
2561,2020-07-05,18743.72
2562,2020-07-06,18743.72
2563,2020-07-07,18743.72
2564,2020-07-08,18743.72
2565,2020-07-09,18743.72
2566,2020-07-10,18743.72
2567,2020-07-11,18743.72
2568,2020-07-12,18743.72
2569,2020-07-13,18743.72
2570,2020-07-14,18743.72
2571,2020-07-15,18743.72
2572,2020-07-16,18743.72
2573,2020-07-17,18743.72
2574,2020-07-18,18743.72
2575,2020-07-19,18743.72
2576,2020-07-20,18743.72
2577,2020-07-21,18743.72
2578,2020-07-22,18743.72
2579,2020-07-23,18743.72
2580,2020-07-24,18743.72
2581,2020-07-25,18743.72
2582,2020-07-26,18743.72
2583,2020-07-27,18743.72
2584,2020-07-28,18743.72
2585,2020-07-29,18743.72
2586,2020-07-30,18743.72
2587,2020-07-31,18743.72
2588,2020-08-01,18743.72
2589,2020-08-02,18743.72
2590,2020-08-03,18743.72
2591,2020-08-04,18743.72
2592,2020-08-05,18743.72
2593,2020-08-06,18743.72
2594,2020-08-07,18743.72
2595,2020-08-08,18743.72
2596,2020-08-09,18743.72
2597,2020-08-10,18743.72
2598,2020-08-11,18743.72
2599,2020-08-12,18743.72
2600,2020-08-13,18743.72
2601,2020-08-14,18743.72
2602,2020-08-15,18743.72
2603,2020-08-16,18743.72
2604,2020-08-17,18743.72
2605,2020-08-18,18743.72
2606,2020-08-19,18743.72
2607,2020-08-20,18743.72
2608,2020-08-21,18743.72
2609,2020-08-22,18743.72
2610,2020-08-23,18743.72
2611,2020-08-24,18743.72
2612,2020-08-25,18743.72
2613,2020-08-26,18743.72
2614,2020-08-27,18743.72
2615,2020-08-28,18743.72
2616,2020-08-29,18743.72
2617,2020-08-30,18743.72
2618,2020-08-31,18743.72
2619,2020-09-01,18743.72
2620,2020-09-02,18743.72
2621,2020-09-03,18743.72
2622,2020-09-04,18743.72
2623,2020-09-05,18743.72
2624,2020-09-06,18743.72
2625,2020-09-07,18743.72
2626,2020-09-08,18743.72
2627,2020-09-09,18743.72
2628,2020-09-10,18743.72
2629,2020-09-11,18743.72
2630,2020-09-12,18743.72
2631,2020-09-13,18743.72
2632,2020-09-14,18743.72
2633,2020-09-15,18743.72
2634,2020-09-16,18743.72
2635,2020-09-17,18743.72
2636,2020-09-18,18743.72
2637,2020-09-19,18743.72
2638,2020-09-20,18743.72
2639,2020-09-21,18743.72
2640,2020-09-22,18743.72
2641,2020-09-23,18743.72
2642,2020-09-24,18743.72
2643,2020-09-25,18743.72
2644,2020-09-26,18743.72
2645,2020-09-27,18743.72
2646,2020-09-28,18743.72
2647,2020-09-29,18743.72
2648,2020-09-30,18743.72
2649,2020-10-01,18924.262
2650,2020-10-02,18924.262
2651,2020-10-03,18924.262
2652,2020-10-04,18924.262
2653,2020-10-05,18924.262
2654,2020-10-06,18924.262
2655,2020-10-07,18924.262
2656,2020-10-08,18924.262
2657,2020-10-09,18924.262
2658,2020-10-10,18924.262
2659,2020-10-11,18924.262
2660,2020-10-12,18924.262
2661,2020-10-13,18924.262
2662,2020-10-14,18924.262
2663,2020-10-15,18924.262
2664,2020-10-16,18924.262
2665,2020-10-17,18924.262
2666,2020-10-18,18924.262
2667,2020-10-19,18924.262
2668,2020-10-20,18924.262
2669,2020-10-21,18924.262
2670,2020-10-22,18924.262
2671,2020-10-23,18924.262
2672,2020-10-24,18924.262
2673,2020-10-25,18924.262
2674,2020-10-26,18924.262
2675,2020-10-27,18924.262
2676,2020-10-28,18924.262
2677,2020-10-29,18924.262
2678,2020-10-30,18924.262
2679,2020-10-31,18924.262
2680,2020-11-01,18924.262
2681,2020-11-02,18924.262
2682,2020-11-03,18924.262
2683,2020-11-04,18924.262
2684,2020-11-05,18924.262
2685,2020-11-06,18924.262
2686,2020-11-07,18924.262
2687,2020-11-08,18924.262
2688,2020-11-09,18924.262
2689,2020-11-10,18924.262
2690,2020-11-11,18924.262
2691,2020-11-12,18924.262
2692,2020-11-13,18924.262
2693,2020-11-14,18924.262
2694,2020-11-15,18924.262
2695,2020-11-16,18924.262
2696,2020-11-17,18924.262
2697,2020-11-18,18924.262
2698,2020-11-19,18924.262
2699,2020-11-20,18924.262
2700,2020-11-21,18924.262
2701,2020-11-22,18924.262
2702,2020-11-23,18924.262
2703,2020-11-24,18924.262
2704,2020-11-25,18924.262
2705,2020-11-26,18924.262
2706,2020-11-27,18924.262
2707,2020-11-28,18924.262
2708,2020-11-29,18924.262
2709,2020-11-30,18924.262
2710,2020-12-01,18924.262
2711,2020-12-02,18924.262
2712,2020-12-03,18924.262
2713,2020-12-04,18924.262
2714,2020-12-05,18924.262
2715,2020-12-06,18924.262
2716,2020-12-07,18924.262
2717,2020-12-08,18924.262
2718,2020-12-09,18924.262
2719,2020-12-10,18924.262
2720,2020-12-11,18924.262
2721,2020-12-12,18924.262
2722,2020-12-13,18924.262
2723,2020-12-14,18924.262
2724,2020-12-15,18924.262
2725,2020-12-16,18924.262
2726,2020-12-17,18924.262
2727,2020-12-18,18924.262
2728,2020-12-19,18924.262
2729,2020-12-20,18924.262
2730,2020-12-21,18924.262
2731,2020-12-22,18924.262
2732,2020-12-23,18924.262
2733,2020-12-24,18924.262
2734,2020-12-25,18924.262
2735,2020-12-26,18924.262
2736,2020-12-27,18924.262
2737,2020-12-28,18924.262
2738,2020-12-29,18924.262
2739,2020-12-30,18924.262
2740,2020-12-31,18924.262
2741,2021-01-01,19216.224
2742,2021-01-02,19216.224
2743,2021-01-03,19216.224
2744,2021-01-04,19216.224
2745,2021-01-05,19216.224
2746,2021-01-06,19216.224
2747,2021-01-07,19216.224
2748,2021-01-08,19216.224
2749,2021-01-09,19216.224
2750,2021-01-10,19216.224
2751,2021-01-11,19216.224
2752,2021-01-12,19216.224
2753,2021-01-13,19216.224
2754,2021-01-14,19216.224
2755,2021-01-15,19216.224
2756,2021-01-16,19216.224
2757,2021-01-17,19216.224
2758,2021-01-18,19216.224
2759,2021-01-19,19216.224
2760,2021-01-20,19216.224
2761,2021-01-21,19216.224
2762,2021-01-22,19216.224
2763,2021-01-23,19216.224
2764,2021-01-24,19216.224
2765,2021-01-25,19216.224
2766,2021-01-26,19216.224
2767,2021-01-27,19216.224
2768,2021-01-28,19216.224
2769,2021-01-29,19216.224
2770,2021-01-30,19216.224
2771,2021-01-31,19216.224
2772,2021-02-01,19216.224
2773,2021-02-02,19216.224
2774,2021-02-03,19216.224
2775,2021-02-04,19216.224
2776,2021-02-05,19216.224
2777,2021-02-06,19216.224
2778,2021-02-07,19216.224
2779,2021-02-08,19216.224
2780,2021-02-09,19216.224
2781,2021-02-10,19216.224
2782,2021-02-11,19216.224
2783,2021-02-12,19216.224
2784,2021-02-13,19216.224
2785,2021-02-14,19216.224
2786,2021-02-15,19216.224
2787,2021-02-16,19216.224
2788,2021-02-17,19216.224
2789,2021-02-18,19216.224
2790,2021-02-19,19216.224
2791,2021-02-20,19216.224
2792,2021-02-21,19216.224
2793,2021-02-22,19216.224
2794,2021-02-23,19216.224
2795,2021-02-24,19216.224
2796,2021-02-25,19216.224
2797,2021-02-26,19216.224
2798,2021-02-27,19216.224
2799,2021-02-28,19216.224
2800,2021-03-01,19216.224
2801,2021-03-02,19216.224
2802,2021-03-03,19216.224
2803,2021-03-04,19216.224
2804,2021-03-05,19216.224
2805,2021-03-06,19216.224
2806,2021-03-07,19216.224
2807,2021-03-08,19216.224
2808,2021-03-09,19216.224
2809,2021-03-10,19216.224
2810,2021-03-11,19216.224
2811,2021-03-12,19216.224
2812,2021-03-13,19216.224
2813,2021-03-14,19216.224
2814,2021-03-15,19216.224
2815,2021-03-16,19216.224
2816,2021-03-17,19216.224
2817,2021-03-18,19216.224
2818,2021-03-19,19216.224
2819,2021-03-20,19216.224
2820,2021-03-21,19216.224
2821,2021-03-22,19216.224
2822,2021-03-23,19216.224
2823,2021-03-24,19216.224
2824,2021-03-25,19216.224
2825,2021-03-26,19216.224
2826,2021-03-27,19216.224
2827,2021-03-28,19216.224
2828,2021-03-29,19216.224
2829,2021-03-30,19216.224
2830,2021-03-31,19216.224
2831,2021-04-01,19544.248
2832,2021-04-02,19544.248
2833,2021-04-03,19544.248
2834,2021-04-04,19544.248
2835,2021-04-05,19544.248
2836,2021-04-06,19544.248
2837,2021-04-07,19544.248
2838,2021-04-08,19544.248
2839,2021-04-09,19544.248
2840,2021-04-10,19544.248
2841,2021-04-11,19544.248
2842,2021-04-12,19544.248
2843,2021-04-13,19544.248
2844,2021-04-14,19544.248
2845,2021-04-15,19544.248
2846,2021-04-16,19544.248
2847,2021-04-17,19544.248
2848,2021-04-18,19544.248
2849,2021-04-19,19544.248
2850,2021-04-20,19544.248
2851,2021-04-21,19544.248
2852,2021-04-22,19544.248
2853,2021-04-23,19544.248
2854,2021-04-24,19544.248
2855,2021-04-25,19544.248
2856,2021-04-26,19544.248
2857,2021-04-27,19544.248
2858,2021-04-28,19544.248
2859,2021-04-29,19544.248
2860,2021-04-30,19544.248
2861,2021-05-01,19544.248
2862,2021-05-02,19544.248
2863,2021-05-03,19544.248
2864,2021-05-04,19544.248
2865,2021-05-05,19544.248
2866,2021-05-06,19544.248
2867,2021-05-07,19544.248
2868,2021-05-08,19544.248
2869,2021-05-09,19544.248
2870,2021-05-10,19544.248
2871,2021-05-11,19544.248
2872,2021-05-12,19544.248
2873,2021-05-13,19544.248
2874,2021-05-14,19544.248
2875,2021-05-15,19544.248
2876,2021-05-16,19544.248
2877,2021-05-17,19544.248
2878,2021-05-18,19544.248
2879,2021-05-19,19544.248
2880,2021-05-20,19544.248
2881,2021-05-21,19544.248
2882,2021-05-22,19544.248
2883,2021-05-23,19544.248
2884,2021-05-24,19544.248
2885,2021-05-25,19544.248
2886,2021-05-26,19544.248
2887,2021-05-27,19544.248
2888,2021-05-28,19544.248
2889,2021-05-29,19544.248
2890,2021-05-30,19544.248
2891,2021-05-31,19544.248
2892,2021-06-01,19544.248
2893,2021-06-02,19544.248
2894,2021-06-03,19544.248
2895,2021-06-04,19544.248
2896,2021-06-05,19544.248
2897,2021-06-06,19544.248
2898,2021-06-07,19544.248
2899,2021-06-08,19544.248
2900,2021-06-09,19544.248
2901,2021-06-10,19544.248
2902,2021-06-11,19544.248
2903,2021-06-12,19544.248
2904,2021-06-13,19544.248
2905,2021-06-14,19544.248
2906,2021-06-15,19544.248
2907,2021-06-16,19544.248
2908,2021-06-17,19544.248
2909,2021-06-18,19544.248
2910,2021-06-19,19544.248
2911,2021-06-20,19544.248
2912,2021-06-21,19544.248
2913,2021-06-22,19544.248
2914,2021-06-23,19544.248
2915,2021-06-24,19544.248
2916,2021-06-25,19544.248
2917,2021-06-26,19544.248
2918,2021-06-27,19544.248
2919,2021-06-28,19544.248
2920,2021-06-29,19544.248
2921,2021-06-30,19544.248
2922,2021-07-01,19672.594
2923,2021-07-02,19672.594
2924,2021-07-03,19672.594
2925,2021-07-04,19672.594
2926,2021-07-05,19672.594
2927,2021-07-06,19672.594
2928,2021-07-07,19672.594
2929,2021-07-08,19672.594
2930,2021-07-09,19672.594
2931,2021-07-10,19672.594
2932,2021-07-11,19672.594
2933,2021-07-12,19672.594
2934,2021-07-13,19672.594
2935,2021-07-14,19672.594
2936,2021-07-15,19672.594
2937,2021-07-16,19672.594
2938,2021-07-17,19672.594
2939,2021-07-18,19672.594
2940,2021-07-19,19672.594
2941,2021-07-20,19672.594
2942,2021-07-21,19672.594
2943,2021-07-22,19672.594
2944,2021-07-23,19672.594
2945,2021-07-24,19672.594
2946,2021-07-25,19672.594
2947,2021-07-26,19672.594
2948,2021-07-27,19672.594
2949,2021-07-28,19672.594
2950,2021-07-29,19672.594
2951,2021-07-30,19672.594
2952,2021-07-31,19672.594
2953,2021-08-01,19672.594
2954,2021-08-02,19672.594
2955,2021-08-03,19672.594
2956,2021-08-04,19672.594
2957,2021-08-05,19672.594
2958,2021-08-06,19672.594
2959,2021-08-07,19672.594
2960,2021-08-08,19672.594
2961,2021-08-09,19672.594
2962,2021-08-10,19672.594
2963,2021-08-11,19672.594
2964,2021-08-12,19672.594
2965,2021-08-13,19672.594
2966,2021-08-14,19672.594
2967,2021-08-15,19672.594
2968,2021-08-16,19672.594
2969,2021-08-17,19672.594
2970,2021-08-18,19672.594
2971,2021-08-19,19672.594
2972,2021-08-20,19672.594
2973,2021-08-21,19672.594
2974,2021-08-22,19672.594
2975,2021-08-23,19672.594
2976,2021-08-24,19672.594
2977,2021-08-25,19672.594
2978,2021-08-26,19672.594
2979,2021-08-27,19672.594
2980,2021-08-28,19672.594
2981,2021-08-29,19672.594
2982,2021-08-30,19672.594
2983,2021-08-31,19672.594
2984,2021-09-01,19672.594
2985,2021-09-02,19672.594
2986,2021-09-03,19672.594
2987,2021-09-04,19672.594
2988,2021-09-05,19672.594
2989,2021-09-06,19672.594
2990,2021-09-07,19672.594
2991,2021-09-08,19672.594
2992,2021-09-09,19672.594
2993,2021-09-10,19672.594
2994,2021-09-11,19672.594
2995,2021-09-12,19672.594
2996,2021-09-13,19672.594
2997,2021-09-14,19672.594
2998,2021-09-15,19672.594
2999,2021-09-16,19672.594
3000,2021-09-17,19672.594
3001,2021-09-18,19672.594
3002,2021-09-19,19672.594
3003,2021-09-20,19672.594
3004,2021-09-21,19672.594
3005,2021-09-22,19672.594
3006,2021-09-23,19672.594
3007,2021-09-24,19672.594
3008,2021-09-25,19672.594
3009,2021-09-26,19672.594
3010,2021-09-27,19672.594
3011,2021-09-28,19672.594
3012,2021-09-29,19672.594
3013,2021-09-30,19672.594
3014,2021-10-01,20006.181
3015,2021-10-02,20006.181
3016,2021-10-03,20006.181
3017,2021-10-04,20006.181
3018,2021-10-05,20006.181
3019,2021-10-06,20006.181
3020,2021-10-07,20006.181
3021,2021-10-08,20006.181
3022,2021-10-09,20006.181
3023,2021-10-10,20006.181
3024,2021-10-11,20006.181
3025,2021-10-12,20006.181
3026,2021-10-13,20006.181
3027,2021-10-14,20006.181
3028,2021-10-15,20006.181
3029,2021-10-16,20006.181
3030,2021-10-17,20006.181
3031,2021-10-18,20006.181
3032,2021-10-19,20006.181
3033,2021-10-20,20006.181
3034,2021-10-21,20006.181
3035,2021-10-22,20006.181
3036,2021-10-23,20006.181
3037,2021-10-24,20006.181
3038,2021-10-25,20006.181
3039,2021-10-26,20006.181
3040,2021-10-27,20006.181
3041,2021-10-28,20006.181
3042,2021-10-29,20006.181
3043,2021-10-30,20006.181
3044,2021-10-31,20006.181
3045,2021-11-01,20006.181
3046,2021-11-02,20006.181
3047,2021-11-03,20006.181
3048,2021-11-04,20006.181
3049,2021-11-05,20006.181
3050,2021-11-06,20006.181
3051,2021-11-07,20006.181
3052,2021-11-08,20006.181
3053,2021-11-09,20006.181
3054,2021-11-10,20006.181
3055,2021-11-11,20006.181
3056,2021-11-12,20006.181
3057,2021-11-13,20006.181
3058,2021-11-14,20006.181
3059,2021-11-15,20006.181
3060,2021-11-16,20006.181
3061,2021-11-17,20006.181
3062,2021-11-18,20006.181
3063,2021-11-19,20006.181
3064,2021-11-20,20006.181
3065,2021-11-21,20006.181
3066,2021-11-22,20006.181
3067,2021-11-23,20006.181
3068,2021-11-24,20006.181
3069,2021-11-25,20006.181
3070,2021-11-26,20006.181
3071,2021-11-27,20006.181
3072,2021-11-28,20006.181
3073,2021-11-29,20006.181
3074,2021-11-30,20006.181
3075,2021-12-01,20006.181
3076,2021-12-02,20006.181
3077,2021-12-03,20006.181
3078,2021-12-04,20006.181
3079,2021-12-05,20006.181
3080,2021-12-06,20006.181
3081,2021-12-07,20006.181
3082,2021-12-08,20006.181
3083,2021-12-09,20006.181
3084,2021-12-10,20006.181
3085,2021-12-11,20006.181
3086,2021-12-12,20006.181
3087,2021-12-13,20006.181
3088,2021-12-14,20006.181
3089,2021-12-15,20006.181
3090,2021-12-16,20006.181
3091,2021-12-17,20006.181
3092,2021-12-18,20006.181
3093,2021-12-19,20006.181
3094,2021-12-20,20006.181
3095,2021-12-21,20006.181
3096,2021-12-22,20006.181
3097,2021-12-23,20006.181
3098,2021-12-24,20006.181
3099,2021-12-25,20006.181
3100,2021-12-26,20006.181
3101,2021-12-27,20006.181
3102,2021-12-28,20006.181
3103,2021-12-29,20006.181
3104,2021-12-30,20006.181
3105,2021-12-31,20006.181
3106,2022-01-01,19924.088
3107,2022-01-02,19924.088
3108,2022-01-03,19924.088
3109,2022-01-04,19924.088
3110,2022-01-05,19924.088
3111,2022-01-06,19924.088
3112,2022-01-07,19924.088
3113,2022-01-08,19924.088
3114,2022-01-09,19924.088
3115,2022-01-10,19924.088
3116,2022-01-11,19924.088
3117,2022-01-12,19924.088
3118,2022-01-13,19924.088
3119,2022-01-14,19924.088
3120,2022-01-15,19924.088
3121,2022-01-16,19924.088
3122,2022-01-17,19924.088
3123,2022-01-18,19924.088
3124,2022-01-19,19924.088
3125,2022-01-20,19924.088
3126,2022-01-21,19924.088
3127,2022-01-22,19924.088
3128,2022-01-23,19924.088
3129,2022-01-24,19924.088
3130,2022-01-25,19924.088
3131,2022-01-26,19924.088
3132,2022-01-27,19924.088
3133,2022-01-28,19924.088
3134,2022-01-29,19924.088
3135,2022-01-30,19924.088
3136,2022-01-31,19924.088
3137,2022-02-01,19924.088
3138,2022-02-02,19924.088
3139,2022-02-03,19924.088
3140,2022-02-04,19924.088
3141,2022-02-05,19924.088
3142,2022-02-06,19924.088
3143,2022-02-07,19924.088
3144,2022-02-08,19924.088
3145,2022-02-09,19924.088
3146,2022-02-10,19924.088
3147,2022-02-11,19924.088
3148,2022-02-12,19924.088
3149,2022-02-13,19924.088
3150,2022-02-14,19924.088
3151,2022-02-15,19924.088
3152,2022-02-16,19924.088
3153,2022-02-17,19924.088
3154,2022-02-18,19924.088
3155,2022-02-19,19924.088
3156,2022-02-20,19924.088
3157,2022-02-21,19924.088
3158,2022-02-22,19924.088
3159,2022-02-23,19924.088
3160,2022-02-24,19924.088
3161,2022-02-25,19924.088
3162,2022-02-26,19924.088
3163,2022-02-27,19924.088
3164,2022-02-28,19924.088
3165,2022-03-01,19924.088
3166,2022-03-02,19924.088
3167,2022-03-03,19924.088
3168,2022-03-04,19924.088
3169,2022-03-05,19924.088
3170,2022-03-06,19924.088
3171,2022-03-07,19924.088
3172,2022-03-08,19924.088
3173,2022-03-09,19924.088
3174,2022-03-10,19924.088
3175,2022-03-11,19924.088
3176,2022-03-12,19924.088
3177,2022-03-13,19924.088
3178,2022-03-14,19924.088
3179,2022-03-15,19924.088
3180,2022-03-16,19924.088
3181,2022-03-17,19924.088
3182,2022-03-18,19924.088
3183,2022-03-19,19924.088
3184,2022-03-20,19924.088
3185,2022-03-21,19924.088
3186,2022-03-22,19924.088
3187,2022-03-23,19924.088
3188,2022-03-24,19924.088
3189,2022-03-25,19924.088
3190,2022-03-26,19924.088
3191,2022-03-27,19924.088
3192,2022-03-28,19924.088
3193,2022-03-29,19924.088
3194,2022-03-30,19924.088
3195,2022-03-31,19924.088
3196,2022-04-01,19895.271
3197,2022-04-02,19895.271
3198,2022-04-03,19895.271
3199,2022-04-04,19895.271
3200,2022-04-05,19895.271
3201,2022-04-06,19895.271
3202,2022-04-07,19895.271
3203,2022-04-08,19895.271
3204,2022-04-09,19895.271
3205,2022-04-10,19895.271
3206,2022-04-11,19895.271
3207,2022-04-12,19895.271
3208,2022-04-13,19895.271
3209,2022-04-14,19895.271
3210,2022-04-15,19895.271
3211,2022-04-16,19895.271
3212,2022-04-17,19895.271
3213,2022-04-18,19895.271
3214,2022-04-19,19895.271
3215,2022-04-20,19895.271
3216,2022-04-21,19895.271
3217,2022-04-22,19895.271
3218,2022-04-23,19895.271
3219,2022-04-24,19895.271
3220,2022-04-25,19895.271
3221,2022-04-26,19895.271
3222,2022-04-27,19895.271
3223,2022-04-28,19895.271
3224,2022-04-29,19895.271
3225,2022-04-30,19895.271
3226,2022-05-01,19895.271
3227,2022-05-02,19895.271
3228,2022-05-03,19895.271
3229,2022-05-04,19895.271
3230,2022-05-05,19895.271
3231,2022-05-06,19895.271
3232,2022-05-07,19895.271
3233,2022-05-08,19895.271
3234,2022-05-09,19895.271
3235,2022-05-10,19895.271
3236,2022-05-11,19895.271
3237,2022-05-12,19895.271
3238,2022-05-13,19895.271
3239,2022-05-14,19895.271
3240,2022-05-15,19895.271
3241,2022-05-16,19895.271
3242,2022-05-17,19895.271
3243,2022-05-18,19895.271
3244,2022-05-19,19895.271
3245,2022-05-20,19895.271
3246,2022-05-21,19895.271
3247,2022-05-22,19895.271
3248,2022-05-23,19895.271
3249,2022-05-24,19895.271
3250,2022-05-25,19895.271
3251,2022-05-26,19895.271
3252,2022-05-27,19895.271
3253,2022-05-28,19895.271
3254,2022-05-29,19895.271
3255,2022-05-30,19895.271
3256,2022-05-31,19895.271
3257,2022-06-01,19895.271
3258,2022-06-02,19895.271
3259,2022-06-03,19895.271
3260,2022-06-04,19895.271
3261,2022-06-05,19895.271
3262,2022-06-06,19895.271
3263,2022-06-07,19895.271
3264,2022-06-08,19895.271
3265,2022-06-09,19895.271
3266,2022-06-10,19895.271
3267,2022-06-11,19895.271
3268,2022-06-12,19895.271
3269,2022-06-13,19895.271
3270,2022-06-14,19895.271
3271,2022-06-15,19895.271
3272,2022-06-16,19895.271
3273,2022-06-17,19895.271
3274,2022-06-18,19895.271
3275,2022-06-19,19895.271
3276,2022-06-20,19895.271
3277,2022-06-21,19895.271
3278,2022-06-22,19895.271
3279,2022-06-23,19895.271
3280,2022-06-24,19895.271
3281,2022-06-25,19895.271
3282,2022-06-26,19895.271
3283,2022-06-27,19895.271
3284,2022-06-28,19895.271
3285,2022-06-29,19895.271
3286,2022-06-30,19895.271
3287,2022-07-01,20054.663
3288,2022-07-02,20054.663
3289,2022-07-03,20054.663
3290,2022-07-04,20054.663
3291,2022-07-05,20054.663
3292,2022-07-06,20054.663
3293,2022-07-07,20054.663
3294,2022-07-08,20054.663
3295,2022-07-09,20054.663
3296,2022-07-10,20054.663
3297,2022-07-11,20054.663
3298,2022-07-12,20054.663
3299,2022-07-13,20054.663
3300,2022-07-14,20054.663
3301,2022-07-15,20054.663
3302,2022-07-16,20054.663
3303,2022-07-17,20054.663
3304,2022-07-18,20054.663
3305,2022-07-19,20054.663
3306,2022-07-20,20054.663
3307,2022-07-21,20054.663
3308,2022-07-22,20054.663
3309,2022-07-23,20054.663
3310,2022-07-24,20054.663
3311,2022-07-25,20054.663
3312,2022-07-26,20054.663
3313,2022-07-27,20054.663
3314,2022-07-28,20054.663
3315,2022-07-29,20054.663
3316,2022-07-30,20054.663
3317,2022-07-31,20054.663
3318,2022-08-01,20054.663
3319,2022-08-02,20054.663
3320,2022-08-03,20054.663
3321,2022-08-04,20054.663
3322,2022-08-05,20054.663
3323,2022-08-06,20054.663
3324,2022-08-07,20054.663
3325,2022-08-08,20054.663
3326,2022-08-09,20054.663
3327,2022-08-10,20054.663
3328,2022-08-11,20054.663
3329,2022-08-12,20054.663
3330,2022-08-13,20054.663
3331,2022-08-14,20054.663
3332,2022-08-15,20054.663
3333,2022-08-16,20054.663
3334,2022-08-17,20054.663
3335,2022-08-18,20054.663
3336,2022-08-19,20054.663
3337,2022-08-20,20054.663
3338,2022-08-21,20054.663
3339,2022-08-22,20054.663
3340,2022-08-23,20054.663
3341,2022-08-24,20054.663
3342,2022-08-25,20054.663
3343,2022-08-26,20054.663
3344,2022-08-27,20054.663
3345,2022-08-28,20054.663
3346,2022-08-29,20054.663
3347,2022-08-30,20054.663
3348,2022-08-31,20054.663
3349,2022-09-01,20054.663
3350,2022-09-02,20054.663
3351,2022-09-03,20054.663
3352,2022-09-04,20054.663
3353,2022-09-05,20054.663
3354,2022-09-06,20054.663
3355,2022-09-07,20054.663
3356,2022-09-08,20054.663
3357,2022-09-09,20054.663
3358,2022-09-10,20054.663
3359,2022-09-11,20054.663
3360,2022-09-12,20054.663
3361,2022-09-13,20054.663
3362,2022-09-14,20054.663
3363,2022-09-15,20054.663
3364,2022-09-16,20054.663
3365,2022-09-17,20054.663
3366,2022-09-18,20054.663
3367,2022-09-19,20054.663
3368,2022-09-20,20054.663
3369,2022-09-21,20054.663
3370,2022-09-22,20054.663
3371,2022-09-23,20054.663
3372,2022-09-24,20054.663
3373,2022-09-25,20054.663
3374,2022-09-26,20054.663
3375,2022-09-27,20054.663
3376,2022-09-28,20054.663
3377,2022-09-29,20054.663
3378,2022-09-30,20054.663
3379,2022-10-01,20182.491
3380,2022-10-02,20182.491
3381,2022-10-03,20182.491
3382,2022-10-04,20182.491
3383,2022-10-05,20182.491
3384,2022-10-06,20182.491
3385,2022-10-07,20182.491
3386,2022-10-08,20182.491
3387,2022-10-09,20182.491
3388,2022-10-10,20182.491
3389,2022-10-11,20182.491
3390,2022-10-12,20182.491
3391,2022-10-13,20182.491
3392,2022-10-14,20182.491
3393,2022-10-15,20182.491
3394,2022-10-16,20182.491
3395,2022-10-17,20182.491
3396,2022-10-18,20182.491
3397,2022-10-19,20182.491
3398,2022-10-20,20182.491
3399,2022-10-21,20182.491
3400,2022-10-22,20182.491
3401,2022-10-23,20182.491
3402,2022-10-24,20182.491
3403,2022-10-25,20182.491
3404,2022-10-26,20182.491
3405,2022-10-27,20182.491
3406,2022-10-28,20182.491
3407,2022-10-29,20182.491
3408,2022-10-30,20182.491
3409,2022-10-31,20182.491
3410,2022-11-01,20182.491
3411,2022-11-02,20182.491
3412,2022-11-03,20182.491
3413,2022-11-04,20182.491
3414,2022-11-05,20182.491
3415,2022-11-06,20182.491
3416,2022-11-07,20182.491
3417,2022-11-08,20182.491
3418,2022-11-09,20182.491
3419,2022-11-10,20182.491
3420,2022-11-11,20182.491
3421,2022-11-12,20182.491
3422,2022-11-13,20182.491
3423,2022-11-14,20182.491
3424,2022-11-15,20182.491
3425,2022-11-16,20182.491
3426,2022-11-17,20182.491
3427,2022-11-18,20182.491
3428,2022-11-19,20182.491
3429,2022-11-20,20182.491
3430,2022-11-21,20182.491
3431,2022-11-22,20182.491
3432,2022-11-23,20182.491
3433,2022-11-24,20182.491
3434,2022-11-25,20182.491
3435,2022-11-26,20182.491
3436,2022-11-27,20182.491
3437,2022-11-28,20182.491
3438,2022-11-29,20182.491
3439,2022-11-30,20182.491
3440,2022-12-01,20182.491
3441,2022-12-02,20182.491
3442,2022-12-03,20182.491
3443,2022-12-04,20182.491
3444,2022-12-05,20182.491
3445,2022-12-06,20182.491
3446,2022-12-07,20182.491
3447,2022-12-08,20182.491
3448,2022-12-09,20182.491
3449,2022-12-10,20182.491
3450,2022-12-11,20182.491
3451,2022-12-12,20182.491
3452,2022-12-13,20182.491
3453,2022-12-14,20182.491
3454,2022-12-15,20182.491
3455,2022-12-16,20182.491
3456,2022-12-17,20182.491
3457,2022-12-18,20182.491
3458,2022-12-19,20182.491
3459,2022-12-20,20182.491
3460,2022-12-21,20182.491
3461,2022-12-22,20182.491
3462,2022-12-23,20182.491
3463,2022-12-24,20182.491
3464,2022-12-25,20182.491
3465,2022-12-26,20182.491
3466,2022-12-27,20182.491
3467,2022-12-28,20182.491
3468,2022-12-29,20182.491
3469,2022-12-30,20182.491
3470,2022-12-31,20182.491
3471,2023-01-01,20246.439
