,DATE,INDPRO
0,2013-06-01,99.2424
1,2013-06-02,99.2424
2,2013-06-03,99.2424
3,2013-06-04,99.2424
4,2013-06-05,99.2424
5,2013-06-06,99.2424
6,2013-06-07,99.2424
7,2013-06-08,99.2424
8,2013-06-09,99.2424
9,2013-06-10,99.2424
10,2013-06-11,99.2424
11,2013-06-12,99.2424
12,2013-06-13,99.2424
13,2013-06-14,99.2424
14,2013-06-15,99.2424
15,2013-06-16,99.2424
16,2013-06-17,99.2424
17,2013-06-18,99.2424
18,2013-06-19,99.2424
19,2013-06-20,99.2424
20,2013-06-21,99.2424
21,2013-06-22,99.2424
22,2013-06-23,99.2424
23,2013-06-24,99.2424
24,2013-06-25,99.2424
25,2013-06-26,99.2424
26,2013-06-27,99.2424
27,2013-06-28,99.2424
28,2013-06-29,99.2424
29,2013-06-30,99.2424
30,2013-07-01,98.9258
31,2013-07-02,98.9258
32,2013-07-03,98.9258
33,2013-07-04,98.9258
34,2013-07-05,98.9258
35,2013-07-06,98.9258
36,2013-07-07,98.9258
37,2013-07-08,98.9258
38,2013-07-09,98.9258
39,2013-07-10,98.9258
40,2013-07-11,98.9258
41,2013-07-12,98.9258
42,2013-07-13,98.9258
43,2013-07-14,98.9258
44,2013-07-15,98.9258
45,2013-07-16,98.9258
46,2013-07-17,98.9258
47,2013-07-18,98.9258
48,2013-07-19,98.9258
49,2013-07-20,98.9258
50,2013-07-21,98.9258
51,2013-07-22,98.9258
52,2013-07-23,98.9258
53,2013-07-24,98.9258
54,2013-07-25,98.9258
55,2013-07-26,98.9258
56,2013-07-27,98.9258
57,2013-07-28,98.9258
58,2013-07-29,98.9258
59,2013-07-30,98.9258
60,2013-07-31,98.9258
61,2013-08-01,99.5059
62,2013-08-02,99.5059
63,2013-08-03,99.5059
64,2013-08-04,99.5059
65,2013-08-05,99.5059
66,2013-08-06,99.5059
67,2013-08-07,99.5059
68,2013-08-08,99.5059
69,2013-08-09,99.5059
70,2013-08-10,99.5059
71,2013-08-11,99.5059
72,2013-08-12,99.5059
73,2013-08-13,99.5059
74,2013-08-14,99.5059
75,2013-08-15,99.5059
76,2013-08-16,99.5059
77,2013-08-17,99.5059
78,2013-08-18,99.5059
79,2013-08-19,99.5059
80,2013-08-20,99.5059
81,2013-08-21,99.5059
82,2013-08-22,99.5059
83,2013-08-23,99.5059
84,2013-08-24,99.5059
85,2013-08-25,99.5059
86,2013-08-26,99.5059
87,2013-08-27,99.5059
88,2013-08-28,99.5059
89,2013-08-29,99.5059
90,2013-08-30,99.5059
91,2013-08-31,99.5059
92,2013-09-01,100.0391
93,2013-09-02,100.0391
94,2013-09-03,100.0391
95,2013-09-04,100.0391
96,2013-09-05,100.0391
97,2013-09-06,100.0391
98,2013-09-07,100.0391
99,2013-09-08,100.0391
100,2013-09-09,100.0391
101,2013-09-10,100.0391
102,2013-09-11,100.0391
103,2013-09-12,100.0391
104,2013-09-13,100.0391
105,2013-09-14,100.0391
106,2013-09-15,100.0391
107,2013-09-16,100.0391
108,2013-09-17,100.0391
109,2013-09-18,100.0391
110,2013-09-19,100.0391
111,2013-09-20,100.0391
112,2013-09-21,100.0391
113,2013-09-22,100.0391
114,2013-09-23,100.0391
115,2013-09-24,100.0391
116,2013-09-25,100.0391
117,2013-09-26,100.0391
118,2013-09-27,100.0391
119,2013-09-28,100.0391
120,2013-09-29,100.0391
121,2013-09-30,100.0391
122,2013-10-01,99.9203
123,2013-10-02,99.9203
124,2013-10-03,99.9203
125,2013-10-04,99.9203
126,2013-10-05,99.9203
127,2013-10-06,99.9203
128,2013-10-07,99.9203
129,2013-10-08,99.9203
130,2013-10-09,99.9203
131,2013-10-10,99.9203
132,2013-10-11,99.9203
133,2013-10-12,99.9203
134,2013-10-13,99.9203
135,2013-10-14,99.9203
136,2013-10-15,99.9203
137,2013-10-16,99.9203
138,2013-10-17,99.9203
139,2013-10-18,99.9203
140,2013-10-19,99.9203
141,2013-10-20,99.9203
142,2013-10-21,99.9203
143,2013-10-22,99.9203
144,2013-10-23,99.9203
145,2013-10-24,99.9203
146,2013-10-25,99.9203
147,2013-10-26,99.9203
148,2013-10-27,99.9203
149,2013-10-28,99.9203
150,2013-10-29,99.9203
151,2013-10-30,99.9203
152,2013-10-31,99.9203
153,2013-11-01,100.1661
154,2013-11-02,100.1661
155,2013-11-03,100.1661
156,2013-11-04,100.1661
157,2013-11-05,100.1661
158,2013-11-06,100.1661
159,2013-11-07,100.1661
160,2013-11-08,100.1661
161,2013-11-09,100.1661
162,2013-11-10,100.1661
163,2013-11-11,100.1661
164,2013-11-12,100.1661
165,2013-11-13,100.1661
166,2013-11-14,100.1661
167,2013-11-15,100.1661
168,2013-11-16,100.1661
169,2013-11-17,100.1661
170,2013-11-18,100.1661
171,2013-11-19,100.1661
172,2013-11-20,100.1661
173,2013-11-21,100.1661
174,2013-11-22,100.1661
175,2013-11-23,100.1661
176,2013-11-24,100.1661
177,2013-11-25,100.1661
178,2013-11-26,100.1661
179,2013-11-27,100.1661
180,2013-11-28,100.1661
181,2013-11-29,100.1661
182,2013-11-30,100.1661
183,2013-12-01,100.3777
184,2013-12-02,100.3777
185,2013-12-03,100.3777
186,2013-12-04,100.3777
187,2013-12-05,100.3777
188,2013-12-06,100.3777
189,2013-12-07,100.3777
190,2013-12-08,100.3777
191,2013-12-09,100.3777
192,2013-12-10,100.3777
193,2013-12-11,100.3777
194,2013-12-12,100.3777
195,2013-12-13,100.3777
196,2013-12-14,100.3777
197,2013-12-15,100.3777
198,2013-12-16,100.3777
199,2013-12-17,100.3777
200,2013-12-18,100.3777
201,2013-12-19,100.3777
202,2013-12-20,100.3777
203,2013-12-21,100.3777
204,2013-12-22,100.3777
205,2013-12-23,100.3777
206,2013-12-24,100.3777
207,2013-12-25,100.3777
208,2013-12-26,100.3777
209,2013-12-27,100.3777
210,2013-12-28,100.3777
211,2013-12-29,100.3777
212,2013-12-30,100.3777
213,2013-12-31,100.3777
214,2014-01-01,99.999
215,2014-01-02,99.999
216,2014-01-03,99.999
217,2014-01-04,99.999
218,2014-01-05,99.999
219,2014-01-06,99.999
220,2014-01-07,99.999
221,2014-01-08,99.999
222,2014-01-09,99.999
223,2014-01-10,99.999
224,2014-01-11,99.999
225,2014-01-12,99.999
226,2014-01-13,99.999
227,2014-01-14,99.999
228,2014-01-15,99.999
229,2014-01-16,99.999
230,2014-01-17,99.999
231,2014-01-18,99.999
232,2014-01-19,99.999
233,2014-01-20,99.999
234,2014-01-21,99.999
235,2014-01-22,99.999
236,2014-01-23,99.999
237,2014-01-24,99.999
238,2014-01-25,99.999
239,2014-01-26,99.999
240,2014-01-27,99.999
241,2014-01-28,99.999
242,2014-01-29,99.999
243,2014-01-30,99.999
244,2014-01-31,99.999
245,2014-02-01,100.7583
246,2014-02-02,100.7583
247,2014-02-03,100.7583
248,2014-02-04,100.7583
249,2014-02-05,100.7583
250,2014-02-06,100.7583
251,2014-02-07,100.7583
252,2014-02-08,100.7583
253,2014-02-09,100.7583
254,2014-02-10,100.7583
255,2014-02-11,100.7583
256,2014-02-12,100.7583
257,2014-02-13,100.7583
258,2014-02-14,100.7583
259,2014-02-15,100.7583
260,2014-02-16,100.7583
261,2014-02-17,100.7583
262,2014-02-18,100.7583
263,2014-02-19,100.7583
264,2014-02-20,100.7583
265,2014-02-21,100.7583
266,2014-02-22,100.7583
267,2014-02-23,100.7583
268,2014-02-24,100.7583
269,2014-02-25,100.7583
270,2014-02-26,100.7583
271,2014-02-27,100.7583
272,2014-02-28,100.7583
273,2014-03-01,101.7767
274,2014-03-02,101.7767
275,2014-03-03,101.7767
276,2014-03-04,101.7767
277,2014-03-05,101.7767
278,2014-03-06,101.7767
279,2014-03-07,101.7767
280,2014-03-08,101.7767
281,2014-03-09,101.7767
282,2014-03-10,101.7767
283,2014-03-11,101.7767
284,2014-03-12,101.7767
285,2014-03-13,101.7767
286,2014-03-14,101.7767
287,2014-03-15,101.7767
288,2014-03-16,101.7767
289,2014-03-17,101.7767
290,2014-03-18,101.7767
291,2014-03-19,101.7767
292,2014-03-20,101.7767
293,2014-03-21,101.7767
294,2014-03-22,101.7767
295,2014-03-23,101.7767
296,2014-03-24,101.7767
297,2014-03-25,101.7767
298,2014-03-26,101.7767
299,2014-03-27,101.7767
300,2014-03-28,101.7767
301,2014-03-29,101.7767
302,2014-03-30,101.7767
303,2014-03-31,101.7767
304,2014-04-01,101.8425
305,2014-04-02,101.8425
306,2014-04-03,101.8425
307,2014-04-04,101.8425
308,2014-04-05,101.8425
309,2014-04-06,101.8425
310,2014-04-07,101.8425
311,2014-04-08,101.8425
312,2014-04-09,101.8425
313,2014-04-10,101.8425
314,2014-04-11,101.8425
315,2014-04-12,101.8425
316,2014-04-13,101.8425
317,2014-04-14,101.8425
318,2014-04-15,101.8425
319,2014-04-16,101.8425
320,2014-04-17,101.8425
321,2014-04-18,101.8425
322,2014-04-19,101.8425
323,2014-04-20,101.8425
324,2014-04-21,101.8425
325,2014-04-22,101.8425
326,2014-04-23,101.8425
327,2014-04-24,101.8425
328,2014-04-25,101.8425
329,2014-04-26,101.8425
330,2014-04-27,101.8425
331,2014-04-28,101.8425
332,2014-04-29,101.8425
333,2014-04-30,101.8425
334,2014-05-01,102.2594
335,2014-05-02,102.2594
336,2014-05-03,102.2594
337,2014-05-04,102.2594
338,2014-05-05,102.2594
339,2014-05-06,102.2594
340,2014-05-07,102.2594
341,2014-05-08,102.2594
342,2014-05-09,102.2594
343,2014-05-10,102.2594
344,2014-05-11,102.2594
345,2014-05-12,102.2594
346,2014-05-13,102.2594
347,2014-05-14,102.2594
348,2014-05-15,102.2594
349,2014-05-16,102.2594
350,2014-05-17,102.2594
351,2014-05-18,102.2594
352,2014-05-19,102.2594
353,2014-05-20,102.2594
354,2014-05-21,102.2594
355,2014-05-22,102.2594
356,2014-05-23,102.2594
357,2014-05-24,102.2594
358,2014-05-25,102.2594
359,2014-05-26,102.2594
360,2014-05-27,102.2594
361,2014-05-28,102.2594
362,2014-05-29,102.2594
363,2014-05-30,102.2594
364,2014-05-31,102.2594
365,2014-06-01,102.5986
366,2014-06-02,102.5986
367,2014-06-03,102.5986
368,2014-06-04,102.5986
369,2014-06-05,102.5986
370,2014-06-06,102.5986
371,2014-06-07,102.5986
372,2014-06-08,102.5986
373,2014-06-09,102.5986
374,2014-06-10,102.5986
375,2014-06-11,102.5986
376,2014-06-12,102.5986
377,2014-06-13,102.5986
378,2014-06-14,102.5986
379,2014-06-15,102.5986
380,2014-06-16,102.5986
381,2014-06-17,102.5986
382,2014-06-18,102.5986
383,2014-06-19,102.5986
384,2014-06-20,102.5986
385,2014-06-21,102.5986
386,2014-06-22,102.5986
387,2014-06-23,102.5986
388,2014-06-24,102.5986
389,2014-06-25,102.5986
390,2014-06-26,102.5986
391,2014-06-27,102.5986
392,2014-06-28,102.5986
393,2014-06-29,102.5986
394,2014-06-30,102.5986
395,2014-07-01,102.8163
396,2014-07-02,102.8163
397,2014-07-03,102.8163
398,2014-07-04,102.8163
399,2014-07-05,102.8163
400,2014-07-06,102.8163
401,2014-07-07,102.8163
402,2014-07-08,102.8163
403,2014-07-09,102.8163
404,2014-07-10,102.8163
405,2014-07-11,102.8163
406,2014-07-12,102.8163
407,2014-07-13,102.8163
408,2014-07-14,102.8163
409,2014-07-15,102.8163
410,2014-07-16,102.8163
411,2014-07-17,102.8163
412,2014-07-18,102.8163
413,2014-07-19,102.8163
414,2014-07-20,102.8163
415,2014-07-21,102.8163
416,2014-07-22,102.8163
417,2014-07-23,102.8163
418,2014-07-24,102.8163
419,2014-07-25,102.8163
420,2014-07-26,102.8163
421,2014-07-27,102.8163
422,2014-07-28,102.8163
423,2014-07-29,102.8163
424,2014-07-30,102.8163
425,2014-07-31,102.8163
426,2014-08-01,102.6562
427,2014-08-02,102.6562
428,2014-08-03,102.6562
429,2014-08-04,102.6562
430,2014-08-05,102.6562
431,2014-08-06,102.6562
432,2014-08-07,102.6562
433,2014-08-08,102.6562
434,2014-08-09,102.6562
435,2014-08-10,102.6562
436,2014-08-11,102.6562
437,2014-08-12,102.6562
438,2014-08-13,102.6562
439,2014-08-14,102.6562
440,2014-08-15,102.6562
441,2014-08-16,102.6562
442,2014-08-17,102.6562
443,2014-08-18,102.6562
444,2014-08-19,102.6562
445,2014-08-20,102.6562
446,2014-08-21,102.6562
447,2014-08-22,102.6562
448,2014-08-23,102.6562
449,2014-08-24,102.6562
450,2014-08-25,102.6562
451,2014-08-26,102.6562
452,2014-08-27,102.6562
453,2014-08-28,102.6562
454,2014-08-29,102.6562
455,2014-08-30,102.6562
456,2014-08-31,102.6562
457,2014-09-01,102.9776
458,2014-09-02,102.9776
459,2014-09-03,102.9776
460,2014-09-04,102.9776
461,2014-09-05,102.9776
462,2014-09-06,102.9776
463,2014-09-07,102.9776
464,2014-09-08,102.9776
465,2014-09-09,102.9776
466,2014-09-10,102.9776
467,2014-09-11,102.9776
468,2014-09-12,102.9776
469,2014-09-13,102.9776
470,2014-09-14,102.9776
471,2014-09-15,102.9776
472,2014-09-16,102.9776
473,2014-09-17,102.9776
474,2014-09-18,102.9776
475,2014-09-19,102.9776
476,2014-09-20,102.9776
477,2014-09-21,102.9776
478,2014-09-22,102.9776
479,2014-09-23,102.9776
480,2014-09-24,102.9776
481,2014-09-25,102.9776
482,2014-09-26,102.9776
483,2014-09-27,102.9776
484,2014-09-28,102.9776
485,2014-09-29,102.9776
486,2014-09-30,102.9776
487,2014-10-01,102.9892
488,2014-10-02,102.9892
489,2014-10-03,102.9892
490,2014-10-04,102.9892
491,2014-10-05,102.9892
492,2014-10-06,102.9892
493,2014-10-07,102.9892
494,2014-10-08,102.9892
495,2014-10-09,102.9892
496,2014-10-10,102.9892
497,2014-10-11,102.9892
498,2014-10-12,102.9892
499,2014-10-13,102.9892
500,2014-10-14,102.9892
501,2014-10-15,102.9892
502,2014-10-16,102.9892
503,2014-10-17,102.9892
504,2014-10-18,102.9892
505,2014-10-19,102.9892
506,2014-10-20,102.9892
507,2014-10-21,102.9892
508,2014-10-22,102.9892
509,2014-10-23,102.9892
510,2014-10-24,102.9892
511,2014-10-25,102.9892
512,2014-10-26,102.9892
513,2014-10-27,102.9892
514,2014-10-28,102.9892
515,2014-10-29,102.9892
516,2014-10-30,102.9892
517,2014-10-31,102.9892
518,2014-11-01,103.6402
519,2014-11-02,103.6402
520,2014-11-03,103.6402
521,2014-11-04,103.6402
522,2014-11-05,103.6402
523,2014-11-06,103.6402
524,2014-11-07,103.6402
525,2014-11-08,103.6402
526,2014-11-09,103.6402
527,2014-11-10,103.6402
528,2014-11-11,103.6402
529,2014-11-12,103.6402
530,2014-11-13,103.6402
531,2014-11-14,103.6402
532,2014-11-15,103.6402
533,2014-11-16,103.6402
534,2014-11-17,103.6402
535,2014-11-18,103.6402
536,2014-11-19,103.6402
537,2014-11-20,103.6402
538,2014-11-21,103.6402
539,2014-11-22,103.6402
540,2014-11-23,103.6402
541,2014-11-24,103.6402
542,2014-11-25,103.6402
543,2014-11-26,103.6402
544,2014-11-27,103.6402
545,2014-11-28,103.6402
546,2014-11-29,103.6402
547,2014-11-30,103.6402
548,2014-12-01,103.6345
549,2014-12-02,103.6345
550,2014-12-03,103.6345
551,2014-12-04,103.6345
552,2014-12-05,103.6345
553,2014-12-06,103.6345
554,2014-12-07,103.6345
555,2014-12-08,103.6345
556,2014-12-09,103.6345
557,2014-12-10,103.6345
558,2014-12-11,103.6345
559,2014-12-12,103.6345
560,2014-12-13,103.6345
561,2014-12-14,103.6345
562,2014-12-15,103.6345
563,2014-12-16,103.6345
564,2014-12-17,103.6345
565,2014-12-18,103.6345
566,2014-12-19,103.6345
567,2014-12-20,103.6345
568,2014-12-21,103.6345
569,2014-12-22,103.6345
570,2014-12-23,103.6345
571,2014-12-24,103.6345
572,2014-12-25,103.6345
573,2014-12-26,103.6345
574,2014-12-27,103.6345
575,2014-12-28,103.6345
576,2014-12-29,103.6345
577,2014-12-30,103.6345
578,2014-12-31,103.6345
579,2015-01-01,102.8239
580,2015-01-02,102.8239
581,2015-01-03,102.8239
582,2015-01-04,102.8239
583,2015-01-05,102.8239
584,2015-01-06,102.8239
585,2015-01-07,102.8239
586,2015-01-08,102.8239
587,2015-01-09,102.8239
588,2015-01-10,102.8239
589,2015-01-11,102.8239
590,2015-01-12,102.8239
591,2015-01-13,102.8239
592,2015-01-14,102.8239
593,2015-01-15,102.8239
594,2015-01-16,102.8239
595,2015-01-17,102.8239
596,2015-01-18,102.8239
597,2015-01-19,102.8239
598,2015-01-20,102.8239
599,2015-01-21,102.8239
600,2015-01-22,102.8239
601,2015-01-23,102.8239
602,2015-01-24,102.8239
603,2015-01-25,102.8239
604,2015-01-26,102.8239
605,2015-01-27,102.8239
606,2015-01-28,102.8239
607,2015-01-29,102.8239
608,2015-01-30,102.8239
609,2015-01-31,102.8239
610,2015-02-01,102.1513
611,2015-02-02,102.1513
612,2015-02-03,102.1513
613,2015-02-04,102.1513
614,2015-02-05,102.1513
615,2015-02-06,102.1513
616,2015-02-07,102.1513
617,2015-02-08,102.1513
618,2015-02-09,102.1513
619,2015-02-10,102.1513
620,2015-02-11,102.1513
621,2015-02-12,102.1513
622,2015-02-13,102.1513
623,2015-02-14,102.1513
624,2015-02-15,102.1513
625,2015-02-16,102.1513
626,2015-02-17,102.1513
627,2015-02-18,102.1513
628,2015-02-19,102.1513
629,2015-02-20,102.1513
630,2015-02-21,102.1513
631,2015-02-22,102.1513
632,2015-02-23,102.1513
633,2015-02-24,102.1513
634,2015-02-25,102.1513
635,2015-02-26,102.1513
636,2015-02-27,102.1513
637,2015-02-28,102.1513
638,2015-03-01,101.824
639,2015-03-02,101.824
640,2015-03-03,101.824
641,2015-03-04,101.824
642,2015-03-05,101.824
643,2015-03-06,101.824
644,2015-03-07,101.824
645,2015-03-08,101.824
646,2015-03-09,101.824
647,2015-03-10,101.824
648,2015-03-11,101.824
649,2015-03-12,101.824
650,2015-03-13,101.824
651,2015-03-14,101.824
652,2015-03-15,101.824
653,2015-03-16,101.824
654,2015-03-17,101.824
655,2015-03-18,101.824
656,2015-03-19,101.824
657,2015-03-20,101.824
658,2015-03-21,101.824
659,2015-03-22,101.824
660,2015-03-23,101.824
661,2015-03-24,101.824
662,2015-03-25,101.824
663,2015-03-26,101.824
664,2015-03-27,101.824
665,2015-03-28,101.824
666,2015-03-29,101.824
667,2015-03-30,101.824
668,2015-03-31,101.824
669,2015-04-01,101.244
670,2015-04-02,101.244
671,2015-04-03,101.244
672,2015-04-04,101.244
673,2015-04-05,101.244
674,2015-04-06,101.244
675,2015-04-07,101.244
676,2015-04-08,101.244
677,2015-04-09,101.244
678,2015-04-10,101.244
679,2015-04-11,101.244
680,2015-04-12,101.244
681,2015-04-13,101.244
682,2015-04-14,101.244
683,2015-04-15,101.244
684,2015-04-16,101.244
685,2015-04-17,101.244
686,2015-04-18,101.244
687,2015-04-19,101.244
688,2015-04-20,101.244
689,2015-04-21,101.244
690,2015-04-22,101.244
691,2015-04-23,101.244
692,2015-04-24,101.244
693,2015-04-25,101.244
694,2015-04-26,101.244
695,2015-04-27,101.244
696,2015-04-28,101.244
697,2015-04-29,101.244
698,2015-04-30,101.244
699,2015-05-01,100.783
700,2015-05-02,100.783
701,2015-05-03,100.783
702,2015-05-04,100.783
703,2015-05-05,100.783
704,2015-05-06,100.783
705,2015-05-07,100.783
706,2015-05-08,100.783
707,2015-05-09,100.783
708,2015-05-10,100.783
709,2015-05-11,100.783
710,2015-05-12,100.783
711,2015-05-13,100.783
712,2015-05-14,100.783
713,2015-05-15,100.783
714,2015-05-16,100.783
715,2015-05-17,100.783
716,2015-05-18,100.783
717,2015-05-19,100.783
718,2015-05-20,100.783
719,2015-05-21,100.783
720,2015-05-22,100.783
721,2015-05-23,100.783
722,2015-05-24,100.783
723,2015-05-25,100.783
724,2015-05-26,100.783
725,2015-05-27,100.783
726,2015-05-28,100.783
727,2015-05-29,100.783
728,2015-05-30,100.783
729,2015-05-31,100.783
730,2015-06-01,100.4781
731,2015-06-02,100.4781
732,2015-06-03,100.4781
733,2015-06-04,100.4781
734,2015-06-05,100.4781
735,2015-06-06,100.4781
736,2015-06-07,100.4781
737,2015-06-08,100.4781
738,2015-06-09,100.4781
739,2015-06-10,100.4781
740,2015-06-11,100.4781
741,2015-06-12,100.4781
742,2015-06-13,100.4781
743,2015-06-14,100.4781
744,2015-06-15,100.4781
745,2015-06-16,100.4781
746,2015-06-17,100.4781
747,2015-06-18,100.4781
748,2015-06-19,100.4781
749,2015-06-20,100.4781
750,2015-06-21,100.4781
751,2015-06-22,100.4781
752,2015-06-23,100.4781
753,2015-06-24,100.4781
754,2015-06-25,100.4781
755,2015-06-26,100.4781
756,2015-06-27,100.4781
757,2015-06-28,100.4781
758,2015-06-29,100.4781
759,2015-06-30,100.4781
760,2015-07-01,101.1052
761,2015-07-02,101.1052
762,2015-07-03,101.1052
763,2015-07-04,101.1052
764,2015-07-05,101.1052
765,2015-07-06,101.1052
766,2015-07-07,101.1052
767,2015-07-08,101.1052
768,2015-07-09,101.1052
769,2015-07-10,101.1052
770,2015-07-11,101.1052
771,2015-07-12,101.1052
772,2015-07-13,101.1052
773,2015-07-14,101.1052
774,2015-07-15,101.1052
775,2015-07-16,101.1052
776,2015-07-17,101.1052
777,2015-07-18,101.1052
778,2015-07-19,101.1052
779,2015-07-20,101.1052
780,2015-07-21,101.1052
781,2015-07-22,101.1052
782,2015-07-23,101.1052
783,2015-07-24,101.1052
784,2015-07-25,101.1052
785,2015-07-26,101.1052
786,2015-07-27,101.1052
787,2015-07-28,101.1052
788,2015-07-29,101.1052
789,2015-07-30,101.1052
790,2015-07-31,101.1052
791,2015-08-01,100.9442
792,2015-08-02,100.9442
793,2015-08-03,100.9442
794,2015-08-04,100.9442
795,2015-08-05,100.9442
796,2015-08-06,100.9442
797,2015-08-07,100.9442
798,2015-08-08,100.9442
799,2015-08-09,100.9442
800,2015-08-10,100.9442
801,2015-08-11,100.9442
802,2015-08-12,100.9442
803,2015-08-13,100.9442
804,2015-08-14,100.9442
805,2015-08-15,100.9442
806,2015-08-16,100.9442
807,2015-08-17,100.9442
808,2015-08-18,100.9442
809,2015-08-19,100.9442
810,2015-08-20,100.9442
811,2015-08-21,100.9442
812,2015-08-22,100.9442
813,2015-08-23,100.9442
814,2015-08-24,100.9442
815,2015-08-25,100.9442
816,2015-08-26,100.9442
817,2015-08-27,100.9442
818,2015-08-28,100.9442
819,2015-08-29,100.9442
820,2015-08-30,100.9442
821,2015-08-31,100.9442
822,2015-09-01,100.6507
823,2015-09-02,100.6507
824,2015-09-03,100.6507
825,2015-09-04,100.6507
826,2015-09-05,100.6507
827,2015-09-06,100.6507
828,2015-09-07,100.6507
829,2015-09-08,100.6507
830,2015-09-09,100.6507
831,2015-09-10,100.6507
832,2015-09-11,100.6507
833,2015-09-12,100.6507
834,2015-09-13,100.6507
835,2015-09-14,100.6507
836,2015-09-15,100.6507
837,2015-09-16,100.6507
838,2015-09-17,100.6507
839,2015-09-18,100.6507
840,2015-09-19,100.6507
841,2015-09-20,100.6507
842,2015-09-21,100.6507
843,2015-09-22,100.6507
844,2015-09-23,100.6507
845,2015-09-24,100.6507
846,2015-09-25,100.6507
847,2015-09-26,100.6507
848,2015-09-27,100.6507
849,2015-09-28,100.6507
850,2015-09-29,100.6507
851,2015-09-30,100.6507
852,2015-10-01,100.1871
853,2015-10-02,100.1871
854,2015-10-03,100.1871
855,2015-10-04,100.1871
856,2015-10-05,100.1871
857,2015-10-06,100.1871
858,2015-10-07,100.1871
859,2015-10-08,100.1871
860,2015-10-09,100.1871
861,2015-10-10,100.1871
862,2015-10-11,100.1871
863,2015-10-12,100.1871
864,2015-10-13,100.1871
865,2015-10-14,100.1871
866,2015-10-15,100.1871
867,2015-10-16,100.1871
868,2015-10-17,100.1871
869,2015-10-18,100.1871
870,2015-10-19,100.1871
871,2015-10-20,100.1871
872,2015-10-21,100.1871
873,2015-10-22,100.1871
874,2015-10-23,100.1871
875,2015-10-24,100.1871
876,2015-10-25,100.1871
877,2015-10-26,100.1871
878,2015-10-27,100.1871
879,2015-10-28,100.1871
880,2015-10-29,100.1871
881,2015-10-30,100.1871
882,2015-10-31,100.1871
883,2015-11-01,99.4382
884,2015-11-02,99.4382
885,2015-11-03,99.4382
886,2015-11-04,99.4382
887,2015-11-05,99.4382
888,2015-11-06,99.4382
889,2015-11-07,99.4382
890,2015-11-08,99.4382
891,2015-11-09,99.4382
892,2015-11-10,99.4382
893,2015-11-11,99.4382
894,2015-11-12,99.4382
895,2015-11-13,99.4382
896,2015-11-14,99.4382
897,2015-11-15,99.4382
898,2015-11-16,99.4382
899,2015-11-17,99.4382
900,2015-11-18,99.4382
901,2015-11-19,99.4382
902,2015-11-20,99.4382
903,2015-11-21,99.4382
904,2015-11-22,99.4382
905,2015-11-23,99.4382
906,2015-11-24,99.4382
907,2015-11-25,99.4382
908,2015-11-26,99.4382
909,2015-11-27,99.4382
910,2015-11-28,99.4382
911,2015-11-29,99.4382
912,2015-11-30,99.4382
913,2015-12-01,98.939
914,2015-12-02,98.939
915,2015-12-03,98.939
916,2015-12-04,98.939
917,2015-12-05,98.939
918,2015-12-06,98.939
919,2015-12-07,98.939
920,2015-12-08,98.939
921,2015-12-09,98.939
922,2015-12-10,98.939
923,2015-12-11,98.939
924,2015-12-12,98.939
925,2015-12-13,98.939
926,2015-12-14,98.939
927,2015-12-15,98.939
928,2015-12-16,98.939
929,2015-12-17,98.939
930,2015-12-18,98.939
931,2015-12-19,98.939
932,2015-12-20,98.939
933,2015-12-21,98.939
934,2015-12-22,98.939
935,2015-12-23,98.939
936,2015-12-24,98.939
937,2015-12-25,98.939
938,2015-12-26,98.939
939,2015-12-27,98.939
940,2015-12-28,98.939
941,2015-12-29,98.939
942,2015-12-30,98.939
943,2015-12-31,98.939
944,2016-01-01,99.4558
945,2016-01-02,99.4558
946,2016-01-03,99.4558
947,2016-01-04,99.4558
948,2016-01-05,99.4558
949,2016-01-06,99.4558
950,2016-01-07,99.4558
951,2016-01-08,99.4558
952,2016-01-09,99.4558
953,2016-01-10,99.4558
954,2016-01-11,99.4558
955,2016-01-12,99.4558
956,2016-01-13,99.4558
957,2016-01-14,99.4558
958,2016-01-15,99.4558
959,2016-01-16,99.4558
960,2016-01-17,99.4558
961,2016-01-18,99.4558
962,2016-01-19,99.4558
963,2016-01-20,99.4558
964,2016-01-21,99.4558
965,2016-01-22,99.4558
966,2016-01-23,99.4558
967,2016-01-24,99.4558
968,2016-01-25,99.4558
969,2016-01-26,99.4558
970,2016-01-27,99.4558
971,2016-01-28,99.4558
972,2016-01-29,99.4558
973,2016-01-30,99.4558
974,2016-01-31,99.4558
975,2016-02-01,98.9136
976,2016-02-02,98.9136
977,2016-02-03,98.9136
978,2016-02-04,98.9136
979,2016-02-05,98.9136
980,2016-02-06,98.9136
981,2016-02-07,98.9136
982,2016-02-08,98.9136
983,2016-02-09,98.9136
984,2016-02-10,98.9136
985,2016-02-11,98.9136
986,2016-02-12,98.9136
987,2016-02-13,98.9136
988,2016-02-14,98.9136
989,2016-02-15,98.9136
990,2016-02-16,98.9136
991,2016-02-17,98.9136
992,2016-02-18,98.9136
993,2016-02-19,98.9136
994,2016-02-20,98.9136
995,2016-02-21,98.9136
996,2016-02-22,98.9136
997,2016-02-23,98.9136
998,2016-02-24,98.9136
999,2016-02-25,98.9136
1000,2016-02-26,98.9136
1001,2016-02-27,98.9136
1002,2016-02-28,98.9136
1003,2016-02-29,98.9136
1004,2016-03-01,98.1907
1005,2016-03-02,98.1907
1006,2016-03-03,98.1907
1007,2016-03-04,98.1907
1008,2016-03-05,98.1907
1009,2016-03-06,98.1907
1010,2016-03-07,98.1907
1011,2016-03-08,98.1907
1012,2016-03-09,98.1907
1013,2016-03-10,98.1907
1014,2016-03-11,98.1907
1015,2016-03-12,98.1907
1016,2016-03-13,98.1907
1017,2016-03-14,98.1907
1018,2016-03-15,98.1907
1019,2016-03-16,98.1907
1020,2016-03-17,98.1907
1021,2016-03-18,98.1907
1022,2016-03-19,98.1907
1023,2016-03-20,98.1907
1024,2016-03-21,98.1907
1025,2016-03-22,98.1907
1026,2016-03-23,98.1907
1027,2016-03-24,98.1907
1028,2016-03-25,98.1907
1029,2016-03-26,98.1907
1030,2016-03-27,98.1907
1031,2016-03-28,98.1907
1032,2016-03-29,98.1907
1033,2016-03-30,98.1907
1034,2016-03-31,98.1907
1035,2016-04-01,98.4669
1036,2016-04-02,98.4669
1037,2016-04-03,98.4669
1038,2016-04-04,98.4669
1039,2016-04-05,98.4669
1040,2016-04-06,98.4669
1041,2016-04-07,98.4669
1042,2016-04-08,98.4669
1043,2016-04-09,98.4669
1044,2016-04-10,98.4669
1045,2016-04-11,98.4669
1046,2016-04-12,98.4669
1047,2016-04-13,98.4669
1048,2016-04-14,98.4669
1049,2016-04-15,98.4669
1050,2016-04-16,98.4669
1051,2016-04-17,98.4669
1052,2016-04-18,98.4669
1053,2016-04-19,98.4669
1054,2016-04-20,98.4669
1055,2016-04-21,98.4669
1056,2016-04-22,98.4669
1057,2016-04-23,98.4669
1058,2016-04-24,98.4669
1059,2016-04-25,98.4669
1060,2016-04-26,98.4669
1061,2016-04-27,98.4669
1062,2016-04-28,98.4669
1063,2016-04-29,98.4669
1064,2016-04-30,98.4669
1065,2016-05-01,98.2518
1066,2016-05-02,98.2518
1067,2016-05-03,98.2518
1068,2016-05-04,98.2518
1069,2016-05-05,98.2518
1070,2016-05-06,98.2518
1071,2016-05-07,98.2518
1072,2016-05-08,98.2518
1073,2016-05-09,98.2518
1074,2016-05-10,98.2518
1075,2016-05-11,98.2518
1076,2016-05-12,98.2518
1077,2016-05-13,98.2518
1078,2016-05-14,98.2518
1079,2016-05-15,98.2518
1080,2016-05-16,98.2518
1081,2016-05-17,98.2518
1082,2016-05-18,98.2518
1083,2016-05-19,98.2518
1084,2016-05-20,98.2518
1085,2016-05-21,98.2518
1086,2016-05-22,98.2518
1087,2016-05-23,98.2518
1088,2016-05-24,98.2518
1089,2016-05-25,98.2518
1090,2016-05-26,98.2518
1091,2016-05-27,98.2518
1092,2016-05-28,98.2518
1093,2016-05-29,98.2518
1094,2016-05-30,98.2518
1095,2016-05-31,98.2518
1096,2016-06-01,98.7275
1097,2016-06-02,98.7275
1098,2016-06-03,98.7275
1099,2016-06-04,98.7275
1100,2016-06-05,98.7275
1101,2016-06-06,98.7275
1102,2016-06-07,98.7275
1103,2016-06-08,98.7275
1104,2016-06-09,98.7275
1105,2016-06-10,98.7275
1106,2016-06-11,98.7275
1107,2016-06-12,98.7275
1108,2016-06-13,98.7275
1109,2016-06-14,98.7275
1110,2016-06-15,98.7275
1111,2016-06-16,98.7275
1112,2016-06-17,98.7275
1113,2016-06-18,98.7275
1114,2016-06-19,98.7275
1115,2016-06-20,98.7275
1116,2016-06-21,98.7275
1117,2016-06-22,98.7275
1118,2016-06-23,98.7275
1119,2016-06-24,98.7275
1120,2016-06-25,98.7275
1121,2016-06-26,98.7275
1122,2016-06-27,98.7275
1123,2016-06-28,98.7275
1124,2016-06-29,98.7275
1125,2016-06-30,98.7275
1126,2016-07-01,98.836
1127,2016-07-02,98.836
1128,2016-07-03,98.836
1129,2016-07-04,98.836
1130,2016-07-05,98.836
1131,2016-07-06,98.836
1132,2016-07-07,98.836
1133,2016-07-08,98.836
1134,2016-07-09,98.836
1135,2016-07-10,98.836
1136,2016-07-11,98.836
1137,2016-07-12,98.836
1138,2016-07-13,98.836
1139,2016-07-14,98.836
1140,2016-07-15,98.836
1141,2016-07-16,98.836
1142,2016-07-17,98.836
1143,2016-07-18,98.836
1144,2016-07-19,98.836
1145,2016-07-20,98.836
1146,2016-07-21,98.836
1147,2016-07-22,98.836
1148,2016-07-23,98.836
1149,2016-07-24,98.836
1150,2016-07-25,98.836
1151,2016-07-26,98.836
1152,2016-07-27,98.836
1153,2016-07-28,98.836
1154,2016-07-29,98.836
1155,2016-07-30,98.836
1156,2016-07-31,98.836
1157,2016-08-01,98.7554
1158,2016-08-02,98.7554
1159,2016-08-03,98.7554
1160,2016-08-04,98.7554
1161,2016-08-05,98.7554
1162,2016-08-06,98.7554
1163,2016-08-07,98.7554
1164,2016-08-08,98.7554
1165,2016-08-09,98.7554
1166,2016-08-10,98.7554
1167,2016-08-11,98.7554
1168,2016-08-12,98.7554
1169,2016-08-13,98.7554
1170,2016-08-14,98.7554
1171,2016-08-15,98.7554
1172,2016-08-16,98.7554
1173,2016-08-17,98.7554
1174,2016-08-18,98.7554
1175,2016-08-19,98.7554
1176,2016-08-20,98.7554
1177,2016-08-21,98.7554
1178,2016-08-22,98.7554
1179,2016-08-23,98.7554
1180,2016-08-24,98.7554
1181,2016-08-25,98.7554
1182,2016-08-26,98.7554
1183,2016-08-27,98.7554
1184,2016-08-28,98.7554
1185,2016-08-29,98.7554
1186,2016-08-30,98.7554
1187,2016-08-31,98.7554
1188,2016-09-01,98.6596
1189,2016-09-02,98.6596
1190,2016-09-03,98.6596
1191,2016-09-04,98.6596
1192,2016-09-05,98.6596
1193,2016-09-06,98.6596
1194,2016-09-07,98.6596
1195,2016-09-08,98.6596
1196,2016-09-09,98.6596
1197,2016-09-10,98.6596
1198,2016-09-11,98.6596
1199,2016-09-12,98.6596
1200,2016-09-13,98.6596
1201,2016-09-14,98.6596
1202,2016-09-15,98.6596
1203,2016-09-16,98.6596
1204,2016-09-17,98.6596
1205,2016-09-18,98.6596
1206,2016-09-19,98.6596
1207,2016-09-20,98.6596
1208,2016-09-21,98.6596
1209,2016-09-22,98.6596
1210,2016-09-23,98.6596
1211,2016-09-24,98.6596
1212,2016-09-25,98.6596
1213,2016-09-26,98.6596
1214,2016-09-27,98.6596
1215,2016-09-28,98.6596
1216,2016-09-29,98.6596
1217,2016-09-30,98.6596
1218,2016-10-01,98.7322
1219,2016-10-02,98.7322
1220,2016-10-03,98.7322
1221,2016-10-04,98.7322
1222,2016-10-05,98.7322
1223,2016-10-06,98.7322
1224,2016-10-07,98.7322
1225,2016-10-08,98.7322
1226,2016-10-09,98.7322
1227,2016-10-10,98.7322
1228,2016-10-11,98.7322
1229,2016-10-12,98.7322
1230,2016-10-13,98.7322
1231,2016-10-14,98.7322
1232,2016-10-15,98.7322
1233,2016-10-16,98.7322
1234,2016-10-17,98.7322
1235,2016-10-18,98.7322
1236,2016-10-19,98.7322
1237,2016-10-20,98.7322
1238,2016-10-21,98.7322
1239,2016-10-22,98.7322
1240,2016-10-23,98.7322
1241,2016-10-24,98.7322
1242,2016-10-25,98.7322
1243,2016-10-26,98.7322
1244,2016-10-27,98.7322
1245,2016-10-28,98.7322
1246,2016-10-29,98.7322
1247,2016-10-30,98.7322
1248,2016-10-31,98.7322
1249,2016-11-01,98.3452
1250,2016-11-02,98.3452
1251,2016-11-03,98.3452
1252,2016-11-04,98.3452
1253,2016-11-05,98.3452
1254,2016-11-06,98.3452
1255,2016-11-07,98.3452
1256,2016-11-08,98.3452
1257,2016-11-09,98.3452
1258,2016-11-10,98.3452
1259,2016-11-11,98.3452
1260,2016-11-12,98.3452
1261,2016-11-13,98.3452
1262,2016-11-14,98.3452
1263,2016-11-15,98.3452
1264,2016-11-16,98.3452
1265,2016-11-17,98.3452
1266,2016-11-18,98.3452
1267,2016-11-19,98.3452
1268,2016-11-20,98.3452
1269,2016-11-21,98.3452
1270,2016-11-22,98.3452
1271,2016-11-23,98.3452
1272,2016-11-24,98.3452
1273,2016-11-25,98.3452
1274,2016-11-26,98.3452
1275,2016-11-27,98.3452
1276,2016-11-28,98.3452
1277,2016-11-29,98.3452
1278,2016-11-30,98.3452
1279,2016-12-01,99.0314
1280,2016-12-02,99.0314
1281,2016-12-03,99.0314
1282,2016-12-04,99.0314
1283,2016-12-05,99.0314
1284,2016-12-06,99.0314
1285,2016-12-07,99.0314
1286,2016-12-08,99.0314
1287,2016-12-09,99.0314
1288,2016-12-10,99.0314
1289,2016-12-11,99.0314
1290,2016-12-12,99.0314
1291,2016-12-13,99.0314
1292,2016-12-14,99.0314
1293,2016-12-15,99.0314
1294,2016-12-16,99.0314
1295,2016-12-17,99.0314
1296,2016-12-18,99.0314
1297,2016-12-19,99.0314
1298,2016-12-20,99.0314
1299,2016-12-21,99.0314
1300,2016-12-22,99.0314
1301,2016-12-23,99.0314
1302,2016-12-24,99.0314
1303,2016-12-25,99.0314
1304,2016-12-26,99.0314
1305,2016-12-27,99.0314
1306,2016-12-28,99.0314
1307,2016-12-29,99.0314
1308,2016-12-30,99.0314
1309,2016-12-31,99.0314
1310,2017-01-01,98.7987
1311,2017-01-02,98.7987
1312,2017-01-03,98.7987
1313,2017-01-04,98.7987
1314,2017-01-05,98.7987
1315,2017-01-06,98.7987
1316,2017-01-07,98.7987
1317,2017-01-08,98.7987
1318,2017-01-09,98.7987
1319,2017-01-10,98.7987
1320,2017-01-11,98.7987
1321,2017-01-12,98.7987
1322,2017-01-13,98.7987
1323,2017-01-14,98.7987
1324,2017-01-15,98.7987
1325,2017-01-16,98.7987
1326,2017-01-17,98.7987
1327,2017-01-18,98.7987
1328,2017-01-19,98.7987
1329,2017-01-20,98.7987
1330,2017-01-21,98.7987
1331,2017-01-22,98.7987
1332,2017-01-23,98.7987
1333,2017-01-24,98.7987
1334,2017-01-25,98.7987
1335,2017-01-26,98.7987
1336,2017-01-27,98.7987
1337,2017-01-28,98.7987
1338,2017-01-29,98.7987
1339,2017-01-30,98.7987
1340,2017-01-31,98.7987
1341,2017-02-01,98.4322
1342,2017-02-02,98.4322
1343,2017-02-03,98.4322
1344,2017-02-04,98.4322
1345,2017-02-05,98.4322
1346,2017-02-06,98.4322
1347,2017-02-07,98.4322
1348,2017-02-08,98.4322
1349,2017-02-09,98.4322
1350,2017-02-10,98.4322
1351,2017-02-11,98.4322
1352,2017-02-12,98.4322
1353,2017-02-13,98.4322
1354,2017-02-14,98.4322
1355,2017-02-15,98.4322
1356,2017-02-16,98.4322
1357,2017-02-17,98.4322
1358,2017-02-18,98.4322
1359,2017-02-19,98.4322
1360,2017-02-20,98.4322
1361,2017-02-21,98.4322
1362,2017-02-22,98.4322
1363,2017-02-23,98.4322
1364,2017-02-24,98.4322
1365,2017-02-25,98.4322
1366,2017-02-26,98.4322
1367,2017-02-27,98.4322
1368,2017-02-28,98.4322
1369,2017-03-01,99.0663
1370,2017-03-02,99.0663
1371,2017-03-03,99.0663
1372,2017-03-04,99.0663
1373,2017-03-05,99.0663
1374,2017-03-06,99.0663
1375,2017-03-07,99.0663
1376,2017-03-08,99.0663
1377,2017-03-09,99.0663
1378,2017-03-10,99.0663
1379,2017-03-11,99.0663
1380,2017-03-12,99.0663
1381,2017-03-13,99.0663
1382,2017-03-14,99.0663
1383,2017-03-15,99.0663
1384,2017-03-16,99.0663
1385,2017-03-17,99.0663
1386,2017-03-18,99.0663
1387,2017-03-19,99.0663
1388,2017-03-20,99.0663
1389,2017-03-21,99.0663
1390,2017-03-22,99.0663
1391,2017-03-23,99.0663
1392,2017-03-24,99.0663
1393,2017-03-25,99.0663
1394,2017-03-26,99.0663
1395,2017-03-27,99.0663
1396,2017-03-28,99.0663
1397,2017-03-29,99.0663
1398,2017-03-30,99.0663
1399,2017-03-31,99.0663
1400,2017-04-01,100.0082
1401,2017-04-02,100.0082
1402,2017-04-03,100.0082
1403,2017-04-04,100.0082
1404,2017-04-05,100.0082
1405,2017-04-06,100.0082
1406,2017-04-07,100.0082
1407,2017-04-08,100.0082
1408,2017-04-09,100.0082
1409,2017-04-10,100.0082
1410,2017-04-11,100.0082
1411,2017-04-12,100.0082
1412,2017-04-13,100.0082
1413,2017-04-14,100.0082
1414,2017-04-15,100.0082
1415,2017-04-16,100.0082
1416,2017-04-17,100.0082
1417,2017-04-18,100.0082
1418,2017-04-19,100.0082
1419,2017-04-20,100.0082
1420,2017-04-21,100.0082
1421,2017-04-22,100.0082
1422,2017-04-23,100.0082
1423,2017-04-24,100.0082
1424,2017-04-25,100.0082
1425,2017-04-26,100.0082
1426,2017-04-27,100.0082
1427,2017-04-28,100.0082
1428,2017-04-29,100.0082
1429,2017-04-30,100.0082
1430,2017-05-01,100.1286
1431,2017-05-02,100.1286
1432,2017-05-03,100.1286
1433,2017-05-04,100.1286
1434,2017-05-05,100.1286
1435,2017-05-06,100.1286
1436,2017-05-07,100.1286
1437,2017-05-08,100.1286
1438,2017-05-09,100.1286
1439,2017-05-10,100.1286
1440,2017-05-11,100.1286
1441,2017-05-12,100.1286
1442,2017-05-13,100.1286
1443,2017-05-14,100.1286
1444,2017-05-15,100.1286
1445,2017-05-16,100.1286
1446,2017-05-17,100.1286
1447,2017-05-18,100.1286
1448,2017-05-19,100.1286
1449,2017-05-20,100.1286
1450,2017-05-21,100.1286
1451,2017-05-22,100.1286
1452,2017-05-23,100.1286
1453,2017-05-24,100.1286
1454,2017-05-25,100.1286
1455,2017-05-26,100.1286
1456,2017-05-27,100.1286
1457,2017-05-28,100.1286
1458,2017-05-29,100.1286
1459,2017-05-30,100.1286
1460,2017-05-31,100.1286
1461,2017-06-01,100.3233
1462,2017-06-02,100.3233
1463,2017-06-03,100.3233
1464,2017-06-04,100.3233
1465,2017-06-05,100.3233
1466,2017-06-06,100.3233
1467,2017-06-07,100.3233
1468,2017-06-08,100.3233
1469,2017-06-09,100.3233
1470,2017-06-10,100.3233
1471,2017-06-11,100.3233
1472,2017-06-12,100.3233
1473,2017-06-13,100.3233
1474,2017-06-14,100.3233
1475,2017-06-15,100.3233
1476,2017-06-16,100.3233
1477,2017-06-17,100.3233
1478,2017-06-18,100.3233
1479,2017-06-19,100.3233
1480,2017-06-20,100.3233
1481,2017-06-21,100.3233
1482,2017-06-22,100.3233
1483,2017-06-23,100.3233
1484,2017-06-24,100.3233
1485,2017-06-25,100.3233
1486,2017-06-26,100.3233
1487,2017-06-27,100.3233
1488,2017-06-28,100.3233
1489,2017-06-29,100.3233
1490,2017-06-30,100.3233
1491,2017-07-01,100.0947
1492,2017-07-02,100.0947
1493,2017-07-03,100.0947
1494,2017-07-04,100.0947
1495,2017-07-05,100.0947
1496,2017-07-06,100.0947
1497,2017-07-07,100.0947
1498,2017-07-08,100.0947
1499,2017-07-09,100.0947
1500,2017-07-10,100.0947
1501,2017-07-11,100.0947
1502,2017-07-12,100.0947
1503,2017-07-13,100.0947
1504,2017-07-14,100.0947
1505,2017-07-15,100.0947
1506,2017-07-16,100.0947
1507,2017-07-17,100.0947
1508,2017-07-18,100.0947
1509,2017-07-19,100.0947
1510,2017-07-20,100.0947
1511,2017-07-21,100.0947
1512,2017-07-22,100.0947
1513,2017-07-23,100.0947
1514,2017-07-24,100.0947
1515,2017-07-25,100.0947
1516,2017-07-26,100.0947
1517,2017-07-27,100.0947
1518,2017-07-28,100.0947
1519,2017-07-29,100.0947
1520,2017-07-30,100.0947
1521,2017-07-31,100.0947
1522,2017-08-01,99.6642
1523,2017-08-02,99.6642
1524,2017-08-03,99.6642
1525,2017-08-04,99.6642
1526,2017-08-05,99.6642
1527,2017-08-06,99.6642
1528,2017-08-07,99.6642
1529,2017-08-08,99.6642
1530,2017-08-09,99.6642
1531,2017-08-10,99.6642
1532,2017-08-11,99.6642
1533,2017-08-12,99.6642
1534,2017-08-13,99.6642
1535,2017-08-14,99.6642
1536,2017-08-15,99.6642
1537,2017-08-16,99.6642
1538,2017-08-17,99.6642
1539,2017-08-18,99.6642
1540,2017-08-19,99.6642
1541,2017-08-20,99.6642
1542,2017-08-21,99.6642
1543,2017-08-22,99.6642
1544,2017-08-23,99.6642
1545,2017-08-24,99.6642
1546,2017-08-25,99.6642
1547,2017-08-26,99.6642
1548,2017-08-27,99.6642
1549,2017-08-28,99.6642
1550,2017-08-29,99.6642
1551,2017-08-30,99.6642
1552,2017-08-31,99.6642
1553,2017-09-01,99.7686
1554,2017-09-02,99.7686
1555,2017-09-03,99.7686
1556,2017-09-04,99.7686
1557,2017-09-05,99.7686
1558,2017-09-06,99.7686
1559,2017-09-07,99.7686
1560,2017-09-08,99.7686
1561,2017-09-09,99.7686
1562,2017-09-10,99.7686
1563,2017-09-11,99.7686
1564,2017-09-12,99.7686
1565,2017-09-13,99.7686
1566,2017-09-14,99.7686
1567,2017-09-15,99.7686
1568,2017-09-16,99.7686
1569,2017-09-17,99.7686
1570,2017-09-18,99.7686
1571,2017-09-19,99.7686
1572,2017-09-20,99.7686
1573,2017-09-21,99.7686
1574,2017-09-22,99.7686
1575,2017-09-23,99.7686
1576,2017-09-24,99.7686
1577,2017-09-25,99.7686
1578,2017-09-26,99.7686
1579,2017-09-27,99.7686
1580,2017-09-28,99.7686
1581,2017-09-29,99.7686
1582,2017-09-30,99.7686
1583,2017-10-01,100.9981
1584,2017-10-02,100.9981
1585,2017-10-03,100.9981
1586,2017-10-04,100.9981
1587,2017-10-05,100.9981
1588,2017-10-06,100.9981
1589,2017-10-07,100.9981
1590,2017-10-08,100.9981
1591,2017-10-09,100.9981
1592,2017-10-10,100.9981
1593,2017-10-11,100.9981
1594,2017-10-12,100.9981
1595,2017-10-13,100.9981
1596,2017-10-14,100.9981
1597,2017-10-15,100.9981
1598,2017-10-16,100.9981
1599,2017-10-17,100.9981
1600,2017-10-18,100.9981
1601,2017-10-19,100.9981
1602,2017-10-20,100.9981
1603,2017-10-21,100.9981
1604,2017-10-22,100.9981
1605,2017-10-23,100.9981
1606,2017-10-24,100.9981
1607,2017-10-25,100.9981
1608,2017-10-26,100.9981
1609,2017-10-27,100.9981
1610,2017-10-28,100.9981
1611,2017-10-29,100.9981
1612,2017-10-30,100.9981
1613,2017-10-31,100.9981
1614,2017-11-01,101.2597
1615,2017-11-02,101.2597
1616,2017-11-03,101.2597
1617,2017-11-04,101.2597
1618,2017-11-05,101.2597
1619,2017-11-06,101.2597
1620,2017-11-07,101.2597
1621,2017-11-08,101.2597
1622,2017-11-09,101.2597
1623,2017-11-10,101.2597
1624,2017-11-11,101.2597
1625,2017-11-12,101.2597
1626,2017-11-13,101.2597
1627,2017-11-14,101.2597
1628,2017-11-15,101.2597
1629,2017-11-16,101.2597
1630,2017-11-17,101.2597
1631,2017-11-18,101.2597
1632,2017-11-19,101.2597
1633,2017-11-20,101.2597
1634,2017-11-21,101.2597
1635,2017-11-22,101.2597
1636,2017-11-23,101.2597
1637,2017-11-24,101.2597
1638,2017-11-25,101.2597
1639,2017-11-26,101.2597
1640,2017-11-27,101.2597
1641,2017-11-28,101.2597
1642,2017-11-29,101.2597
1643,2017-11-30,101.2597
1644,2017-12-01,101.4573
1645,2017-12-02,101.4573
1646,2017-12-03,101.4573
1647,2017-12-04,101.4573
1648,2017-12-05,101.4573
1649,2017-12-06,101.4573
1650,2017-12-07,101.4573
1651,2017-12-08,101.4573
1652,2017-12-09,101.4573
1653,2017-12-10,101.4573
1654,2017-12-11,101.4573
1655,2017-12-12,101.4573
1656,2017-12-13,101.4573
1657,2017-12-14,101.4573
1658,2017-12-15,101.4573
1659,2017-12-16,101.4573
1660,2017-12-17,101.4573
1661,2017-12-18,101.4573
1662,2017-12-19,101.4573
1663,2017-12-20,101.4573
1664,2017-12-21,101.4573
1665,2017-12-22,101.4573
1666,2017-12-23,101.4573
1667,2017-12-24,101.4573
1668,2017-12-25,101.4573
1669,2017-12-26,101.4573
1670,2017-12-27,101.4573
1671,2017-12-28,101.4573
1672,2017-12-29,101.4573
1673,2017-12-30,101.4573
1674,2017-12-31,101.4573
1675,2018-01-01,101.3939
1676,2018-01-02,101.3939
1677,2018-01-03,101.3939
1678,2018-01-04,101.3939
1679,2018-01-05,101.3939
1680,2018-01-06,101.3939
1681,2018-01-07,101.3939
1682,2018-01-08,101.3939
1683,2018-01-09,101.3939
1684,2018-01-10,101.3939
1685,2018-01-11,101.3939
1686,2018-01-12,101.3939
1687,2018-01-13,101.3939
1688,2018-01-14,101.3939
1689,2018-01-15,101.3939
1690,2018-01-16,101.3939
1691,2018-01-17,101.3939
1692,2018-01-18,101.3939
1693,2018-01-19,101.3939
1694,2018-01-20,101.3939
1695,2018-01-21,101.3939
1696,2018-01-22,101.3939
1697,2018-01-23,101.3939
1698,2018-01-24,101.3939
1699,2018-01-25,101.3939
1700,2018-01-26,101.3939
1701,2018-01-27,101.3939
1702,2018-01-28,101.3939
1703,2018-01-29,101.3939
1704,2018-01-30,101.3939
1705,2018-01-31,101.3939
1706,2018-02-01,101.7656
1707,2018-02-02,101.7656
1708,2018-02-03,101.7656
1709,2018-02-04,101.7656
1710,2018-02-05,101.7656
1711,2018-02-06,101.7656
1712,2018-02-07,101.7656
1713,2018-02-08,101.7656
1714,2018-02-09,101.7656
1715,2018-02-10,101.7656
1716,2018-02-11,101.7656
1717,2018-02-12,101.7656
1718,2018-02-13,101.7656
1719,2018-02-14,101.7656
1720,2018-02-15,101.7656
1721,2018-02-16,101.7656
1722,2018-02-17,101.7656
1723,2018-02-18,101.7656
1724,2018-02-19,101.7656
1725,2018-02-20,101.7656
1726,2018-02-21,101.7656
1727,2018-02-22,101.7656
1728,2018-02-23,101.7656
1729,2018-02-24,101.7656
1730,2018-02-25,101.7656
1731,2018-02-26,101.7656
1732,2018-02-27,101.7656
1733,2018-02-28,101.7656
1734,2018-03-01,102.2441
1735,2018-03-02,102.2441
1736,2018-03-03,102.2441
1737,2018-03-04,102.2441
1738,2018-03-05,102.2441
1739,2018-03-06,102.2441
1740,2018-03-07,102.2441
1741,2018-03-08,102.2441
1742,2018-03-09,102.2441
1743,2018-03-10,102.2441
1744,2018-03-11,102.2441
1745,2018-03-12,102.2441
1746,2018-03-13,102.2441
1747,2018-03-14,102.2441
1748,2018-03-15,102.2441
1749,2018-03-16,102.2441
1750,2018-03-17,102.2441
1751,2018-03-18,102.2441
1752,2018-03-19,102.2441
1753,2018-03-20,102.2441
1754,2018-03-21,102.2441
1755,2018-03-22,102.2441
1756,2018-03-23,102.2441
1757,2018-03-24,102.2441
1758,2018-03-25,102.2441
1759,2018-03-26,102.2441
1760,2018-03-27,102.2441
1761,2018-03-28,102.2441
1762,2018-03-29,102.2441
1763,2018-03-30,102.2441
1764,2018-03-31,102.2441
1765,2018-04-01,103.3468
1766,2018-04-02,103.3468
1767,2018-04-03,103.3468
1768,2018-04-04,103.3468
1769,2018-04-05,103.3468
1770,2018-04-06,103.3468
1771,2018-04-07,103.3468
1772,2018-04-08,103.3468
1773,2018-04-09,103.3468
1774,2018-04-10,103.3468
1775,2018-04-11,103.3468
1776,2018-04-12,103.3468
1777,2018-04-13,103.3468
1778,2018-04-14,103.3468
1779,2018-04-15,103.3468
1780,2018-04-16,103.3468
1781,2018-04-17,103.3468
1782,2018-04-18,103.3468
1783,2018-04-19,103.3468
1784,2018-04-20,103.3468
1785,2018-04-21,103.3468
1786,2018-04-22,103.3468
1787,2018-04-23,103.3468
1788,2018-04-24,103.3468
1789,2018-04-25,103.3468
1790,2018-04-26,103.3468
1791,2018-04-27,103.3468
1792,2018-04-28,103.3468
1793,2018-04-29,103.3468
1794,2018-04-30,103.3468
1795,2018-05-01,102.3911
1796,2018-05-02,102.3911
1797,2018-05-03,102.3911
1798,2018-05-04,102.3911
1799,2018-05-05,102.3911
1800,2018-05-06,102.3911
1801,2018-05-07,102.3911
1802,2018-05-08,102.3911
1803,2018-05-09,102.3911
1804,2018-05-10,102.3911
1805,2018-05-11,102.3911
1806,2018-05-12,102.3911
1807,2018-05-13,102.3911
1808,2018-05-14,102.3911
1809,2018-05-15,102.3911
1810,2018-05-16,102.3911
1811,2018-05-17,102.3911
1812,2018-05-18,102.3911
1813,2018-05-19,102.3911
1814,2018-05-20,102.3911
1815,2018-05-21,102.3911
1816,2018-05-22,102.3911
1817,2018-05-23,102.3911
1818,2018-05-24,102.3911
1819,2018-05-25,102.3911
1820,2018-05-26,102.3911
1821,2018-05-27,102.3911
1822,2018-05-28,102.3911
1823,2018-05-29,102.3911
1824,2018-05-30,102.3911
1825,2018-05-31,102.3911
1826,2018-06-01,103.1924
1827,2018-06-02,103.1924
1828,2018-06-03,103.1924
1829,2018-06-04,103.1924
1830,2018-06-05,103.1924
1831,2018-06-06,103.1924
1832,2018-06-07,103.1924
1833,2018-06-08,103.1924
1834,2018-06-09,103.1924
1835,2018-06-10,103.1924
1836,2018-06-11,103.1924
1837,2018-06-12,103.1924
1838,2018-06-13,103.1924
1839,2018-06-14,103.1924
1840,2018-06-15,103.1924
1841,2018-06-16,103.1924
1842,2018-06-17,103.1924
1843,2018-06-18,103.1924
1844,2018-06-19,103.1924
1845,2018-06-20,103.1924
1846,2018-06-21,103.1924
1847,2018-06-22,103.1924
1848,2018-06-23,103.1924
1849,2018-06-24,103.1924
1850,2018-06-25,103.1924
1851,2018-06-26,103.1924
1852,2018-06-27,103.1924
1853,2018-06-28,103.1924
1854,2018-06-29,103.1924
1855,2018-06-30,103.1924
1856,2018-07-01,103.3334
1857,2018-07-02,103.3334
1858,2018-07-03,103.3334
1859,2018-07-04,103.3334
1860,2018-07-05,103.3334
1861,2018-07-06,103.3334
1862,2018-07-07,103.3334
1863,2018-07-08,103.3334
1864,2018-07-09,103.3334
1865,2018-07-10,103.3334
1866,2018-07-11,103.3334
1867,2018-07-12,103.3334
1868,2018-07-13,103.3334
1869,2018-07-14,103.3334
1870,2018-07-15,103.3334
1871,2018-07-16,103.3334
1872,2018-07-17,103.3334
1873,2018-07-18,103.3334
1874,2018-07-19,103.3334
1875,2018-07-20,103.3334
1876,2018-07-21,103.3334
1877,2018-07-22,103.3334
1878,2018-07-23,103.3334
1879,2018-07-24,103.3334
1880,2018-07-25,103.3334
1881,2018-07-26,103.3334
1882,2018-07-27,103.3334
1883,2018-07-28,103.3334
1884,2018-07-29,103.3334
1885,2018-07-30,103.3334
1886,2018-07-31,103.3334
1887,2018-08-01,104.0807
1888,2018-08-02,104.0807
1889,2018-08-03,104.0807
1890,2018-08-04,104.0807
1891,2018-08-05,104.0807
1892,2018-08-06,104.0807
1893,2018-08-07,104.0807
1894,2018-08-08,104.0807
1895,2018-08-09,104.0807
1896,2018-08-10,104.0807
1897,2018-08-11,104.0807
1898,2018-08-12,104.0807
1899,2018-08-13,104.0807
1900,2018-08-14,104.0807
1901,2018-08-15,104.0807
1902,2018-08-16,104.0807
1903,2018-08-17,104.0807
1904,2018-08-18,104.0807
1905,2018-08-19,104.0807
1906,2018-08-20,104.0807
1907,2018-08-21,104.0807
1908,2018-08-22,104.0807
1909,2018-08-23,104.0807
1910,2018-08-24,104.0807
1911,2018-08-25,104.0807
1912,2018-08-26,104.0807
1913,2018-08-27,104.0807
1914,2018-08-28,104.0807
1915,2018-08-29,104.0807
1916,2018-08-30,104.0807
1917,2018-08-31,104.0807
1918,2018-09-01,104.1181
1919,2018-09-02,104.1181
1920,2018-09-03,104.1181
1921,2018-09-04,104.1181
1922,2018-09-05,104.1181
1923,2018-09-06,104.1181
1924,2018-09-07,104.1181
1925,2018-09-08,104.1181
1926,2018-09-09,104.1181
1927,2018-09-10,104.1181
1928,2018-09-11,104.1181
1929,2018-09-12,104.1181
1930,2018-09-13,104.1181
1931,2018-09-14,104.1181
1932,2018-09-15,104.1181
1933,2018-09-16,104.1181
1934,2018-09-17,104.1181
1935,2018-09-18,104.1181
1936,2018-09-19,104.1181
1937,2018-09-20,104.1181
1938,2018-09-21,104.1181
1939,2018-09-22,104.1181
1940,2018-09-23,104.1181
1941,2018-09-24,104.1181
1942,2018-09-25,104.1181
1943,2018-09-26,104.1181
1944,2018-09-27,104.1181
1945,2018-09-28,104.1181
1946,2018-09-29,104.1181
1947,2018-09-30,104.1181
1948,2018-10-01,103.9397
1949,2018-10-02,103.9397
1950,2018-10-03,103.9397
1951,2018-10-04,103.9397
1952,2018-10-05,103.9397
1953,2018-10-06,103.9397
1954,2018-10-07,103.9397
1955,2018-10-08,103.9397
1956,2018-10-09,103.9397
1957,2018-10-10,103.9397
1958,2018-10-11,103.9397
1959,2018-10-12,103.9397
1960,2018-10-13,103.9397
1961,2018-10-14,103.9397
1962,2018-10-15,103.9397
1963,2018-10-16,103.9397
1964,2018-10-17,103.9397
1965,2018-10-18,103.9397
1966,2018-10-19,103.9397
1967,2018-10-20,103.9397
1968,2018-10-21,103.9397
1969,2018-10-22,103.9397
1970,2018-10-23,103.9397
1971,2018-10-24,103.9397
1972,2018-10-25,103.9397
1973,2018-10-26,103.9397
1974,2018-10-27,103.9397
1975,2018-10-28,103.9397
1976,2018-10-29,103.9397
1977,2018-10-30,103.9397
1978,2018-10-31,103.9397
1979,2018-11-01,104.0007
1980,2018-11-02,104.0007
1981,2018-11-03,104.0007
1982,2018-11-04,104.0007
1983,2018-11-05,104.0007
1984,2018-11-06,104.0007
1985,2018-11-07,104.0007
1986,2018-11-08,104.0007
1987,2018-11-09,104.0007
1988,2018-11-10,104.0007
1989,2018-11-11,104.0007
1990,2018-11-12,104.0007
1991,2018-11-13,104.0007
1992,2018-11-14,104.0007
1993,2018-11-15,104.0007
1994,2018-11-16,104.0007
1995,2018-11-17,104.0007
1996,2018-11-18,104.0007
1997,2018-11-19,104.0007
1998,2018-11-20,104.0007
1999,2018-11-21,104.0007
2000,2018-11-22,104.0007
2001,2018-11-23,104.0007
2002,2018-11-24,104.0007
2003,2018-11-25,104.0007
2004,2018-11-26,104.0007
2005,2018-11-27,104.0007
2006,2018-11-28,104.0007
2007,2018-11-29,104.0007
2008,2018-11-30,104.0007
2009,2018-12-01,103.9946
2010,2018-12-02,103.9946
2011,2018-12-03,103.9946
2012,2018-12-04,103.9946
2013,2018-12-05,103.9946
2014,2018-12-06,103.9946
2015,2018-12-07,103.9946
2016,2018-12-08,103.9946
2017,2018-12-09,103.9946
2018,2018-12-10,103.9946
2019,2018-12-11,103.9946
2020,2018-12-12,103.9946
2021,2018-12-13,103.9946
2022,2018-12-14,103.9946
2023,2018-12-15,103.9946
2024,2018-12-16,103.9946
2025,2018-12-17,103.9946
2026,2018-12-18,103.9946
2027,2018-12-19,103.9946
2028,2018-12-20,103.9946
2029,2018-12-21,103.9946
2030,2018-12-22,103.9946
2031,2018-12-23,103.9946
2032,2018-12-24,103.9946
2033,2018-12-25,103.9946
2034,2018-12-26,103.9946
2035,2018-12-27,103.9946
2036,2018-12-28,103.9946
2037,2018-12-29,103.9946
2038,2018-12-30,103.9946
2039,2018-12-31,103.9946
2040,2019-01-01,103.373
2041,2019-01-02,103.373
2042,2019-01-03,103.373
2043,2019-01-04,103.373
2044,2019-01-05,103.373
2045,2019-01-06,103.373
2046,2019-01-07,103.373
2047,2019-01-08,103.373
2048,2019-01-09,103.373
2049,2019-01-10,103.373
2050,2019-01-11,103.373
2051,2019-01-12,103.373
2052,2019-01-13,103.373
2053,2019-01-14,103.373
2054,2019-01-15,103.373
2055,2019-01-16,103.373
2056,2019-01-17,103.373
2057,2019-01-18,103.373
2058,2019-01-19,103.373
2059,2019-01-20,103.373
2060,2019-01-21,103.373
2061,2019-01-22,103.373
2062,2019-01-23,103.373
2063,2019-01-24,103.373
2064,2019-01-25,103.373
2065,2019-01-26,103.373
2066,2019-01-27,103.373
2067,2019-01-28,103.373
2068,2019-01-29,103.373
2069,2019-01-30,103.373
2070,2019-01-31,103.373
2071,2019-02-01,102.8292
2072,2019-02-02,102.8292
2073,2019-02-03,102.8292
2074,2019-02-04,102.8292
2075,2019-02-05,102.8292
2076,2019-02-06,102.8292
2077,2019-02-07,102.8292
2078,2019-02-08,102.8292
2079,2019-02-09,102.8292
2080,2019-02-10,102.8292
2081,2019-02-11,102.8292
2082,2019-02-12,102.8292
2083,2019-02-13,102.8292
2084,2019-02-14,102.8292
2085,2019-02-15,102.8292
2086,2019-02-16,102.8292
2087,2019-02-17,102.8292
2088,2019-02-18,102.8292
2089,2019-02-19,102.8292
2090,2019-02-20,102.8292
2091,2019-02-21,102.8292
2092,2019-02-22,102.8292
2093,2019-02-23,102.8292
2094,2019-02-24,102.8292
2095,2019-02-25,102.8292
2096,2019-02-26,102.8292
2097,2019-02-27,102.8292
2098,2019-02-28,102.8292
2099,2019-03-01,102.8286
2100,2019-03-02,102.8286
2101,2019-03-03,102.8286
2102,2019-03-04,102.8286
2103,2019-03-05,102.8286
2104,2019-03-06,102.8286
2105,2019-03-07,102.8286
2106,2019-03-08,102.8286
2107,2019-03-09,102.8286
2108,2019-03-10,102.8286
2109,2019-03-11,102.8286
2110,2019-03-12,102.8286
2111,2019-03-13,102.8286
2112,2019-03-14,102.8286
2113,2019-03-15,102.8286
2114,2019-03-16,102.8286
2115,2019-03-17,102.8286
2116,2019-03-18,102.8286
2117,2019-03-19,102.8286
2118,2019-03-20,102.8286
2119,2019-03-21,102.8286
2120,2019-03-22,102.8286
2121,2019-03-23,102.8286
2122,2019-03-24,102.8286
2123,2019-03-25,102.8286
2124,2019-03-26,102.8286
2125,2019-03-27,102.8286
2126,2019-03-28,102.8286
2127,2019-03-29,102.8286
2128,2019-03-30,102.8286
2129,2019-03-31,102.8286
2130,2019-04-01,102.2481
2131,2019-04-02,102.2481
2132,2019-04-03,102.2481
2133,2019-04-04,102.2481
2134,2019-04-05,102.2481
2135,2019-04-06,102.2481
2136,2019-04-07,102.2481
2137,2019-04-08,102.2481
2138,2019-04-09,102.2481
2139,2019-04-10,102.2481
2140,2019-04-11,102.2481
2141,2019-04-12,102.2481
2142,2019-04-13,102.2481
2143,2019-04-14,102.2481
2144,2019-04-15,102.2481
2145,2019-04-16,102.2481
2146,2019-04-17,102.2481
2147,2019-04-18,102.2481
2148,2019-04-19,102.2481
2149,2019-04-20,102.2481
2150,2019-04-21,102.2481
2151,2019-04-22,102.2481
2152,2019-04-23,102.2481
2153,2019-04-24,102.2481
2154,2019-04-25,102.2481
2155,2019-04-26,102.2481
2156,2019-04-27,102.2481
2157,2019-04-28,102.2481
2158,2019-04-29,102.2481
2159,2019-04-30,102.2481
2160,2019-05-01,102.4192
2161,2019-05-02,102.4192
2162,2019-05-03,102.4192
2163,2019-05-04,102.4192
2164,2019-05-05,102.4192
2165,2019-05-06,102.4192
2166,2019-05-07,102.4192
2167,2019-05-08,102.4192
2168,2019-05-09,102.4192
2169,2019-05-10,102.4192
2170,2019-05-11,102.4192
2171,2019-05-12,102.4192
2172,2019-05-13,102.4192
2173,2019-05-14,102.4192
2174,2019-05-15,102.4192
2175,2019-05-16,102.4192
2176,2019-05-17,102.4192
2177,2019-05-18,102.4192
2178,2019-05-19,102.4192
2179,2019-05-20,102.4192
2180,2019-05-21,102.4192
2181,2019-05-22,102.4192
2182,2019-05-23,102.4192
2183,2019-05-24,102.4192
2184,2019-05-25,102.4192
2185,2019-05-26,102.4192
2186,2019-05-27,102.4192
2187,2019-05-28,102.4192
2188,2019-05-29,102.4192
2189,2019-05-30,102.4192
2190,2019-05-31,102.4192
2191,2019-06-01,102.4893
2192,2019-06-02,102.4893
2193,2019-06-03,102.4893
2194,2019-06-04,102.4893
2195,2019-06-05,102.4893
2196,2019-06-06,102.4893
2197,2019-06-07,102.4893
2198,2019-06-08,102.4893
2199,2019-06-09,102.4893
2200,2019-06-10,102.4893
2201,2019-06-11,102.4893
2202,2019-06-12,102.4893
2203,2019-06-13,102.4893
2204,2019-06-14,102.4893
2205,2019-06-15,102.4893
2206,2019-06-16,102.4893
2207,2019-06-17,102.4893
2208,2019-06-18,102.4893
2209,2019-06-19,102.4893
2210,2019-06-20,102.4893
2211,2019-06-21,102.4893
2212,2019-06-22,102.4893
2213,2019-06-23,102.4893
2214,2019-06-24,102.4893
2215,2019-06-25,102.4893
2216,2019-06-26,102.4893
2217,2019-06-27,102.4893
2218,2019-06-28,102.4893
2219,2019-06-29,102.4893
2220,2019-06-30,102.4893
2221,2019-07-01,102.0236
2222,2019-07-02,102.0236
2223,2019-07-03,102.0236
2224,2019-07-04,102.0236
2225,2019-07-05,102.0236
2226,2019-07-06,102.0236
2227,2019-07-07,102.0236
2228,2019-07-08,102.0236
2229,2019-07-09,102.0236
2230,2019-07-10,102.0236
2231,2019-07-11,102.0236
2232,2019-07-12,102.0236
2233,2019-07-13,102.0236
2234,2019-07-14,102.0236
2235,2019-07-15,102.0236
2236,2019-07-16,102.0236
2237,2019-07-17,102.0236
2238,2019-07-18,102.0236
2239,2019-07-19,102.0236
2240,2019-07-20,102.0236
2241,2019-07-21,102.0236
2242,2019-07-22,102.0236
2243,2019-07-23,102.0236
2244,2019-07-24,102.0236
2245,2019-07-25,102.0236
2246,2019-07-26,102.0236
2247,2019-07-27,102.0236
2248,2019-07-28,102.0236
2249,2019-07-29,102.0236
2250,2019-07-30,102.0236
2251,2019-07-31,102.0236
2252,2019-08-01,102.7754
2253,2019-08-02,102.7754
2254,2019-08-03,102.7754
2255,2019-08-04,102.7754
2256,2019-08-05,102.7754
2257,2019-08-06,102.7754
2258,2019-08-07,102.7754
2259,2019-08-08,102.7754
2260,2019-08-09,102.7754
2261,2019-08-10,102.7754
2262,2019-08-11,102.7754
2263,2019-08-12,102.7754
2264,2019-08-13,102.7754
2265,2019-08-14,102.7754
2266,2019-08-15,102.7754
2267,2019-08-16,102.7754
2268,2019-08-17,102.7754
2269,2019-08-18,102.7754
2270,2019-08-19,102.7754
2271,2019-08-20,102.7754
2272,2019-08-21,102.7754
2273,2019-08-22,102.7754
2274,2019-08-23,102.7754
2275,2019-08-24,102.7754
2276,2019-08-25,102.7754
2277,2019-08-26,102.7754
2278,2019-08-27,102.7754
2279,2019-08-28,102.7754
2280,2019-08-29,102.7754
2281,2019-08-30,102.7754
2282,2019-08-31,102.7754
2283,2019-09-01,102.5315
2284,2019-09-02,102.5315
2285,2019-09-03,102.5315
2286,2019-09-04,102.5315
2287,2019-09-05,102.5315
2288,2019-09-06,102.5315
2289,2019-09-07,102.5315
2290,2019-09-08,102.5315
2291,2019-09-09,102.5315
2292,2019-09-10,102.5315
2293,2019-09-11,102.5315
2294,2019-09-12,102.5315
2295,2019-09-13,102.5315
2296,2019-09-14,102.5315
2297,2019-09-15,102.5315
2298,2019-09-16,102.5315
2299,2019-09-17,102.5315
2300,2019-09-18,102.5315
2301,2019-09-19,102.5315
2302,2019-09-20,102.5315
2303,2019-09-21,102.5315
2304,2019-09-22,102.5315
2305,2019-09-23,102.5315
2306,2019-09-24,102.5315
2307,2019-09-25,102.5315
2308,2019-09-26,102.5315
2309,2019-09-27,102.5315
2310,2019-09-28,102.5315
2311,2019-09-29,102.5315
2312,2019-09-30,102.5315
2313,2019-10-01,101.6022
2314,2019-10-02,101.6022
2315,2019-10-03,101.6022
2316,2019-10-04,101.6022
2317,2019-10-05,101.6022
2318,2019-10-06,101.6022
2319,2019-10-07,101.6022
2320,2019-10-08,101.6022
2321,2019-10-09,101.6022
2322,2019-10-10,101.6022
2323,2019-10-11,101.6022
2324,2019-10-12,101.6022
2325,2019-10-13,101.6022
2326,2019-10-14,101.6022
2327,2019-10-15,101.6022
2328,2019-10-16,101.6022
2329,2019-10-17,101.6022
2330,2019-10-18,101.6022
2331,2019-10-19,101.6022
2332,2019-10-20,101.6022
2333,2019-10-21,101.6022
2334,2019-10-22,101.6022
2335,2019-10-23,101.6022
2336,2019-10-24,101.6022
2337,2019-10-25,101.6022
2338,2019-10-26,101.6022
2339,2019-10-27,101.6022
2340,2019-10-28,101.6022
2341,2019-10-29,101.6022
2342,2019-10-30,101.6022
2343,2019-10-31,101.6022
2344,2019-11-01,102.148
2345,2019-11-02,102.148
2346,2019-11-03,102.148
2347,2019-11-04,102.148
2348,2019-11-05,102.148
2349,2019-11-06,102.148
2350,2019-11-07,102.148
2351,2019-11-08,102.148
2352,2019-11-09,102.148
2353,2019-11-10,102.148
2354,2019-11-11,102.148
2355,2019-11-12,102.148
2356,2019-11-13,102.148
2357,2019-11-14,102.148
2358,2019-11-15,102.148
2359,2019-11-16,102.148
2360,2019-11-17,102.148
2361,2019-11-18,102.148
2362,2019-11-19,102.148
2363,2019-11-20,102.148
2364,2019-11-21,102.148
2365,2019-11-22,102.148
2366,2019-11-23,102.148
2367,2019-11-24,102.148
2368,2019-11-25,102.148
2369,2019-11-26,102.148
2370,2019-11-27,102.148
2371,2019-11-28,102.148
2372,2019-11-29,102.148
2373,2019-11-30,102.148
2374,2019-12-01,101.884
2375,2019-12-02,101.884
2376,2019-12-03,101.884
2377,2019-12-04,101.884
2378,2019-12-05,101.884
2379,2019-12-06,101.884
2380,2019-12-07,101.884
2381,2019-12-08,101.884
2382,2019-12-09,101.884
2383,2019-12-10,101.884
2384,2019-12-11,101.884
2385,2019-12-12,101.884
2386,2019-12-13,101.884
2387,2019-12-14,101.884
2388,2019-12-15,101.884
2389,2019-12-16,101.884
2390,2019-12-17,101.884
2391,2019-12-18,101.884
2392,2019-12-19,101.884
2393,2019-12-20,101.884
2394,2019-12-21,101.884
2395,2019-12-22,101.884
2396,2019-12-23,101.884
2397,2019-12-24,101.884
2398,2019-12-25,101.884
2399,2019-12-26,101.884
2400,2019-12-27,101.884
2401,2019-12-28,101.884
2402,2019-12-29,101.884
2403,2019-12-30,101.884
2404,2019-12-31,101.884
2405,2020-01-01,101.3768
2406,2020-01-02,101.3768
2407,2020-01-03,101.3768
2408,2020-01-04,101.3768
2409,2020-01-05,101.3768
2410,2020-01-06,101.3768
2411,2020-01-07,101.3768
2412,2020-01-08,101.3768
2413,2020-01-09,101.3768
2414,2020-01-10,101.3768
2415,2020-01-11,101.3768
2416,2020-01-12,101.3768
2417,2020-01-13,101.3768
2418,2020-01-14,101.3768
2419,2020-01-15,101.3768
2420,2020-01-16,101.3768
2421,2020-01-17,101.3768
2422,2020-01-18,101.3768
2423,2020-01-19,101.3768
2424,2020-01-20,101.3768
2425,2020-01-21,101.3768
2426,2020-01-22,101.3768
2427,2020-01-23,101.3768
2428,2020-01-24,101.3768
2429,2020-01-25,101.3768
2430,2020-01-26,101.3768
2431,2020-01-27,101.3768
2432,2020-01-28,101.3768
2433,2020-01-29,101.3768
2434,2020-01-30,101.3768
2435,2020-01-31,101.3768
2436,2020-02-01,101.633
2437,2020-02-02,101.633
2438,2020-02-03,101.633
2439,2020-02-04,101.633
2440,2020-02-05,101.633
2441,2020-02-06,101.633
2442,2020-02-07,101.633
2443,2020-02-08,101.633
2444,2020-02-09,101.633
2445,2020-02-10,101.633
2446,2020-02-11,101.633
2447,2020-02-12,101.633
2448,2020-02-13,101.633
2449,2020-02-14,101.633
2450,2020-02-15,101.633
2451,2020-02-16,101.633
2452,2020-02-17,101.633
2453,2020-02-18,101.633
2454,2020-02-19,101.633
2455,2020-02-20,101.633
2456,2020-02-21,101.633
2457,2020-02-22,101.633
2458,2020-02-23,101.633
2459,2020-02-24,101.633
2460,2020-02-25,101.633
2461,2020-02-26,101.633
2462,2020-02-27,101.633
2463,2020-02-28,101.633
2464,2020-02-29,101.633
2465,2020-03-01,97.6672
2466,2020-03-02,97.6672
2467,2020-03-03,97.6672
2468,2020-03-04,97.6672
2469,2020-03-05,97.6672
2470,2020-03-06,97.6672
2471,2020-03-07,97.6672
2472,2020-03-08,97.6672
2473,2020-03-09,97.6672
2474,2020-03-10,97.6672
2475,2020-03-11,97.6672
2476,2020-03-12,97.6672
2477,2020-03-13,97.6672
2478,2020-03-14,97.6672
2479,2020-03-15,97.6672
2480,2020-03-16,97.6672
2481,2020-03-17,97.6672
2482,2020-03-18,97.6672
2483,2020-03-19,97.6672
2484,2020-03-20,97.6672
2485,2020-03-21,97.6672
2486,2020-03-22,97.6672
2487,2020-03-23,97.6672
2488,2020-03-24,97.6672
2489,2020-03-25,97.6672
2490,2020-03-26,97.6672
2491,2020-03-27,97.6672
2492,2020-03-28,97.6672
2493,2020-03-29,97.6672
2494,2020-03-30,97.6672
2495,2020-03-31,97.6672
2496,2020-04-01,84.5979
2497,2020-04-02,84.5979
2498,2020-04-03,84.5979
2499,2020-04-04,84.5979
2500,2020-04-05,84.5979
2501,2020-04-06,84.5979
2502,2020-04-07,84.5979
2503,2020-04-08,84.5979
2504,2020-04-09,84.5979
2505,2020-04-10,84.5979
2506,2020-04-11,84.5979
2507,2020-04-12,84.5979
2508,2020-04-13,84.5979
2509,2020-04-14,84.5979
2510,2020-04-15,84.5979
2511,2020-04-16,84.5979
2512,2020-04-17,84.5979
2513,2020-04-18,84.5979
2514,2020-04-19,84.5979
2515,2020-04-20,84.5979
2516,2020-04-21,84.5979
2517,2020-04-22,84.5979
2518,2020-04-23,84.5979
2519,2020-04-24,84.5979
2520,2020-04-25,84.5979
2521,2020-04-26,84.5979
2522,2020-04-27,84.5979
2523,2020-04-28,84.5979
2524,2020-04-29,84.5979
2525,2020-04-30,84.5979
2526,2020-05-01,85.9732
2527,2020-05-02,85.9732
2528,2020-05-03,85.9732
2529,2020-05-04,85.9732
2530,2020-05-05,85.9732
2531,2020-05-06,85.9732
2532,2020-05-07,85.9732
2533,2020-05-08,85.9732
2534,2020-05-09,85.9732
2535,2020-05-10,85.9732
2536,2020-05-11,85.9732
2537,2020-05-12,85.9732
2538,2020-05-13,85.9732
2539,2020-05-14,85.9732
2540,2020-05-15,85.9732
2541,2020-05-16,85.9732
2542,2020-05-17,85.9732
2543,2020-05-18,85.9732
2544,2020-05-19,85.9732
2545,2020-05-20,85.9732
2546,2020-05-21,85.9732
2547,2020-05-22,85.9732
2548,2020-05-23,85.9732
2549,2020-05-24,85.9732
2550,2020-05-25,85.9732
2551,2020-05-26,85.9732
2552,2020-05-27,85.9732
2553,2020-05-28,85.9732
2554,2020-05-29,85.9732
2555,2020-05-30,85.9732
2556,2020-05-31,85.9732
2557,2020-06-01,91.5625
2558,2020-06-02,91.5625
2559,2020-06-03,91.5625
2560,2020-06-04,91.5625
2561,2020-06-05,91.5625
2562,2020-06-06,91.5625
2563,2020-06-07,91.5625
2564,2020-06-08,91.5625
2565,2020-06-09,91.5625
2566,2020-06-10,91.5625
2567,2020-06-11,91.5625
2568,2020-06-12,91.5625
2569,2020-06-13,91.5625
2570,2020-06-14,91.5625
2571,2020-06-15,91.5625
2572,2020-06-16,91.5625
2573,2020-06-17,91.5625
2574,2020-06-18,91.5625
2575,2020-06-19,91.5625
2576,2020-06-20,91.5625
2577,2020-06-21,91.5625
2578,2020-06-22,91.5625
2579,2020-06-23,91.5625
2580,2020-06-24,91.5625
2581,2020-06-25,91.5625
2582,2020-06-26,91.5625
2583,2020-06-27,91.5625
2584,2020-06-28,91.5625
2585,2020-06-29,91.5625
2586,2020-06-30,91.5625
2587,2020-07-01,95.0144
2588,2020-07-02,95.0144
2589,2020-07-03,95.0144
2590,2020-07-04,95.0144
2591,2020-07-05,95.0144
2592,2020-07-06,95.0144
2593,2020-07-07,95.0144
2594,2020-07-08,95.0144
2595,2020-07-09,95.0144
2596,2020-07-10,95.0144
2597,2020-07-11,95.0144
2598,2020-07-12,95.0144
2599,2020-07-13,95.0144
2600,2020-07-14,95.0144
2601,2020-07-15,95.0144
2602,2020-07-16,95.0144
2603,2020-07-17,95.0144
2604,2020-07-18,95.0144
2605,2020-07-19,95.0144
2606,2020-07-20,95.0144
2607,2020-07-21,95.0144
2608,2020-07-22,95.0144
2609,2020-07-23,95.0144
2610,2020-07-24,95.0144
2611,2020-07-25,95.0144
2612,2020-07-26,95.0144
2613,2020-07-27,95.0144
2614,2020-07-28,95.0144
2615,2020-07-29,95.0144
2616,2020-07-30,95.0144
2617,2020-07-31,95.0144
2618,2020-08-01,95.8881
2619,2020-08-02,95.8881
2620,2020-08-03,95.8881
2621,2020-08-04,95.8881
2622,2020-08-05,95.8881
2623,2020-08-06,95.8881
2624,2020-08-07,95.8881
2625,2020-08-08,95.8881
2626,2020-08-09,95.8881
2627,2020-08-10,95.8881
2628,2020-08-11,95.8881
2629,2020-08-12,95.8881
2630,2020-08-13,95.8881
2631,2020-08-14,95.8881
2632,2020-08-15,95.8881
2633,2020-08-16,95.8881
2634,2020-08-17,95.8881
2635,2020-08-18,95.8881
2636,2020-08-19,95.8881
2637,2020-08-20,95.8881
2638,2020-08-21,95.8881
2639,2020-08-22,95.8881
2640,2020-08-23,95.8881
2641,2020-08-24,95.8881
2642,2020-08-25,95.8881
2643,2020-08-26,95.8881
2644,2020-08-27,95.8881
2645,2020-08-28,95.8881
2646,2020-08-29,95.8881
2647,2020-08-30,95.8881
2648,2020-08-31,95.8881
2649,2020-09-01,95.8444
2650,2020-09-02,95.8444
2651,2020-09-03,95.8444
2652,2020-09-04,95.8444
2653,2020-09-05,95.8444
2654,2020-09-06,95.8444
2655,2020-09-07,95.8444
2656,2020-09-08,95.8444
2657,2020-09-09,95.8444
2658,2020-09-10,95.8444
2659,2020-09-11,95.8444
2660,2020-09-12,95.8444
2661,2020-09-13,95.8444
2662,2020-09-14,95.8444
2663,2020-09-15,95.8444
2664,2020-09-16,95.8444
2665,2020-09-17,95.8444
2666,2020-09-18,95.8444
2667,2020-09-19,95.8444
2668,2020-09-20,95.8444
2669,2020-09-21,95.8444
2670,2020-09-22,95.8444
2671,2020-09-23,95.8444
2672,2020-09-24,95.8444
2673,2020-09-25,95.8444
2674,2020-09-26,95.8444
2675,2020-09-27,95.8444
2676,2020-09-28,95.8444
2677,2020-09-29,95.8444
2678,2020-09-30,95.8444
2679,2020-10-01,96.4292
2680,2020-10-02,96.4292
2681,2020-10-03,96.4292
2682,2020-10-04,96.4292
2683,2020-10-05,96.4292
2684,2020-10-06,96.4292
2685,2020-10-07,96.4292
2686,2020-10-08,96.4292
2687,2020-10-09,96.4292
2688,2020-10-10,96.4292
2689,2020-10-11,96.4292
2690,2020-10-12,96.4292
2691,2020-10-13,96.4292
2692,2020-10-14,96.4292
2693,2020-10-15,96.4292
2694,2020-10-16,96.4292
2695,2020-10-17,96.4292
2696,2020-10-18,96.4292
2697,2020-10-19,96.4292
2698,2020-10-20,96.4292
2699,2020-10-21,96.4292
2700,2020-10-22,96.4292
2701,2020-10-23,96.4292
2702,2020-10-24,96.4292
2703,2020-10-25,96.4292
2704,2020-10-26,96.4292
2705,2020-10-27,96.4292
2706,2020-10-28,96.4292
2707,2020-10-29,96.4292
2708,2020-10-30,96.4292
2709,2020-10-31,96.4292
2710,2020-11-01,96.8564
2711,2020-11-02,96.8564
2712,2020-11-03,96.8564
2713,2020-11-04,96.8564
2714,2020-11-05,96.8564
2715,2020-11-06,96.8564
2716,2020-11-07,96.8564
2717,2020-11-08,96.8564
2718,2020-11-09,96.8564
2719,2020-11-10,96.8564
2720,2020-11-11,96.8564
2721,2020-11-12,96.8564
2722,2020-11-13,96.8564
2723,2020-11-14,96.8564
2724,2020-11-15,96.8564
2725,2020-11-16,96.8564
2726,2020-11-17,96.8564
2727,2020-11-18,96.8564
2728,2020-11-19,96.8564
2729,2020-11-20,96.8564
2730,2020-11-21,96.8564
2731,2020-11-22,96.8564
2732,2020-11-23,96.8564
2733,2020-11-24,96.8564
2734,2020-11-25,96.8564
2735,2020-11-26,96.8564
2736,2020-11-27,96.8564
2737,2020-11-28,96.8564
2738,2020-11-29,96.8564
2739,2020-11-30,96.8564
2740,2020-12-01,97.9754
2741,2020-12-02,97.9754
2742,2020-12-03,97.9754
2743,2020-12-04,97.9754
2744,2020-12-05,97.9754
2745,2020-12-06,97.9754
2746,2020-12-07,97.9754
2747,2020-12-08,97.9754
2748,2020-12-09,97.9754
2749,2020-12-10,97.9754
2750,2020-12-11,97.9754
2751,2020-12-12,97.9754
2752,2020-12-13,97.9754
2753,2020-12-14,97.9754
2754,2020-12-15,97.9754
2755,2020-12-16,97.9754
2756,2020-12-17,97.9754
2757,2020-12-18,97.9754
2758,2020-12-19,97.9754
2759,2020-12-20,97.9754
2760,2020-12-21,97.9754
2761,2020-12-22,97.9754
2762,2020-12-23,97.9754
2763,2020-12-24,97.9754
2764,2020-12-25,97.9754
2765,2020-12-26,97.9754
2766,2020-12-27,97.9754
2767,2020-12-28,97.9754
2768,2020-12-29,97.9754
2769,2020-12-30,97.9754
2770,2020-12-31,97.9754
2771,2021-01-01,98.7836
2772,2021-01-02,98.7836
2773,2021-01-03,98.7836
2774,2021-01-04,98.7836
2775,2021-01-05,98.7836
2776,2021-01-06,98.7836
2777,2021-01-07,98.7836
2778,2021-01-08,98.7836
2779,2021-01-09,98.7836
2780,2021-01-10,98.7836
2781,2021-01-11,98.7836
2782,2021-01-12,98.7836
2783,2021-01-13,98.7836
2784,2021-01-14,98.7836
2785,2021-01-15,98.7836
2786,2021-01-16,98.7836
2787,2021-01-17,98.7836
2788,2021-01-18,98.7836
2789,2021-01-19,98.7836
2790,2021-01-20,98.7836
2791,2021-01-21,98.7836
2792,2021-01-22,98.7836
2793,2021-01-23,98.7836
2794,2021-01-24,98.7836
2795,2021-01-25,98.7836
2796,2021-01-26,98.7836
2797,2021-01-27,98.7836
2798,2021-01-28,98.7836
2799,2021-01-29,98.7836
2800,2021-01-30,98.7836
2801,2021-01-31,98.7836
2802,2021-02-01,95.3744
2803,2021-02-02,95.3744
2804,2021-02-03,95.3744
2805,2021-02-04,95.3744
2806,2021-02-05,95.3744
2807,2021-02-06,95.3744
2808,2021-02-07,95.3744
2809,2021-02-08,95.3744
2810,2021-02-09,95.3744
2811,2021-02-10,95.3744
2812,2021-02-11,95.3744
2813,2021-02-12,95.3744
2814,2021-02-13,95.3744
2815,2021-02-14,95.3744
2816,2021-02-15,95.3744
2817,2021-02-16,95.3744
2818,2021-02-17,95.3744
2819,2021-02-18,95.3744
2820,2021-02-19,95.3744
2821,2021-02-20,95.3744
2822,2021-02-21,95.3744
2823,2021-02-22,95.3744
2824,2021-02-23,95.3744
2825,2021-02-24,95.3744
2826,2021-02-25,95.3744
2827,2021-02-26,95.3744
2828,2021-02-27,95.3744
2829,2021-02-28,95.3744
2830,2021-03-01,98.1351
2831,2021-03-02,98.1351
2832,2021-03-03,98.1351
2833,2021-03-04,98.1351
2834,2021-03-05,98.1351
2835,2021-03-06,98.1351
2836,2021-03-07,98.1351
2837,2021-03-08,98.1351
2838,2021-03-09,98.1351
2839,2021-03-10,98.1351
2840,2021-03-11,98.1351
2841,2021-03-12,98.1351
2842,2021-03-13,98.1351
2843,2021-03-14,98.1351
2844,2021-03-15,98.1351
2845,2021-03-16,98.1351
2846,2021-03-17,98.1351
2847,2021-03-18,98.1351
2848,2021-03-19,98.1351
2849,2021-03-20,98.1351
2850,2021-03-21,98.1351
2851,2021-03-22,98.1351
2852,2021-03-23,98.1351
2853,2021-03-24,98.1351
2854,2021-03-25,98.1351
2855,2021-03-26,98.1351
2856,2021-03-27,98.1351
2857,2021-03-28,98.1351
2858,2021-03-29,98.1351
2859,2021-03-30,98.1351
2860,2021-03-31,98.1351
2861,2021-04-01,98.2886
2862,2021-04-02,98.2886
2863,2021-04-03,98.2886
2864,2021-04-04,98.2886
2865,2021-04-05,98.2886
2866,2021-04-06,98.2886
2867,2021-04-07,98.2886
2868,2021-04-08,98.2886
2869,2021-04-09,98.2886
2870,2021-04-10,98.2886
2871,2021-04-11,98.2886
2872,2021-04-12,98.2886
2873,2021-04-13,98.2886
2874,2021-04-14,98.2886
2875,2021-04-15,98.2886
2876,2021-04-16,98.2886
2877,2021-04-17,98.2886
2878,2021-04-18,98.2886
2879,2021-04-19,98.2886
2880,2021-04-20,98.2886
2881,2021-04-21,98.2886
2882,2021-04-22,98.2886
2883,2021-04-23,98.2886
2884,2021-04-24,98.2886
2885,2021-04-25,98.2886
2886,2021-04-26,98.2886
2887,2021-04-27,98.2886
2888,2021-04-28,98.2886
2889,2021-04-29,98.2886
2890,2021-04-30,98.2886
2891,2021-05-01,99.1508
2892,2021-05-02,99.1508
2893,2021-05-03,99.1508
2894,2021-05-04,99.1508
2895,2021-05-05,99.1508
2896,2021-05-06,99.1508
2897,2021-05-07,99.1508
2898,2021-05-08,99.1508
2899,2021-05-09,99.1508
2900,2021-05-10,99.1508
2901,2021-05-11,99.1508
2902,2021-05-12,99.1508
2903,2021-05-13,99.1508
2904,2021-05-14,99.1508
2905,2021-05-15,99.1508
2906,2021-05-16,99.1508
2907,2021-05-17,99.1508
2908,2021-05-18,99.1508
2909,2021-05-19,99.1508
2910,2021-05-20,99.1508
2911,2021-05-21,99.1508
2912,2021-05-22,99.1508
2913,2021-05-23,99.1508
2914,2021-05-24,99.1508
2915,2021-05-25,99.1508
2916,2021-05-26,99.1508
2917,2021-05-27,99.1508
2918,2021-05-28,99.1508
2919,2021-05-29,99.1508
2920,2021-05-30,99.1508
2921,2021-05-31,99.1508
2922,2021-06-01,99.5096
2923,2021-06-02,99.5096
2924,2021-06-03,99.5096
2925,2021-06-04,99.5096
2926,2021-06-05,99.5096
2927,2021-06-06,99.5096
2928,2021-06-07,99.5096
2929,2021-06-08,99.5096
2930,2021-06-09,99.5096
2931,2021-06-10,99.5096
2932,2021-06-11,99.5096
2933,2021-06-12,99.5096
2934,2021-06-13,99.5096
2935,2021-06-14,99.5096
2936,2021-06-15,99.5096
2937,2021-06-16,99.5096
2938,2021-06-17,99.5096
2939,2021-06-18,99.5096
2940,2021-06-19,99.5096
2941,2021-06-20,99.5096
2942,2021-06-21,99.5096
2943,2021-06-22,99.5096
2944,2021-06-23,99.5096
2945,2021-06-24,99.5096
2946,2021-06-25,99.5096
2947,2021-06-26,99.5096
2948,2021-06-27,99.5096
2949,2021-06-28,99.5096
2950,2021-06-29,99.5096
2951,2021-06-30,99.5096
2952,2021-07-01,100.1231
2953,2021-07-02,100.1231
2954,2021-07-03,100.1231
2955,2021-07-04,100.1231
2956,2021-07-05,100.1231
2957,2021-07-06,100.1231
2958,2021-07-07,100.1231
2959,2021-07-08,100.1231
2960,2021-07-09,100.1231
2961,2021-07-10,100.1231
2962,2021-07-11,100.1231
2963,2021-07-12,100.1231
2964,2021-07-13,100.1231
2965,2021-07-14,100.1231
2966,2021-07-15,100.1231
2967,2021-07-16,100.1231
2968,2021-07-17,100.1231
2969,2021-07-18,100.1231
2970,2021-07-19,100.1231
2971,2021-07-20,100.1231
2972,2021-07-21,100.1231
2973,2021-07-22,100.1231
2974,2021-07-23,100.1231
2975,2021-07-24,100.1231
2976,2021-07-25,100.1231
2977,2021-07-26,100.1231
2978,2021-07-27,100.1231
2979,2021-07-28,100.1231
2980,2021-07-29,100.1231
2981,2021-07-30,100.1231
2982,2021-07-31,100.1231
2983,2021-08-01,100.1255
2984,2021-08-02,100.1255
2985,2021-08-03,100.1255
2986,2021-08-04,100.1255
2987,2021-08-05,100.1255
2988,2021-08-06,100.1255
2989,2021-08-07,100.1255
2990,2021-08-08,100.1255
2991,2021-08-09,100.1255
2992,2021-08-10,100.1255
2993,2021-08-11,100.1255
2994,2021-08-12,100.1255
2995,2021-08-13,100.1255
2996,2021-08-14,100.1255
2997,2021-08-15,100.1255
2998,2021-08-16,100.1255
2999,2021-08-17,100.1255
3000,2021-08-18,100.1255
3001,2021-08-19,100.1255
3002,2021-08-20,100.1255
3003,2021-08-21,100.1255
3004,2021-08-22,100.1255
3005,2021-08-23,100.1255
3006,2021-08-24,100.1255
3007,2021-08-25,100.1255
3008,2021-08-26,100.1255
3009,2021-08-27,100.1255
3010,2021-08-28,100.1255
3011,2021-08-29,100.1255
3012,2021-08-30,100.1255
3013,2021-08-31,100.1255
3014,2021-09-01,99.0614
3015,2021-09-02,99.0614
3016,2021-09-03,99.0614
3017,2021-09-04,99.0614
3018,2021-09-05,99.0614
3019,2021-09-06,99.0614
3020,2021-09-07,99.0614
3021,2021-09-08,99.0614
3022,2021-09-09,99.0614
3023,2021-09-10,99.0614
3024,2021-09-11,99.0614
3025,2021-09-12,99.0614
3026,2021-09-13,99.0614
3027,2021-09-14,99.0614
3028,2021-09-15,99.0614
3029,2021-09-16,99.0614
3030,2021-09-17,99.0614
3031,2021-09-18,99.0614
3032,2021-09-19,99.0614
3033,2021-09-20,99.0614
3034,2021-09-21,99.0614
3035,2021-09-22,99.0614
3036,2021-09-23,99.0614
3037,2021-09-24,99.0614
3038,2021-09-25,99.0614
3039,2021-09-26,99.0614
3040,2021-09-27,99.0614
3041,2021-09-28,99.0614
3042,2021-09-29,99.0614
3043,2021-09-30,99.0614
3044,2021-10-01,100.3045
3045,2021-10-02,100.3045
3046,2021-10-03,100.3045
3047,2021-10-04,100.3045
3048,2021-10-05,100.3045
3049,2021-10-06,100.3045
3050,2021-10-07,100.3045
3051,2021-10-08,100.3045
3052,2021-10-09,100.3045
3053,2021-10-10,100.3045
3054,2021-10-11,100.3045
3055,2021-10-12,100.3045
3056,2021-10-13,100.3045
3057,2021-10-14,100.3045
3058,2021-10-15,100.3045
3059,2021-10-16,100.3045
3060,2021-10-17,100.3045
3061,2021-10-18,100.3045
3062,2021-10-19,100.3045
3063,2021-10-20,100.3045
3064,2021-10-21,100.3045
3065,2021-10-22,100.3045
3066,2021-10-23,100.3045
3067,2021-10-24,100.3045
3068,2021-10-25,100.3045
3069,2021-10-26,100.3045
3070,2021-10-27,100.3045
3071,2021-10-28,100.3045
3072,2021-10-29,100.3045
3073,2021-10-30,100.3045
3074,2021-10-31,100.3045
3075,2021-11-01,101.1971
3076,2021-11-02,101.1971
3077,2021-11-03,101.1971
3078,2021-11-04,101.1971
3079,2021-11-05,101.1971
3080,2021-11-06,101.1971
3081,2021-11-07,101.1971
3082,2021-11-08,101.1971
3083,2021-11-09,101.1971
3084,2021-11-10,101.1971
3085,2021-11-11,101.1971
3086,2021-11-12,101.1971
3087,2021-11-13,101.1971
3088,2021-11-14,101.1971
3089,2021-11-15,101.1971
3090,2021-11-16,101.1971
3091,2021-11-17,101.1971
3092,2021-11-18,101.1971
3093,2021-11-19,101.1971
3094,2021-11-20,101.1971
3095,2021-11-21,101.1971
3096,2021-11-22,101.1971
3097,2021-11-23,101.1971
3098,2021-11-24,101.1971
3099,2021-11-25,101.1971
3100,2021-11-26,101.1971
3101,2021-11-27,101.1971
3102,2021-11-28,101.1971
3103,2021-11-29,101.1971
3104,2021-11-30,101.1971
3105,2021-12-01,100.886
3106,2021-12-02,100.886
3107,2021-12-03,100.886
3108,2021-12-04,100.886
3109,2021-12-05,100.886
3110,2021-12-06,100.886
3111,2021-12-07,100.886
3112,2021-12-08,100.886
3113,2021-12-09,100.886
3114,2021-12-10,100.886
3115,2021-12-11,100.886
3116,2021-12-12,100.886
3117,2021-12-13,100.886
3118,2021-12-14,100.886
3119,2021-12-15,100.886
3120,2021-12-16,100.886
3121,2021-12-17,100.886
3122,2021-12-18,100.886
3123,2021-12-19,100.886
3124,2021-12-20,100.886
3125,2021-12-21,100.886
3126,2021-12-22,100.886
3127,2021-12-23,100.886
3128,2021-12-24,100.886
3129,2021-12-25,100.886
3130,2021-12-26,100.886
3131,2021-12-27,100.886
3132,2021-12-28,100.886
3133,2021-12-29,100.886
3134,2021-12-30,100.886
3135,2021-12-31,100.886
3136,2022-01-01,101.0227
3137,2022-01-02,101.0227
3138,2022-01-03,101.0227
3139,2022-01-04,101.0227
3140,2022-01-05,101.0227
3141,2022-01-06,101.0227
3142,2022-01-07,101.0227
3143,2022-01-08,101.0227
3144,2022-01-09,101.0227
3145,2022-01-10,101.0227
3146,2022-01-11,101.0227
3147,2022-01-12,101.0227
3148,2022-01-13,101.0227
3149,2022-01-14,101.0227
3150,2022-01-15,101.0227
3151,2022-01-16,101.0227
3152,2022-01-17,101.0227
3153,2022-01-18,101.0227
3154,2022-01-19,101.0227
3155,2022-01-20,101.0227
3156,2022-01-21,101.0227
3157,2022-01-22,101.0227
3158,2022-01-23,101.0227
3159,2022-01-24,101.0227
3160,2022-01-25,101.0227
3161,2022-01-26,101.0227
3162,2022-01-27,101.0227
3163,2022-01-28,101.0227
3164,2022-01-29,101.0227
3165,2022-01-30,101.0227
3166,2022-01-31,101.0227
3167,2022-02-01,101.6766
3168,2022-02-02,101.6766
3169,2022-02-03,101.6766
3170,2022-02-04,101.6766
3171,2022-02-05,101.6766
3172,2022-02-06,101.6766
3173,2022-02-07,101.6766
3174,2022-02-08,101.6766
3175,2022-02-09,101.6766
3176,2022-02-10,101.6766
3177,2022-02-11,101.6766
3178,2022-02-12,101.6766
3179,2022-02-13,101.6766
3180,2022-02-14,101.6766
3181,2022-02-15,101.6766
3182,2022-02-16,101.6766
3183,2022-02-17,101.6766
3184,2022-02-18,101.6766
3185,2022-02-19,101.6766
3186,2022-02-20,101.6766
3187,2022-02-21,101.6766
3188,2022-02-22,101.6766
3189,2022-02-23,101.6766
3190,2022-02-24,101.6766
3191,2022-02-25,101.6766
3192,2022-02-26,101.6766
3193,2022-02-27,101.6766
3194,2022-02-28,101.6766
3195,2022-03-01,102.478
3196,2022-03-02,102.478
3197,2022-03-03,102.478
3198,2022-03-04,102.478
3199,2022-03-05,102.478
3200,2022-03-06,102.478
3201,2022-03-07,102.478
3202,2022-03-08,102.478
3203,2022-03-09,102.478
3204,2022-03-10,102.478
3205,2022-03-11,102.478
3206,2022-03-12,102.478
3207,2022-03-13,102.478
3208,2022-03-14,102.478
3209,2022-03-15,102.478
3210,2022-03-16,102.478
3211,2022-03-17,102.478
3212,2022-03-18,102.478
3213,2022-03-19,102.478
3214,2022-03-20,102.478
3215,2022-03-21,102.478
3216,2022-03-22,102.478
3217,2022-03-23,102.478
3218,2022-03-24,102.478
3219,2022-03-25,102.478
3220,2022-03-26,102.478
3221,2022-03-27,102.478
3222,2022-03-28,102.478
3223,2022-03-29,102.478
3224,2022-03-30,102.478
3225,2022-03-31,102.478
3226,2022-04-01,102.7953
3227,2022-04-02,102.7953
3228,2022-04-03,102.7953
3229,2022-04-04,102.7953
3230,2022-04-05,102.7953
3231,2022-04-06,102.7953
3232,2022-04-07,102.7953
3233,2022-04-08,102.7953
3234,2022-04-09,102.7953
3235,2022-04-10,102.7953
3236,2022-04-11,102.7953
3237,2022-04-12,102.7953
3238,2022-04-13,102.7953
3239,2022-04-14,102.7953
3240,2022-04-15,102.7953
3241,2022-04-16,102.7953
3242,2022-04-17,102.7953
3243,2022-04-18,102.7953
3244,2022-04-19,102.7953
3245,2022-04-20,102.7953
3246,2022-04-21,102.7953
3247,2022-04-22,102.7953
3248,2022-04-23,102.7953
3249,2022-04-24,102.7953
3250,2022-04-25,102.7953
3251,2022-04-26,102.7953
3252,2022-04-27,102.7953
3253,2022-04-28,102.7953
3254,2022-04-29,102.7953
3255,2022-04-30,102.7953
3256,2022-05-01,102.7769
3257,2022-05-02,102.7769
3258,2022-05-03,102.7769
3259,2022-05-04,102.7769
3260,2022-05-05,102.7769
3261,2022-05-06,102.7769
3262,2022-05-07,102.7769
3263,2022-05-08,102.7769
3264,2022-05-09,102.7769
3265,2022-05-10,102.7769
3266,2022-05-11,102.7769
3267,2022-05-12,102.7769
3268,2022-05-13,102.7769
3269,2022-05-14,102.7769
3270,2022-05-15,102.7769
3271,2022-05-16,102.7769
3272,2022-05-17,102.7769
3273,2022-05-18,102.7769
3274,2022-05-19,102.7769
3275,2022-05-20,102.7769
3276,2022-05-21,102.7769
3277,2022-05-22,102.7769
3278,2022-05-23,102.7769
3279,2022-05-24,102.7769
3280,2022-05-25,102.7769
3281,2022-05-26,102.7769
3282,2022-05-27,102.7769
3283,2022-05-28,102.7769
3284,2022-05-29,102.7769
3285,2022-05-30,102.7769
3286,2022-05-31,102.7769
3287,2022-06-01,102.6863
3288,2022-06-02,102.6863
3289,2022-06-03,102.6863
3290,2022-06-04,102.6863
3291,2022-06-05,102.6863
3292,2022-06-06,102.6863
3293,2022-06-07,102.6863
3294,2022-06-08,102.6863
3295,2022-06-09,102.6863
3296,2022-06-10,102.6863
3297,2022-06-11,102.6863
3298,2022-06-12,102.6863
3299,2022-06-13,102.6863
3300,2022-06-14,102.6863
3301,2022-06-15,102.6863
3302,2022-06-16,102.6863
3303,2022-06-17,102.6863
3304,2022-06-18,102.6863
3305,2022-06-19,102.6863
3306,2022-06-20,102.6863
3307,2022-06-21,102.6863
3308,2022-06-22,102.6863
3309,2022-06-23,102.6863
3310,2022-06-24,102.6863
3311,2022-06-25,102.6863
3312,2022-06-26,102.6863
3313,2022-06-27,102.6863
3314,2022-06-28,102.6863
3315,2022-06-29,102.6863
3316,2022-06-30,102.6863
3317,2022-07-01,103.1328
3318,2022-07-02,103.1328
3319,2022-07-03,103.1328
3320,2022-07-04,103.1328
3321,2022-07-05,103.1328
3322,2022-07-06,103.1328
3323,2022-07-07,103.1328
3324,2022-07-08,103.1328
3325,2022-07-09,103.1328
3326,2022-07-10,103.1328
3327,2022-07-11,103.1328
3328,2022-07-12,103.1328
3329,2022-07-13,103.1328
3330,2022-07-14,103.1328
3331,2022-07-15,103.1328
3332,2022-07-16,103.1328
3333,2022-07-17,103.1328
3334,2022-07-18,103.1328
3335,2022-07-19,103.1328
3336,2022-07-20,103.1328
3337,2022-07-21,103.1328
3338,2022-07-22,103.1328
3339,2022-07-23,103.1328
3340,2022-07-24,103.1328
3341,2022-07-25,103.1328
3342,2022-07-26,103.1328
3343,2022-07-27,103.1328
3344,2022-07-28,103.1328
3345,2022-07-29,103.1328
3346,2022-07-30,103.1328
3347,2022-07-31,103.1328
3348,2022-08-01,103.2344
3349,2022-08-02,103.2344
3350,2022-08-03,103.2344
3351,2022-08-04,103.2344
3352,2022-08-05,103.2344
3353,2022-08-06,103.2344
3354,2022-08-07,103.2344
3355,2022-08-08,103.2344
3356,2022-08-09,103.2344
3357,2022-08-10,103.2344
3358,2022-08-11,103.2344
3359,2022-08-12,103.2344
3360,2022-08-13,103.2344
3361,2022-08-14,103.2344
3362,2022-08-15,103.2344
3363,2022-08-16,103.2344
3364,2022-08-17,103.2344
3365,2022-08-18,103.2344
3366,2022-08-19,103.2344
3367,2022-08-20,103.2344
3368,2022-08-21,103.2344
3369,2022-08-22,103.2344
3370,2022-08-23,103.2344
3371,2022-08-24,103.2344
3372,2022-08-25,103.2344
3373,2022-08-26,103.2344
3374,2022-08-27,103.2344
3375,2022-08-28,103.2344
3376,2022-08-29,103.2344
3377,2022-08-30,103.2344
3378,2022-08-31,103.2344
3379,2022-09-01,103.5283
3380,2022-09-02,103.5283
3381,2022-09-03,103.5283
3382,2022-09-04,103.5283
3383,2022-09-05,103.5283
3384,2022-09-06,103.5283
3385,2022-09-07,103.5283
3386,2022-09-08,103.5283
3387,2022-09-09,103.5283
3388,2022-09-10,103.5283
3389,2022-09-11,103.5283
3390,2022-09-12,103.5283
3391,2022-09-13,103.5283
3392,2022-09-14,103.5283
3393,2022-09-15,103.5283
3394,2022-09-16,103.5283
3395,2022-09-17,103.5283
3396,2022-09-18,103.5283
3397,2022-09-19,103.5283
3398,2022-09-20,103.5283
3399,2022-09-21,103.5283
3400,2022-09-22,103.5283
3401,2022-09-23,103.5283
3402,2022-09-24,103.5283
3403,2022-09-25,103.5283
3404,2022-09-26,103.5283
3405,2022-09-27,103.5283
3406,2022-09-28,103.5283
3407,2022-09-29,103.5283
3408,2022-09-30,103.5283
3409,2022-10-01,103.4114
3410,2022-10-02,103.4114
3411,2022-10-03,103.4114
3412,2022-10-04,103.4114
3413,2022-10-05,103.4114
3414,2022-10-06,103.4114
3415,2022-10-07,103.4114
3416,2022-10-08,103.4114
3417,2022-10-09,103.4114
3418,2022-10-10,103.4114
3419,2022-10-11,103.4114
3420,2022-10-12,103.4114
3421,2022-10-13,103.4114
3422,2022-10-14,103.4114
3423,2022-10-15,103.4114
3424,2022-10-16,103.4114
3425,2022-10-17,103.4114
3426,2022-10-18,103.4114
3427,2022-10-19,103.4114
3428,2022-10-20,103.4114
3429,2022-10-21,103.4114
3430,2022-10-22,103.4114
3431,2022-10-23,103.4114
3432,2022-10-24,103.4114
3433,2022-10-25,103.4114
3434,2022-10-26,103.4114
3435,2022-10-27,103.4114
3436,2022-10-28,103.4114
3437,2022-10-29,103.4114
3438,2022-10-30,103.4114
3439,2022-10-31,103.4114
3440,2022-11-01,103.0707
3441,2022-11-02,103.0707
3442,2022-11-03,103.0707
3443,2022-11-04,103.0707
3444,2022-11-05,103.0707
3445,2022-11-06,103.0707
3446,2022-11-07,103.0707
3447,2022-11-08,103.0707
3448,2022-11-09,103.0707
3449,2022-11-10,103.0707
3450,2022-11-11,103.0707
3451,2022-11-12,103.0707
3452,2022-11-13,103.0707
3453,2022-11-14,103.0707
3454,2022-11-15,103.0707
3455,2022-11-16,103.0707
3456,2022-11-17,103.0707
3457,2022-11-18,103.0707
3458,2022-11-19,103.0707
3459,2022-11-20,103.0707
3460,2022-11-21,103.0707
3461,2022-11-22,103.0707
3462,2022-11-23,103.0707
3463,2022-11-24,103.0707
3464,2022-11-25,103.0707
3465,2022-11-26,103.0707
3466,2022-11-27,103.0707
3467,2022-11-28,103.0707
3468,2022-11-29,103.0707
3469,2022-11-30,103.0707
3470,2022-12-01,101.4741
3471,2022-12-02,101.4741
3472,2022-12-03,101.4741
3473,2022-12-04,101.4741
3474,2022-12-05,101.4741
3475,2022-12-06,101.4741
3476,2022-12-07,101.4741
3477,2022-12-08,101.4741
3478,2022-12-09,101.4741
3479,2022-12-10,101.4741
3480,2022-12-11,101.4741
3481,2022-12-12,101.4741
3482,2022-12-13,101.4741
3483,2022-12-14,101.4741
3484,2022-12-15,101.4741
3485,2022-12-16,101.4741
3486,2022-12-17,101.4741
3487,2022-12-18,101.4741
3488,2022-12-19,101.4741
3489,2022-12-20,101.4741
3490,2022-12-21,101.4741
3491,2022-12-22,101.4741
3492,2022-12-23,101.4741
3493,2022-12-24,101.4741
3494,2022-12-25,101.4741
3495,2022-12-26,101.4741
3496,2022-12-27,101.4741
3497,2022-12-28,101.4741
3498,2022-12-29,101.4741
3499,2022-12-30,101.4741
3500,2022-12-31,101.4741
3501,2023-01-01,102.4963
3502,2023-01-02,102.4963
3503,2023-01-03,102.4963
3504,2023-01-04,102.4963
3505,2023-01-05,102.4963
3506,2023-01-06,102.4963
3507,2023-01-07,102.4963
3508,2023-01-08,102.4963
3509,2023-01-09,102.4963
3510,2023-01-10,102.4963
3511,2023-01-11,102.4963
3512,2023-01-12,102.4963
3513,2023-01-13,102.4963
3514,2023-01-14,102.4963
3515,2023-01-15,102.4963
3516,2023-01-16,102.4963
3517,2023-01-17,102.4963
3518,2023-01-18,102.4963
3519,2023-01-19,102.4963
3520,2023-01-20,102.4963
3521,2023-01-21,102.4963
3522,2023-01-22,102.4963
3523,2023-01-23,102.4963
3524,2023-01-24,102.4963
3525,2023-01-25,102.4963
3526,2023-01-26,102.4963
3527,2023-01-27,102.4963
3528,2023-01-28,102.4963
3529,2023-01-29,102.4963
3530,2023-01-30,102.4963
3531,2023-01-31,102.4963
3532,2023-02-01,102.5007
3533,2023-02-02,102.5007
3534,2023-02-03,102.5007
3535,2023-02-04,102.5007
3536,2023-02-05,102.5007
3537,2023-02-06,102.5007
3538,2023-02-07,102.5007
3539,2023-02-08,102.5007
3540,2023-02-09,102.5007
3541,2023-02-10,102.5007
3542,2023-02-11,102.5007
3543,2023-02-12,102.5007
3544,2023-02-13,102.5007
3545,2023-02-14,102.5007
3546,2023-02-15,102.5007
3547,2023-02-16,102.5007
3548,2023-02-17,102.5007
3549,2023-02-18,102.5007
3550,2023-02-19,102.5007
3551,2023-02-20,102.5007
3552,2023-02-21,102.5007
3553,2023-02-22,102.5007
3554,2023-02-23,102.5007
3555,2023-02-24,102.5007
3556,2023-02-25,102.5007
3557,2023-02-26,102.5007
3558,2023-02-27,102.5007
3559,2023-02-28,102.5007
3560,2023-03-01,102.5488
3561,2023-03-02,102.5488
3562,2023-03-03,102.5488
3563,2023-03-04,102.5488
3564,2023-03-05,102.5488
3565,2023-03-06,102.5488
3566,2023-03-07,102.5488
3567,2023-03-08,102.5488
3568,2023-03-09,102.5488
3569,2023-03-10,102.5488
3570,2023-03-11,102.5488
3571,2023-03-12,102.5488
3572,2023-03-13,102.5488
3573,2023-03-14,102.5488
3574,2023-03-15,102.5488
3575,2023-03-16,102.5488
3576,2023-03-17,102.5488
3577,2023-03-18,102.5488
3578,2023-03-19,102.5488
3579,2023-03-20,102.5488
3580,2023-03-21,102.5488
3581,2023-03-22,102.5488
3582,2023-03-23,102.5488
3583,2023-03-24,102.5488
3584,2023-03-25,102.5488
3585,2023-03-26,102.5488
3586,2023-03-27,102.5488
3587,2023-03-28,102.5488
3588,2023-03-29,102.5488
3589,2023-03-30,102.5488
3590,2023-03-31,102.5488
3591,2023-04-01,103.0398
