,DATE,PAYEMS
0,2013-06-01,136269
1,2013-06-02,136269
2,2013-06-03,136269
3,2013-06-04,136269
4,2013-06-05,136269
5,2013-06-06,136269
6,2013-06-07,136269
7,2013-06-08,136269
8,2013-06-09,136269
9,2013-06-10,136269
10,2013-06-11,136269
11,2013-06-12,136269
12,2013-06-13,136269
13,2013-06-14,136269
14,2013-06-15,136269
15,2013-06-16,136269
16,2013-06-17,136269
17,2013-06-18,136269
18,2013-06-19,136269
19,2013-06-20,136269
20,2013-06-21,136269
21,2013-06-22,136269
22,2013-06-23,136269
23,2013-06-24,136269
24,2013-06-25,136269
25,2013-06-26,136269
26,2013-06-27,136269
27,2013-06-28,136269
28,2013-06-29,136269
29,2013-06-30,136269
30,2013-07-01,136391
31,2013-07-02,136391
32,2013-07-03,136391
33,2013-07-04,136391
34,2013-07-05,136391
35,2013-07-06,136391
36,2013-07-07,136391
37,2013-07-08,136391
38,2013-07-09,136391
39,2013-07-10,136391
40,2013-07-11,136391
41,2013-07-12,136391
42,2013-07-13,136391
43,2013-07-14,136391
44,2013-07-15,136391
45,2013-07-16,136391
46,2013-07-17,136391
47,2013-07-18,136391
48,2013-07-19,136391
49,2013-07-20,136391
50,2013-07-21,136391
51,2013-07-22,136391
52,2013-07-23,136391
53,2013-07-24,136391
54,2013-07-25,136391
55,2013-07-26,136391
56,2013-07-27,136391
57,2013-07-28,136391
58,2013-07-29,136391
59,2013-07-30,136391
60,2013-07-31,136391
61,2013-08-01,136635
62,2013-08-02,136635
63,2013-08-03,136635
64,2013-08-04,136635
65,2013-08-05,136635
66,2013-08-06,136635
67,2013-08-07,136635
68,2013-08-08,136635
69,2013-08-09,136635
70,2013-08-10,136635
71,2013-08-11,136635
72,2013-08-12,136635
73,2013-08-13,136635
74,2013-08-14,136635
75,2013-08-15,136635
76,2013-08-16,136635
77,2013-08-17,136635
78,2013-08-18,136635
79,2013-08-19,136635
80,2013-08-20,136635
81,2013-08-21,136635
82,2013-08-22,136635
83,2013-08-23,136635
84,2013-08-24,136635
85,2013-08-25,136635
86,2013-08-26,136635
87,2013-08-27,136635
88,2013-08-28,136635
89,2013-08-29,136635
90,2013-08-30,136635
91,2013-08-31,136635
92,2013-09-01,136819
93,2013-09-02,136819
94,2013-09-03,136819
95,2013-09-04,136819
96,2013-09-05,136819
97,2013-09-06,136819
98,2013-09-07,136819
99,2013-09-08,136819
100,2013-09-09,136819
101,2013-09-10,136819
102,2013-09-11,136819
103,2013-09-12,136819
104,2013-09-13,136819
105,2013-09-14,136819
106,2013-09-15,136819
107,2013-09-16,136819
108,2013-09-17,136819
109,2013-09-18,136819
110,2013-09-19,136819
111,2013-09-20,136819
112,2013-09-21,136819
113,2013-09-22,136819
114,2013-09-23,136819
115,2013-09-24,136819
116,2013-09-25,136819
117,2013-09-26,136819
118,2013-09-27,136819
119,2013-09-28,136819
120,2013-09-29,136819
121,2013-09-30,136819
122,2013-10-01,137039
123,2013-10-02,137039
124,2013-10-03,137039
125,2013-10-04,137039
126,2013-10-05,137039
127,2013-10-06,137039
128,2013-10-07,137039
129,2013-10-08,137039
130,2013-10-09,137039
131,2013-10-10,137039
132,2013-10-11,137039
133,2013-10-12,137039
134,2013-10-13,137039
135,2013-10-14,137039
136,2013-10-15,137039
137,2013-10-16,137039
138,2013-10-17,137039
139,2013-10-18,137039
140,2013-10-19,137039
141,2013-10-20,137039
142,2013-10-21,137039
143,2013-10-22,137039
144,2013-10-23,137039
145,2013-10-24,137039
146,2013-10-25,137039
147,2013-10-26,137039
148,2013-10-27,137039
149,2013-10-28,137039
150,2013-10-29,137039
151,2013-10-30,137039
152,2013-10-31,137039
153,2013-11-01,137314
154,2013-11-02,137314
155,2013-11-03,137314
156,2013-11-04,137314
157,2013-11-05,137314
158,2013-11-06,137314
159,2013-11-07,137314
160,2013-11-08,137314
161,2013-11-09,137314
162,2013-11-10,137314
163,2013-11-11,137314
164,2013-11-12,137314
165,2013-11-13,137314
166,2013-11-14,137314
167,2013-11-15,137314
168,2013-11-16,137314
169,2013-11-17,137314
170,2013-11-18,137314
171,2013-11-19,137314
172,2013-11-20,137314
173,2013-11-21,137314
174,2013-11-22,137314
175,2013-11-23,137314
176,2013-11-24,137314
177,2013-11-25,137314
178,2013-11-26,137314
179,2013-11-27,137314
180,2013-11-28,137314
181,2013-11-29,137314
182,2013-11-30,137314
183,2013-12-01,137368
184,2013-12-02,137368
185,2013-12-03,137368
186,2013-12-04,137368
187,2013-12-05,137368
188,2013-12-06,137368
189,2013-12-07,137368
190,2013-12-08,137368
191,2013-12-09,137368
192,2013-12-10,137368
193,2013-12-11,137368
194,2013-12-12,137368
195,2013-12-13,137368
196,2013-12-14,137368
197,2013-12-15,137368
198,2013-12-16,137368
199,2013-12-17,137368
200,2013-12-18,137368
201,2013-12-19,137368
202,2013-12-20,137368
203,2013-12-21,137368
204,2013-12-22,137368
205,2013-12-23,137368
206,2013-12-24,137368
207,2013-12-25,137368
208,2013-12-26,137368
209,2013-12-27,137368
210,2013-12-28,137368
211,2013-12-29,137368
212,2013-12-30,137368
213,2013-12-31,137368
214,2014-01-01,137552
215,2014-01-02,137552
216,2014-01-03,137552
217,2014-01-04,137552
218,2014-01-05,137552
219,2014-01-06,137552
220,2014-01-07,137552
221,2014-01-08,137552
222,2014-01-09,137552
223,2014-01-10,137552
224,2014-01-11,137552
225,2014-01-12,137552
226,2014-01-13,137552
227,2014-01-14,137552
228,2014-01-15,137552
229,2014-01-16,137552
230,2014-01-17,137552
231,2014-01-18,137552
232,2014-01-19,137552
233,2014-01-20,137552
234,2014-01-21,137552
235,2014-01-22,137552
236,2014-01-23,137552
237,2014-01-24,137552
238,2014-01-25,137552
239,2014-01-26,137552
240,2014-01-27,137552
241,2014-01-28,137552
242,2014-01-29,137552
243,2014-01-30,137552
244,2014-01-31,137552
245,2014-02-01,137707
246,2014-02-02,137707
247,2014-02-03,137707
248,2014-02-04,137707
249,2014-02-05,137707
250,2014-02-06,137707
251,2014-02-07,137707
252,2014-02-08,137707
253,2014-02-09,137707
254,2014-02-10,137707
255,2014-02-11,137707
256,2014-02-12,137707
257,2014-02-13,137707
258,2014-02-14,137707
259,2014-02-15,137707
260,2014-02-16,137707
261,2014-02-17,137707
262,2014-02-18,137707
263,2014-02-19,137707
264,2014-02-20,137707
265,2014-02-21,137707
266,2014-02-22,137707
267,2014-02-23,137707
268,2014-02-24,137707
269,2014-02-25,137707
270,2014-02-26,137707
271,2014-02-27,137707
272,2014-02-28,137707
273,2014-03-01,137986
274,2014-03-02,137986
275,2014-03-03,137986
276,2014-03-04,137986
277,2014-03-05,137986
278,2014-03-06,137986
279,2014-03-07,137986
280,2014-03-08,137986
281,2014-03-09,137986
282,2014-03-10,137986
283,2014-03-11,137986
284,2014-03-12,137986
285,2014-03-13,137986
286,2014-03-14,137986
287,2014-03-15,137986
288,2014-03-16,137986
289,2014-03-17,137986
290,2014-03-18,137986
291,2014-03-19,137986
292,2014-03-20,137986
293,2014-03-21,137986
294,2014-03-22,137986
295,2014-03-23,137986
296,2014-03-24,137986
297,2014-03-25,137986
298,2014-03-26,137986
299,2014-03-27,137986
300,2014-03-28,137986
301,2014-03-29,137986
302,2014-03-30,137986
303,2014-03-31,137986
304,2014-04-01,138298
305,2014-04-02,138298
306,2014-04-03,138298
307,2014-04-04,138298
308,2014-04-05,138298
309,2014-04-06,138298
310,2014-04-07,138298
311,2014-04-08,138298
312,2014-04-09,138298
313,2014-04-10,138298
314,2014-04-11,138298
315,2014-04-12,138298
316,2014-04-13,138298
317,2014-04-14,138298
318,2014-04-15,138298
319,2014-04-16,138298
320,2014-04-17,138298
321,2014-04-18,138298
322,2014-04-19,138298
323,2014-04-20,138298
324,2014-04-21,138298
325,2014-04-22,138298
326,2014-04-23,138298
327,2014-04-24,138298
328,2014-04-25,138298
329,2014-04-26,138298
330,2014-04-27,138298
331,2014-04-28,138298
332,2014-04-29,138298
333,2014-04-30,138298
334,2014-05-01,138501
335,2014-05-02,138501
336,2014-05-03,138501
337,2014-05-04,138501
338,2014-05-05,138501
339,2014-05-06,138501
340,2014-05-07,138501
341,2014-05-08,138501
342,2014-05-09,138501
343,2014-05-10,138501
344,2014-05-11,138501
345,2014-05-12,138501
346,2014-05-13,138501
347,2014-05-14,138501
348,2014-05-15,138501
349,2014-05-16,138501
350,2014-05-17,138501
351,2014-05-18,138501
352,2014-05-19,138501
353,2014-05-20,138501
354,2014-05-21,138501
355,2014-05-22,138501
356,2014-05-23,138501
357,2014-05-24,138501
358,2014-05-25,138501
359,2014-05-26,138501
360,2014-05-27,138501
361,2014-05-28,138501
362,2014-05-29,138501
363,2014-05-30,138501
364,2014-05-31,138501
365,2014-06-01,138833
366,2014-06-02,138833
367,2014-06-03,138833
368,2014-06-04,138833
369,2014-06-05,138833
370,2014-06-06,138833
371,2014-06-07,138833
372,2014-06-08,138833
373,2014-06-09,138833
374,2014-06-10,138833
375,2014-06-11,138833
376,2014-06-12,138833
377,2014-06-13,138833
378,2014-06-14,138833
379,2014-06-15,138833
380,2014-06-16,138833
381,2014-06-17,138833
382,2014-06-18,138833
383,2014-06-19,138833
384,2014-06-20,138833
385,2014-06-21,138833
386,2014-06-22,138833
387,2014-06-23,138833
388,2014-06-24,138833
389,2014-06-25,138833
390,2014-06-26,138833
391,2014-06-27,138833
392,2014-06-28,138833
393,2014-06-29,138833
394,2014-06-30,138833
395,2014-07-01,139076
396,2014-07-02,139076
397,2014-07-03,139076
398,2014-07-04,139076
399,2014-07-05,139076
400,2014-07-06,139076
401,2014-07-07,139076
402,2014-07-08,139076
403,2014-07-09,139076
404,2014-07-10,139076
405,2014-07-11,139076
406,2014-07-12,139076
407,2014-07-13,139076
408,2014-07-14,139076
409,2014-07-15,139076
410,2014-07-16,139076
411,2014-07-17,139076
412,2014-07-18,139076
413,2014-07-19,139076
414,2014-07-20,139076
415,2014-07-21,139076
416,2014-07-22,139076
417,2014-07-23,139076
418,2014-07-24,139076
419,2014-07-25,139076
420,2014-07-26,139076
421,2014-07-27,139076
422,2014-07-28,139076
423,2014-07-29,139076
424,2014-07-30,139076
425,2014-07-31,139076
426,2014-08-01,139258
427,2014-08-02,139258
428,2014-08-03,139258
429,2014-08-04,139258
430,2014-08-05,139258
431,2014-08-06,139258
432,2014-08-07,139258
433,2014-08-08,139258
434,2014-08-09,139258
435,2014-08-10,139258
436,2014-08-11,139258
437,2014-08-12,139258
438,2014-08-13,139258
439,2014-08-14,139258
440,2014-08-15,139258
441,2014-08-16,139258
442,2014-08-17,139258
443,2014-08-18,139258
444,2014-08-19,139258
445,2014-08-20,139258
446,2014-08-21,139258
447,2014-08-22,139258
448,2014-08-23,139258
449,2014-08-24,139258
450,2014-08-25,139258
451,2014-08-26,139258
452,2014-08-27,139258
453,2014-08-28,139258
454,2014-08-29,139258
455,2014-08-30,139258
456,2014-08-31,139258
457,2014-09-01,139563
458,2014-09-02,139563
459,2014-09-03,139563
460,2014-09-04,139563
461,2014-09-05,139563
462,2014-09-06,139563
463,2014-09-07,139563
464,2014-09-08,139563
465,2014-09-09,139563
466,2014-09-10,139563
467,2014-09-11,139563
468,2014-09-12,139563
469,2014-09-13,139563
470,2014-09-14,139563
471,2014-09-15,139563
472,2014-09-16,139563
473,2014-09-17,139563
474,2014-09-18,139563
475,2014-09-19,139563
476,2014-09-20,139563
477,2014-09-21,139563
478,2014-09-22,139563
479,2014-09-23,139563
480,2014-09-24,139563
481,2014-09-25,139563
482,2014-09-26,139563
483,2014-09-27,139563
484,2014-09-28,139563
485,2014-09-29,139563
486,2014-09-30,139563
487,2014-10-01,139805
488,2014-10-02,139805
489,2014-10-03,139805
490,2014-10-04,139805
491,2014-10-05,139805
492,2014-10-06,139805
493,2014-10-07,139805
494,2014-10-08,139805
495,2014-10-09,139805
496,2014-10-10,139805
497,2014-10-11,139805
498,2014-10-12,139805
499,2014-10-13,139805
500,2014-10-14,139805
501,2014-10-15,139805
502,2014-10-16,139805
503,2014-10-17,139805
504,2014-10-18,139805
505,2014-10-19,139805
506,2014-10-20,139805
507,2014-10-21,139805
508,2014-10-22,139805
509,2014-10-23,139805
510,2014-10-24,139805
511,2014-10-25,139805
512,2014-10-26,139805
513,2014-10-27,139805
514,2014-10-28,139805
515,2014-10-29,139805
516,2014-10-30,139805
517,2014-10-31,139805
518,2014-11-01,140089
519,2014-11-02,140089
520,2014-11-03,140089
521,2014-11-04,140089
522,2014-11-05,140089
523,2014-11-06,140089
524,2014-11-07,140089
525,2014-11-08,140089
526,2014-11-09,140089
527,2014-11-10,140089
528,2014-11-11,140089
529,2014-11-12,140089
530,2014-11-13,140089
531,2014-11-14,140089
532,2014-11-15,140089
533,2014-11-16,140089
534,2014-11-17,140089
535,2014-11-18,140089
536,2014-11-19,140089
537,2014-11-20,140089
538,2014-11-21,140089
539,2014-11-22,140089
540,2014-11-23,140089
541,2014-11-24,140089
542,2014-11-25,140089
543,2014-11-26,140089
544,2014-11-27,140089
545,2014-11-28,140089
546,2014-11-29,140089
547,2014-11-30,140089
548,2014-12-01,140366
549,2014-12-02,140366
550,2014-12-03,140366
551,2014-12-04,140366
552,2014-12-05,140366
553,2014-12-06,140366
554,2014-12-07,140366
555,2014-12-08,140366
556,2014-12-09,140366
557,2014-12-10,140366
558,2014-12-11,140366
559,2014-12-12,140366
560,2014-12-13,140366
561,2014-12-14,140366
562,2014-12-15,140366
563,2014-12-16,140366
564,2014-12-17,140366
565,2014-12-18,140366
566,2014-12-19,140366
567,2014-12-20,140366
568,2014-12-21,140366
569,2014-12-22,140366
570,2014-12-23,140366
571,2014-12-24,140366
572,2014-12-25,140366
573,2014-12-26,140366
574,2014-12-27,140366
575,2014-12-28,140366
576,2014-12-29,140366
577,2014-12-30,140366
578,2014-12-31,140366
579,2015-01-01,140562
580,2015-01-02,140562
581,2015-01-03,140562
582,2015-01-04,140562
583,2015-01-05,140562
584,2015-01-06,140562
585,2015-01-07,140562
586,2015-01-08,140562
587,2015-01-09,140562
588,2015-01-10,140562
589,2015-01-11,140562
590,2015-01-12,140562
591,2015-01-13,140562
592,2015-01-14,140562
593,2015-01-15,140562
594,2015-01-16,140562
595,2015-01-17,140562
596,2015-01-18,140562
597,2015-01-19,140562
598,2015-01-20,140562
599,2015-01-21,140562
600,2015-01-22,140562
601,2015-01-23,140562
602,2015-01-24,140562
603,2015-01-25,140562
604,2015-01-26,140562
605,2015-01-27,140562
606,2015-01-28,140562
607,2015-01-29,140562
608,2015-01-30,140562
609,2015-01-31,140562
610,2015-02-01,140829
611,2015-02-02,140829
612,2015-02-03,140829
613,2015-02-04,140829
614,2015-02-05,140829
615,2015-02-06,140829
616,2015-02-07,140829
617,2015-02-08,140829
618,2015-02-09,140829
619,2015-02-10,140829
620,2015-02-11,140829
621,2015-02-12,140829
622,2015-02-13,140829
623,2015-02-14,140829
624,2015-02-15,140829
625,2015-02-16,140829
626,2015-02-17,140829
627,2015-02-18,140829
628,2015-02-19,140829
629,2015-02-20,140829
630,2015-02-21,140829
631,2015-02-22,140829
632,2015-02-23,140829
633,2015-02-24,140829
634,2015-02-25,140829
635,2015-02-26,140829
636,2015-02-27,140829
637,2015-02-28,140829
638,2015-03-01,140924
639,2015-03-02,140924
640,2015-03-03,140924
641,2015-03-04,140924
642,2015-03-05,140924
643,2015-03-06,140924
644,2015-03-07,140924
645,2015-03-08,140924
646,2015-03-09,140924
647,2015-03-10,140924
648,2015-03-11,140924
649,2015-03-12,140924
650,2015-03-13,140924
651,2015-03-14,140924
652,2015-03-15,140924
653,2015-03-16,140924
654,2015-03-17,140924
655,2015-03-18,140924
656,2015-03-19,140924
657,2015-03-20,140924
658,2015-03-21,140924
659,2015-03-22,140924
660,2015-03-23,140924
661,2015-03-24,140924
662,2015-03-25,140924
663,2015-03-26,140924
664,2015-03-27,140924
665,2015-03-28,140924
666,2015-03-29,140924
667,2015-03-30,140924
668,2015-03-31,140924
669,2015-04-01,141202
670,2015-04-02,141202
671,2015-04-03,141202
672,2015-04-04,141202
673,2015-04-05,141202
674,2015-04-06,141202
675,2015-04-07,141202
676,2015-04-08,141202
677,2015-04-09,141202
678,2015-04-10,141202
679,2015-04-11,141202
680,2015-04-12,141202
681,2015-04-13,141202
682,2015-04-14,141202
683,2015-04-15,141202
684,2015-04-16,141202
685,2015-04-17,141202
686,2015-04-18,141202
687,2015-04-19,141202
688,2015-04-20,141202
689,2015-04-21,141202
690,2015-04-22,141202
691,2015-04-23,141202
692,2015-04-24,141202
693,2015-04-25,141202
694,2015-04-26,141202
695,2015-04-27,141202
696,2015-04-28,141202
697,2015-04-29,141202
698,2015-04-30,141202
699,2015-05-01,141540
700,2015-05-02,141540
701,2015-05-03,141540
702,2015-05-04,141540
703,2015-05-05,141540
704,2015-05-06,141540
705,2015-05-07,141540
706,2015-05-08,141540
707,2015-05-09,141540
708,2015-05-10,141540
709,2015-05-11,141540
710,2015-05-12,141540
711,2015-05-13,141540
712,2015-05-14,141540
713,2015-05-15,141540
714,2015-05-16,141540
715,2015-05-17,141540
716,2015-05-18,141540
717,2015-05-19,141540
718,2015-05-20,141540
719,2015-05-21,141540
720,2015-05-22,141540
721,2015-05-23,141540
722,2015-05-24,141540
723,2015-05-25,141540
724,2015-05-26,141540
725,2015-05-27,141540
726,2015-05-28,141540
727,2015-05-29,141540
728,2015-05-30,141540
729,2015-05-31,141540
730,2015-06-01,141695
731,2015-06-02,141695
732,2015-06-03,141695
733,2015-06-04,141695
734,2015-06-05,141695
735,2015-06-06,141695
736,2015-06-07,141695
737,2015-06-08,141695
738,2015-06-09,141695
739,2015-06-10,141695
740,2015-06-11,141695
741,2015-06-12,141695
742,2015-06-13,141695
743,2015-06-14,141695
744,2015-06-15,141695
745,2015-06-16,141695
746,2015-06-17,141695
747,2015-06-18,141695
748,2015-06-19,141695
749,2015-06-20,141695
750,2015-06-21,141695
751,2015-06-22,141695
752,2015-06-23,141695
753,2015-06-24,141695
754,2015-06-25,141695
755,2015-06-26,141695
756,2015-06-27,141695
757,2015-06-28,141695
758,2015-06-29,141695
759,2015-06-30,141695
760,2015-07-01,141989
761,2015-07-02,141989
762,2015-07-03,141989
763,2015-07-04,141989
764,2015-07-05,141989
765,2015-07-06,141989
766,2015-07-07,141989
767,2015-07-08,141989
768,2015-07-09,141989
769,2015-07-10,141989
770,2015-07-11,141989
771,2015-07-12,141989
772,2015-07-13,141989
773,2015-07-14,141989
774,2015-07-15,141989
775,2015-07-16,141989
776,2015-07-17,141989
777,2015-07-18,141989
778,2015-07-19,141989
779,2015-07-20,141989
780,2015-07-21,141989
781,2015-07-22,141989
782,2015-07-23,141989
783,2015-07-24,141989
784,2015-07-25,141989
785,2015-07-26,141989
786,2015-07-27,141989
787,2015-07-28,141989
788,2015-07-29,141989
789,2015-07-30,141989
790,2015-07-31,141989
791,2015-08-01,142130
792,2015-08-02,142130
793,2015-08-03,142130
794,2015-08-04,142130
795,2015-08-05,142130
796,2015-08-06,142130
797,2015-08-07,142130
798,2015-08-08,142130
799,2015-08-09,142130
800,2015-08-10,142130
801,2015-08-11,142130
802,2015-08-12,142130
803,2015-08-13,142130
804,2015-08-14,142130
805,2015-08-15,142130
806,2015-08-16,142130
807,2015-08-17,142130
808,2015-08-18,142130
809,2015-08-19,142130
810,2015-08-20,142130
811,2015-08-21,142130
812,2015-08-22,142130
813,2015-08-23,142130
814,2015-08-24,142130
815,2015-08-25,142130
816,2015-08-26,142130
817,2015-08-27,142130
818,2015-08-28,142130
819,2015-08-29,142130
820,2015-08-30,142130
821,2015-08-31,142130
822,2015-09-01,142265
823,2015-09-02,142265
824,2015-09-03,142265
825,2015-09-04,142265
826,2015-09-05,142265
827,2015-09-06,142265
828,2015-09-07,142265
829,2015-09-08,142265
830,2015-09-09,142265
831,2015-09-10,142265
832,2015-09-11,142265
833,2015-09-12,142265
834,2015-09-13,142265
835,2015-09-14,142265
836,2015-09-15,142265
837,2015-09-16,142265
838,2015-09-17,142265
839,2015-09-18,142265
840,2015-09-19,142265
841,2015-09-20,142265
842,2015-09-21,142265
843,2015-09-22,142265
844,2015-09-23,142265
845,2015-09-24,142265
846,2015-09-25,142265
847,2015-09-26,142265
848,2015-09-27,142265
849,2015-09-28,142265
850,2015-09-29,142265
851,2015-09-30,142265
852,2015-10-01,142585
853,2015-10-02,142585
854,2015-10-03,142585
855,2015-10-04,142585
856,2015-10-05,142585
857,2015-10-06,142585
858,2015-10-07,142585
859,2015-10-08,142585
860,2015-10-09,142585
861,2015-10-10,142585
862,2015-10-11,142585
863,2015-10-12,142585
864,2015-10-13,142585
865,2015-10-14,142585
866,2015-10-15,142585
867,2015-10-16,142585
868,2015-10-17,142585
869,2015-10-18,142585
870,2015-10-19,142585
871,2015-10-20,142585
872,2015-10-21,142585
873,2015-10-22,142585
874,2015-10-23,142585
875,2015-10-24,142585
876,2015-10-25,142585
877,2015-10-26,142585
878,2015-10-27,142585
879,2015-10-28,142585
880,2015-10-29,142585
881,2015-10-30,142585
882,2015-10-31,142585
883,2015-11-01,142810
884,2015-11-02,142810
885,2015-11-03,142810
886,2015-11-04,142810
887,2015-11-05,142810
888,2015-11-06,142810
889,2015-11-07,142810
890,2015-11-08,142810
891,2015-11-09,142810
892,2015-11-10,142810
893,2015-11-11,142810
894,2015-11-12,142810
895,2015-11-13,142810
896,2015-11-14,142810
897,2015-11-15,142810
898,2015-11-16,142810
899,2015-11-17,142810
900,2015-11-18,142810
901,2015-11-19,142810
902,2015-11-20,142810
903,2015-11-21,142810
904,2015-11-22,142810
905,2015-11-23,142810
906,2015-11-24,142810
907,2015-11-25,142810
908,2015-11-26,142810
909,2015-11-27,142810
910,2015-11-28,142810
911,2015-11-29,142810
912,2015-11-30,142810
913,2015-12-01,143083
914,2015-12-02,143083
915,2015-12-03,143083
916,2015-12-04,143083
917,2015-12-05,143083
918,2015-12-06,143083
919,2015-12-07,143083
920,2015-12-08,143083
921,2015-12-09,143083
922,2015-12-10,143083
923,2015-12-11,143083
924,2015-12-12,143083
925,2015-12-13,143083
926,2015-12-14,143083
927,2015-12-15,143083
928,2015-12-16,143083
929,2015-12-17,143083
930,2015-12-18,143083
931,2015-12-19,143083
932,2015-12-20,143083
933,2015-12-21,143083
934,2015-12-22,143083
935,2015-12-23,143083
936,2015-12-24,143083
937,2015-12-25,143083
938,2015-12-26,143083
939,2015-12-27,143083
940,2015-12-28,143083
941,2015-12-29,143083
942,2015-12-30,143083
943,2015-12-31,143083
944,2016-01-01,143198
945,2016-01-02,143198
946,2016-01-03,143198
947,2016-01-04,143198
948,2016-01-05,143198
949,2016-01-06,143198
950,2016-01-07,143198
951,2016-01-08,143198
952,2016-01-09,143198
953,2016-01-10,143198
954,2016-01-11,143198
955,2016-01-12,143198
956,2016-01-13,143198
957,2016-01-14,143198
958,2016-01-15,143198
959,2016-01-16,143198
960,2016-01-17,143198
961,2016-01-18,143198
962,2016-01-19,143198
963,2016-01-20,143198
964,2016-01-21,143198
965,2016-01-22,143198
966,2016-01-23,143198
967,2016-01-24,143198
968,2016-01-25,143198
969,2016-01-26,143198
970,2016-01-27,143198
971,2016-01-28,143198
972,2016-01-29,143198
973,2016-01-30,143198
974,2016-01-31,143198
975,2016-02-01,143410
976,2016-02-02,143410
977,2016-02-03,143410
978,2016-02-04,143410
979,2016-02-05,143410
980,2016-02-06,143410
981,2016-02-07,143410
982,2016-02-08,143410
983,2016-02-09,143410
984,2016-02-10,143410
985,2016-02-11,143410
986,2016-02-12,143410
987,2016-02-13,143410
988,2016-02-14,143410
989,2016-02-15,143410
990,2016-02-16,143410
991,2016-02-17,143410
992,2016-02-18,143410
993,2016-02-19,143410
994,2016-02-20,143410
995,2016-02-21,143410
996,2016-02-22,143410
997,2016-02-23,143410
998,2016-02-24,143410
999,2016-02-25,143410
1000,2016-02-26,143410
1001,2016-02-27,143410
1002,2016-02-28,143410
1003,2016-02-29,143410
1004,2016-03-01,143666
1005,2016-03-02,143666
1006,2016-03-03,143666
1007,2016-03-04,143666
1008,2016-03-05,143666
1009,2016-03-06,143666
1010,2016-03-07,143666
1011,2016-03-08,143666
1012,2016-03-09,143666
1013,2016-03-10,143666
1014,2016-03-11,143666
1015,2016-03-12,143666
1016,2016-03-13,143666
1017,2016-03-14,143666
1018,2016-03-15,143666
1019,2016-03-16,143666
1020,2016-03-17,143666
1021,2016-03-18,143666
1022,2016-03-19,143666
1023,2016-03-20,143666
1024,2016-03-21,143666
1025,2016-03-22,143666
1026,2016-03-23,143666
1027,2016-03-24,143666
1028,2016-03-25,143666
1029,2016-03-26,143666
1030,2016-03-27,143666
1031,2016-03-28,143666
1032,2016-03-29,143666
1033,2016-03-30,143666
1034,2016-03-31,143666
1035,2016-04-01,143856
1036,2016-04-02,143856
1037,2016-04-03,143856
1038,2016-04-04,143856
1039,2016-04-05,143856
1040,2016-04-06,143856
1041,2016-04-07,143856
1042,2016-04-08,143856
1043,2016-04-09,143856
1044,2016-04-10,143856
1045,2016-04-11,143856
1046,2016-04-12,143856
1047,2016-04-13,143856
1048,2016-04-14,143856
1049,2016-04-15,143856
1050,2016-04-16,143856
1051,2016-04-17,143856
1052,2016-04-18,143856
1053,2016-04-19,143856
1054,2016-04-20,143856
1055,2016-04-21,143856
1056,2016-04-22,143856
1057,2016-04-23,143856
1058,2016-04-24,143856
1059,2016-04-25,143856
1060,2016-04-26,143856
1061,2016-04-27,143856
1062,2016-04-28,143856
1063,2016-04-29,143856
1064,2016-04-30,143856
1065,2016-05-01,143901
1066,2016-05-02,143901
1067,2016-05-03,143901
1068,2016-05-04,143901
1069,2016-05-05,143901
1070,2016-05-06,143901
1071,2016-05-07,143901
1072,2016-05-08,143901
1073,2016-05-09,143901
1074,2016-05-10,143901
1075,2016-05-11,143901
1076,2016-05-12,143901
1077,2016-05-13,143901
1078,2016-05-14,143901
1079,2016-05-15,143901
1080,2016-05-16,143901
1081,2016-05-17,143901
1082,2016-05-18,143901
1083,2016-05-19,143901
1084,2016-05-20,143901
1085,2016-05-21,143901
1086,2016-05-22,143901
1087,2016-05-23,143901
1088,2016-05-24,143901
1089,2016-05-25,143901
1090,2016-05-26,143901
1091,2016-05-27,143901
1092,2016-05-28,143901
1093,2016-05-29,143901
1094,2016-05-30,143901
1095,2016-05-31,143901
1096,2016-06-01,144152
1097,2016-06-02,144152
1098,2016-06-03,144152
1099,2016-06-04,144152
1100,2016-06-05,144152
1101,2016-06-06,144152
1102,2016-06-07,144152
1103,2016-06-08,144152
1104,2016-06-09,144152
1105,2016-06-10,144152
1106,2016-06-11,144152
1107,2016-06-12,144152
1108,2016-06-13,144152
1109,2016-06-14,144152
1110,2016-06-15,144152
1111,2016-06-16,144152
1112,2016-06-17,144152
1113,2016-06-18,144152
1114,2016-06-19,144152
1115,2016-06-20,144152
1116,2016-06-21,144152
1117,2016-06-22,144152
1118,2016-06-23,144152
1119,2016-06-24,144152
1120,2016-06-25,144152
1121,2016-06-26,144152
1122,2016-06-27,144152
1123,2016-06-28,144152
1124,2016-06-29,144152
1125,2016-06-30,144152
1126,2016-07-01,144515
1127,2016-07-02,144515
1128,2016-07-03,144515
1129,2016-07-04,144515
1130,2016-07-05,144515
1131,2016-07-06,144515
1132,2016-07-07,144515
1133,2016-07-08,144515
1134,2016-07-09,144515
1135,2016-07-10,144515
1136,2016-07-11,144515
1137,2016-07-12,144515
1138,2016-07-13,144515
1139,2016-07-14,144515
1140,2016-07-15,144515
1141,2016-07-16,144515
1142,2016-07-17,144515
1143,2016-07-18,144515
1144,2016-07-19,144515
1145,2016-07-20,144515
1146,2016-07-21,144515
1147,2016-07-22,144515
1148,2016-07-23,144515
1149,2016-07-24,144515
1150,2016-07-25,144515
1151,2016-07-26,144515
1152,2016-07-27,144515
1153,2016-07-28,144515
1154,2016-07-29,144515
1155,2016-07-30,144515
1156,2016-07-31,144515
1157,2016-08-01,144664
1158,2016-08-02,144664
1159,2016-08-03,144664
1160,2016-08-04,144664
1161,2016-08-05,144664
1162,2016-08-06,144664
1163,2016-08-07,144664
1164,2016-08-08,144664
1165,2016-08-09,144664
1166,2016-08-10,144664
1167,2016-08-11,144664
1168,2016-08-12,144664
1169,2016-08-13,144664
1170,2016-08-14,144664
1171,2016-08-15,144664
1172,2016-08-16,144664
1173,2016-08-17,144664
1174,2016-08-18,144664
1175,2016-08-19,144664
1176,2016-08-20,144664
1177,2016-08-21,144664
1178,2016-08-22,144664
1179,2016-08-23,144664
1180,2016-08-24,144664
1181,2016-08-25,144664
1182,2016-08-26,144664
1183,2016-08-27,144664
1184,2016-08-28,144664
1185,2016-08-29,144664
1186,2016-08-30,144664
1187,2016-08-31,144664
1188,2016-09-01,144961
1189,2016-09-02,144961
1190,2016-09-03,144961
1191,2016-09-04,144961
1192,2016-09-05,144961
1193,2016-09-06,144961
1194,2016-09-07,144961
1195,2016-09-08,144961
1196,2016-09-09,144961
1197,2016-09-10,144961
1198,2016-09-11,144961
1199,2016-09-12,144961
1200,2016-09-13,144961
1201,2016-09-14,144961
1202,2016-09-15,144961
1203,2016-09-16,144961
1204,2016-09-17,144961
1205,2016-09-18,144961
1206,2016-09-19,144961
1207,2016-09-20,144961
1208,2016-09-21,144961
1209,2016-09-22,144961
1210,2016-09-23,144961
1211,2016-09-24,144961
1212,2016-09-25,144961
1213,2016-09-26,144961
1214,2016-09-27,144961
1215,2016-09-28,144961
1216,2016-09-29,144961
1217,2016-09-30,144961
1218,2016-10-01,145069
1219,2016-10-02,145069
1220,2016-10-03,145069
1221,2016-10-04,145069
1222,2016-10-05,145069
1223,2016-10-06,145069
1224,2016-10-07,145069
1225,2016-10-08,145069
1226,2016-10-09,145069
1227,2016-10-10,145069
1228,2016-10-11,145069
1229,2016-10-12,145069
1230,2016-10-13,145069
1231,2016-10-14,145069
1232,2016-10-15,145069
1233,2016-10-16,145069
1234,2016-10-17,145069
1235,2016-10-18,145069
1236,2016-10-19,145069
1237,2016-10-20,145069
1238,2016-10-21,145069
1239,2016-10-22,145069
1240,2016-10-23,145069
1241,2016-10-24,145069
1242,2016-10-25,145069
1243,2016-10-26,145069
1244,2016-10-27,145069
1245,2016-10-28,145069
1246,2016-10-29,145069
1247,2016-10-30,145069
1248,2016-10-31,145069
1249,2016-11-01,145189
1250,2016-11-02,145189
1251,2016-11-03,145189
1252,2016-11-04,145189
1253,2016-11-05,145189
1254,2016-11-06,145189
1255,2016-11-07,145189
1256,2016-11-08,145189
1257,2016-11-09,145189
1258,2016-11-10,145189
1259,2016-11-11,145189
1260,2016-11-12,145189
1261,2016-11-13,145189
1262,2016-11-14,145189
1263,2016-11-15,145189
1264,2016-11-16,145189
1265,2016-11-17,145189
1266,2016-11-18,145189
1267,2016-11-19,145189
1268,2016-11-20,145189
1269,2016-11-21,145189
1270,2016-11-22,145189
1271,2016-11-23,145189
1272,2016-11-24,145189
1273,2016-11-25,145189
1274,2016-11-26,145189
1275,2016-11-27,145189
1276,2016-11-28,145189
1277,2016-11-29,145189
1278,2016-11-30,145189
1279,2016-12-01,145408
1280,2016-12-02,145408
1281,2016-12-03,145408
1282,2016-12-04,145408
1283,2016-12-05,145408
1284,2016-12-06,145408
1285,2016-12-07,145408
1286,2016-12-08,145408
1287,2016-12-09,145408
1288,2016-12-10,145408
1289,2016-12-11,145408
1290,2016-12-12,145408
1291,2016-12-13,145408
1292,2016-12-14,145408
1293,2016-12-15,145408
1294,2016-12-16,145408
1295,2016-12-17,145408
1296,2016-12-18,145408
1297,2016-12-19,145408
1298,2016-12-20,145408
1299,2016-12-21,145408
1300,2016-12-22,145408
1301,2016-12-23,145408
1302,2016-12-24,145408
1303,2016-12-25,145408
1304,2016-12-26,145408
1305,2016-12-27,145408
1306,2016-12-28,145408
1307,2016-12-29,145408
1308,2016-12-30,145408
1309,2016-12-31,145408
1310,2017-01-01,145639
1311,2017-01-02,145639
1312,2017-01-03,145639
1313,2017-01-04,145639
1314,2017-01-05,145639
1315,2017-01-06,145639
1316,2017-01-07,145639
1317,2017-01-08,145639
1318,2017-01-09,145639
1319,2017-01-10,145639
1320,2017-01-11,145639
1321,2017-01-12,145639
1322,2017-01-13,145639
1323,2017-01-14,145639
1324,2017-01-15,145639
1325,2017-01-16,145639
1326,2017-01-17,145639
1327,2017-01-18,145639
1328,2017-01-19,145639
1329,2017-01-20,145639
1330,2017-01-21,145639
1331,2017-01-22,145639
1332,2017-01-23,145639
1333,2017-01-24,145639
1334,2017-01-25,145639
1335,2017-01-26,145639
1336,2017-01-27,145639
1337,2017-01-28,145639
1338,2017-01-29,145639
1339,2017-01-30,145639
1340,2017-01-31,145639
1341,2017-02-01,145845
1342,2017-02-02,145845
1343,2017-02-03,145845
1344,2017-02-04,145845
1345,2017-02-05,145845
1346,2017-02-06,145845
1347,2017-02-07,145845
1348,2017-02-08,145845
1349,2017-02-09,145845
1350,2017-02-10,145845
1351,2017-02-11,145845
1352,2017-02-12,145845
1353,2017-02-13,145845
1354,2017-02-14,145845
1355,2017-02-15,145845
1356,2017-02-16,145845
1357,2017-02-17,145845
1358,2017-02-18,145845
1359,2017-02-19,145845
1360,2017-02-20,145845
1361,2017-02-21,145845
1362,2017-02-22,145845
1363,2017-02-23,145845
1364,2017-02-24,145845
1365,2017-02-25,145845
1366,2017-02-26,145845
1367,2017-02-27,145845
1368,2017-02-28,145845
1369,2017-03-01,145975
1370,2017-03-02,145975
1371,2017-03-03,145975
1372,2017-03-04,145975
1373,2017-03-05,145975
1374,2017-03-06,145975
1375,2017-03-07,145975
1376,2017-03-08,145975
1377,2017-03-09,145975
1378,2017-03-10,145975
1379,2017-03-11,145975
1380,2017-03-12,145975
1381,2017-03-13,145975
1382,2017-03-14,145975
1383,2017-03-15,145975
1384,2017-03-16,145975
1385,2017-03-17,145975
1386,2017-03-18,145975
1387,2017-03-19,145975
1388,2017-03-20,145975
1389,2017-03-21,145975
1390,2017-03-22,145975
1391,2017-03-23,145975
1392,2017-03-24,145975
1393,2017-03-25,145975
1394,2017-03-26,145975
1395,2017-03-27,145975
1396,2017-03-28,145975
1397,2017-03-29,145975
1398,2017-03-30,145975
1399,2017-03-31,145975
1400,2017-04-01,146172
1401,2017-04-02,146172
1402,2017-04-03,146172
1403,2017-04-04,146172
1404,2017-04-05,146172
1405,2017-04-06,146172
1406,2017-04-07,146172
1407,2017-04-08,146172
1408,2017-04-09,146172
1409,2017-04-10,146172
1410,2017-04-11,146172
1411,2017-04-12,146172
1412,2017-04-13,146172
1413,2017-04-14,146172
1414,2017-04-15,146172
1415,2017-04-16,146172
1416,2017-04-17,146172
1417,2017-04-18,146172
1418,2017-04-19,146172
1419,2017-04-20,146172
1420,2017-04-21,146172
1421,2017-04-22,146172
1422,2017-04-23,146172
1423,2017-04-24,146172
1424,2017-04-25,146172
1425,2017-04-26,146172
1426,2017-04-27,146172
1427,2017-04-28,146172
1428,2017-04-29,146172
1429,2017-04-30,146172
1430,2017-05-01,146389
1431,2017-05-02,146389
1432,2017-05-03,146389
1433,2017-05-04,146389
1434,2017-05-05,146389
1435,2017-05-06,146389
1436,2017-05-07,146389
1437,2017-05-08,146389
1438,2017-05-09,146389
1439,2017-05-10,146389
1440,2017-05-11,146389
1441,2017-05-12,146389
1442,2017-05-13,146389
1443,2017-05-14,146389
1444,2017-05-15,146389
1445,2017-05-16,146389
1446,2017-05-17,146389
1447,2017-05-18,146389
1448,2017-05-19,146389
1449,2017-05-20,146389
1450,2017-05-21,146389
1451,2017-05-22,146389
1452,2017-05-23,146389
1453,2017-05-24,146389
1454,2017-05-25,146389
1455,2017-05-26,146389
1456,2017-05-27,146389
1457,2017-05-28,146389
1458,2017-05-29,146389
1459,2017-05-30,146389
1460,2017-05-31,146389
1461,2017-06-01,146588
1462,2017-06-02,146588
1463,2017-06-03,146588
1464,2017-06-04,146588
1465,2017-06-05,146588
1466,2017-06-06,146588
1467,2017-06-07,146588
1468,2017-06-08,146588
1469,2017-06-09,146588
1470,2017-06-10,146588
1471,2017-06-11,146588
1472,2017-06-12,146588
1473,2017-06-13,146588
1474,2017-06-14,146588
1475,2017-06-15,146588
1476,2017-06-16,146588
1477,2017-06-17,146588
1478,2017-06-18,146588
1479,2017-06-19,146588
1480,2017-06-20,146588
1481,2017-06-21,146588
1482,2017-06-22,146588
1483,2017-06-23,146588
1484,2017-06-24,146588
1485,2017-06-25,146588
1486,2017-06-26,146588
1487,2017-06-27,146588
1488,2017-06-28,146588
1489,2017-06-29,146588
1490,2017-06-30,146588
1491,2017-07-01,146772
1492,2017-07-02,146772
1493,2017-07-03,146772
1494,2017-07-04,146772
1495,2017-07-05,146772
1496,2017-07-06,146772
1497,2017-07-07,146772
1498,2017-07-08,146772
1499,2017-07-09,146772
1500,2017-07-10,146772
1501,2017-07-11,146772
1502,2017-07-12,146772
1503,2017-07-13,146772
1504,2017-07-14,146772
1505,2017-07-15,146772
1506,2017-07-16,146772
1507,2017-07-17,146772
1508,2017-07-18,146772
1509,2017-07-19,146772
1510,2017-07-20,146772
1511,2017-07-21,146772
1512,2017-07-22,146772
1513,2017-07-23,146772
1514,2017-07-24,146772
1515,2017-07-25,146772
1516,2017-07-26,146772
1517,2017-07-27,146772
1518,2017-07-28,146772
1519,2017-07-29,146772
1520,2017-07-30,146772
1521,2017-07-31,146772
1522,2017-08-01,146907
1523,2017-08-02,146907
1524,2017-08-03,146907
1525,2017-08-04,146907
1526,2017-08-05,146907
1527,2017-08-06,146907
1528,2017-08-07,146907
1529,2017-08-08,146907
1530,2017-08-09,146907
1531,2017-08-10,146907
1532,2017-08-11,146907
1533,2017-08-12,146907
1534,2017-08-13,146907
1535,2017-08-14,146907
1536,2017-08-15,146907
1537,2017-08-16,146907
1538,2017-08-17,146907
1539,2017-08-18,146907
1540,2017-08-19,146907
1541,2017-08-20,146907
1542,2017-08-21,146907
1543,2017-08-22,146907
1544,2017-08-23,146907
1545,2017-08-24,146907
1546,2017-08-25,146907
1547,2017-08-26,146907
1548,2017-08-27,146907
1549,2017-08-28,146907
1550,2017-08-29,146907
1551,2017-08-30,146907
1552,2017-08-31,146907
1553,2017-09-01,146999
1554,2017-09-02,146999
1555,2017-09-03,146999
1556,2017-09-04,146999
1557,2017-09-05,146999
1558,2017-09-06,146999
1559,2017-09-07,146999
1560,2017-09-08,146999
1561,2017-09-09,146999
1562,2017-09-10,146999
1563,2017-09-11,146999
1564,2017-09-12,146999
1565,2017-09-13,146999
1566,2017-09-14,146999
1567,2017-09-15,146999
1568,2017-09-16,146999
1569,2017-09-17,146999
1570,2017-09-18,146999
1571,2017-09-19,146999
1572,2017-09-20,146999
1573,2017-09-21,146999
1574,2017-09-22,146999
1575,2017-09-23,146999
1576,2017-09-24,146999
1577,2017-09-25,146999
1578,2017-09-26,146999
1579,2017-09-27,146999
1580,2017-09-28,146999
1581,2017-09-29,146999
1582,2017-09-30,146999
1583,2017-10-01,147147
1584,2017-10-02,147147
1585,2017-10-03,147147
1586,2017-10-04,147147
1587,2017-10-05,147147
1588,2017-10-06,147147
1589,2017-10-07,147147
1590,2017-10-08,147147
1591,2017-10-09,147147
1592,2017-10-10,147147
1593,2017-10-11,147147
1594,2017-10-12,147147
1595,2017-10-13,147147
1596,2017-10-14,147147
1597,2017-10-15,147147
1598,2017-10-16,147147
1599,2017-10-17,147147
1600,2017-10-18,147147
1601,2017-10-19,147147
1602,2017-10-20,147147
1603,2017-10-21,147147
1604,2017-10-22,147147
1605,2017-10-23,147147
1606,2017-10-24,147147
1607,2017-10-25,147147
1608,2017-10-26,147147
1609,2017-10-27,147147
1610,2017-10-28,147147
1611,2017-10-29,147147
1612,2017-10-30,147147
1613,2017-10-31,147147
1614,2017-11-01,147377
1615,2017-11-02,147377
1616,2017-11-03,147377
1617,2017-11-04,147377
1618,2017-11-05,147377
1619,2017-11-06,147377
1620,2017-11-07,147377
1621,2017-11-08,147377
1622,2017-11-09,147377
1623,2017-11-10,147377
1624,2017-11-11,147377
1625,2017-11-12,147377
1626,2017-11-13,147377
1627,2017-11-14,147377
1628,2017-11-15,147377
1629,2017-11-16,147377
1630,2017-11-17,147377
1631,2017-11-18,147377
1632,2017-11-19,147377
1633,2017-11-20,147377
1634,2017-11-21,147377
1635,2017-11-22,147377
1636,2017-11-23,147377
1637,2017-11-24,147377
1638,2017-11-25,147377
1639,2017-11-26,147377
1640,2017-11-27,147377
1641,2017-11-28,147377
1642,2017-11-29,147377
1643,2017-11-30,147377
1644,2017-12-01,147521
1645,2017-12-02,147521
1646,2017-12-03,147521
1647,2017-12-04,147521
1648,2017-12-05,147521
1649,2017-12-06,147521
1650,2017-12-07,147521
1651,2017-12-08,147521
1652,2017-12-09,147521
1653,2017-12-10,147521
1654,2017-12-11,147521
1655,2017-12-12,147521
1656,2017-12-13,147521
1657,2017-12-14,147521
1658,2017-12-15,147521
1659,2017-12-16,147521
1660,2017-12-17,147521
1661,2017-12-18,147521
1662,2017-12-19,147521
1663,2017-12-20,147521
1664,2017-12-21,147521
1665,2017-12-22,147521
1666,2017-12-23,147521
1667,2017-12-24,147521
1668,2017-12-25,147521
1669,2017-12-26,147521
1670,2017-12-27,147521
1671,2017-12-28,147521
1672,2017-12-29,147521
1673,2017-12-30,147521
1674,2017-12-31,147521
1675,2018-01-01,147670
1676,2018-01-02,147670
1677,2018-01-03,147670
1678,2018-01-04,147670
1679,2018-01-05,147670
1680,2018-01-06,147670
1681,2018-01-07,147670
1682,2018-01-08,147670
1683,2018-01-09,147670
1684,2018-01-10,147670
1685,2018-01-11,147670
1686,2018-01-12,147670
1687,2018-01-13,147670
1688,2018-01-14,147670
1689,2018-01-15,147670
1690,2018-01-16,147670
1691,2018-01-17,147670
1692,2018-01-18,147670
1693,2018-01-19,147670
1694,2018-01-20,147670
1695,2018-01-21,147670
1696,2018-01-22,147670
1697,2018-01-23,147670
1698,2018-01-24,147670
1699,2018-01-25,147670
1700,2018-01-26,147670
1701,2018-01-27,147670
1702,2018-01-28,147670
1703,2018-01-29,147670
1704,2018-01-30,147670
1705,2018-01-31,147670
1706,2018-02-01,148058
1707,2018-02-02,148058
1708,2018-02-03,148058
1709,2018-02-04,148058
1710,2018-02-05,148058
1711,2018-02-06,148058
1712,2018-02-07,148058
1713,2018-02-08,148058
1714,2018-02-09,148058
1715,2018-02-10,148058
1716,2018-02-11,148058
1717,2018-02-12,148058
1718,2018-02-13,148058
1719,2018-02-14,148058
1720,2018-02-15,148058
1721,2018-02-16,148058
1722,2018-02-17,148058
1723,2018-02-18,148058
1724,2018-02-19,148058
1725,2018-02-20,148058
1726,2018-02-21,148058
1727,2018-02-22,148058
1728,2018-02-23,148058
1729,2018-02-24,148058
1730,2018-02-25,148058
1731,2018-02-26,148058
1732,2018-02-27,148058
1733,2018-02-28,148058
1734,2018-03-01,148281
1735,2018-03-02,148281
1736,2018-03-03,148281
1737,2018-03-04,148281
1738,2018-03-05,148281
1739,2018-03-06,148281
1740,2018-03-07,148281
1741,2018-03-08,148281
1742,2018-03-09,148281
1743,2018-03-10,148281
1744,2018-03-11,148281
1745,2018-03-12,148281
1746,2018-03-13,148281
1747,2018-03-14,148281
1748,2018-03-15,148281
1749,2018-03-16,148281
1750,2018-03-17,148281
1751,2018-03-18,148281
1752,2018-03-19,148281
1753,2018-03-20,148281
1754,2018-03-21,148281
1755,2018-03-22,148281
1756,2018-03-23,148281
1757,2018-03-24,148281
1758,2018-03-25,148281
1759,2018-03-26,148281
1760,2018-03-27,148281
1761,2018-03-28,148281
1762,2018-03-29,148281
1763,2018-03-30,148281
1764,2018-03-31,148281
1765,2018-04-01,148426
1766,2018-04-02,148426
1767,2018-04-03,148426
1768,2018-04-04,148426
1769,2018-04-05,148426
1770,2018-04-06,148426
1771,2018-04-07,148426
1772,2018-04-08,148426
1773,2018-04-09,148426
1774,2018-04-10,148426
1775,2018-04-11,148426
1776,2018-04-12,148426
1777,2018-04-13,148426
1778,2018-04-14,148426
1779,2018-04-15,148426
1780,2018-04-16,148426
1781,2018-04-17,148426
1782,2018-04-18,148426
1783,2018-04-19,148426
1784,2018-04-20,148426
1785,2018-04-21,148426
1786,2018-04-22,148426
1787,2018-04-23,148426
1788,2018-04-24,148426
1789,2018-04-25,148426
1790,2018-04-26,148426
1791,2018-04-27,148426
1792,2018-04-28,148426
1793,2018-04-29,148426
1794,2018-04-30,148426
1795,2018-05-01,148755
1796,2018-05-02,148755
1797,2018-05-03,148755
1798,2018-05-04,148755
1799,2018-05-05,148755
1800,2018-05-06,148755
1801,2018-05-07,148755
1802,2018-05-08,148755
1803,2018-05-09,148755
1804,2018-05-10,148755
1805,2018-05-11,148755
1806,2018-05-12,148755
1807,2018-05-13,148755
1808,2018-05-14,148755
1809,2018-05-15,148755
1810,2018-05-16,148755
1811,2018-05-17,148755
1812,2018-05-18,148755
1813,2018-05-19,148755
1814,2018-05-20,148755
1815,2018-05-21,148755
1816,2018-05-22,148755
1817,2018-05-23,148755
1818,2018-05-24,148755
1819,2018-05-25,148755
1820,2018-05-26,148755
1821,2018-05-27,148755
1822,2018-05-28,148755
1823,2018-05-29,148755
1824,2018-05-30,148755
1825,2018-05-31,148755
1826,2018-06-01,148966
1827,2018-06-02,148966
1828,2018-06-03,148966
1829,2018-06-04,148966
1830,2018-06-05,148966
1831,2018-06-06,148966
1832,2018-06-07,148966
1833,2018-06-08,148966
1834,2018-06-09,148966
1835,2018-06-10,148966
1836,2018-06-11,148966
1837,2018-06-12,148966
1838,2018-06-13,148966
1839,2018-06-14,148966
1840,2018-06-15,148966
1841,2018-06-16,148966
1842,2018-06-17,148966
1843,2018-06-18,148966
1844,2018-06-19,148966
1845,2018-06-20,148966
1846,2018-06-21,148966
1847,2018-06-22,148966
1848,2018-06-23,148966
1849,2018-06-24,148966
1850,2018-06-25,148966
1851,2018-06-26,148966
1852,2018-06-27,148966
1853,2018-06-28,148966
1854,2018-06-29,148966
1855,2018-06-30,148966
1856,2018-07-01,149022
1857,2018-07-02,149022
1858,2018-07-03,149022
1859,2018-07-04,149022
1860,2018-07-05,149022
1861,2018-07-06,149022
1862,2018-07-07,149022
1863,2018-07-08,149022
1864,2018-07-09,149022
1865,2018-07-10,149022
1866,2018-07-11,149022
1867,2018-07-12,149022
1868,2018-07-13,149022
1869,2018-07-14,149022
1870,2018-07-15,149022
1871,2018-07-16,149022
1872,2018-07-17,149022
1873,2018-07-18,149022
1874,2018-07-19,149022
1875,2018-07-20,149022
1876,2018-07-21,149022
1877,2018-07-22,149022
1878,2018-07-23,149022
1879,2018-07-24,149022
1880,2018-07-25,149022
1881,2018-07-26,149022
1882,2018-07-27,149022
1883,2018-07-28,149022
1884,2018-07-29,149022
1885,2018-07-30,149022
1886,2018-07-31,149022
1887,2018-08-01,149272
1888,2018-08-02,149272
1889,2018-08-03,149272
1890,2018-08-04,149272
1891,2018-08-05,149272
1892,2018-08-06,149272
1893,2018-08-07,149272
1894,2018-08-08,149272
1895,2018-08-09,149272
1896,2018-08-10,149272
1897,2018-08-11,149272
1898,2018-08-12,149272
1899,2018-08-13,149272
1900,2018-08-14,149272
1901,2018-08-15,149272
1902,2018-08-16,149272
1903,2018-08-17,149272
1904,2018-08-18,149272
1905,2018-08-19,149272
1906,2018-08-20,149272
1907,2018-08-21,149272
1908,2018-08-22,149272
1909,2018-08-23,149272
1910,2018-08-24,149272
1911,2018-08-25,149272
1912,2018-08-26,149272
1913,2018-08-27,149272
1914,2018-08-28,149272
1915,2018-08-29,149272
1916,2018-08-30,149272
1917,2018-08-31,149272
1918,2018-09-01,149361
1919,2018-09-02,149361
1920,2018-09-03,149361
1921,2018-09-04,149361
1922,2018-09-05,149361
1923,2018-09-06,149361
1924,2018-09-07,149361
1925,2018-09-08,149361
1926,2018-09-09,149361
1927,2018-09-10,149361
1928,2018-09-11,149361
1929,2018-09-12,149361
1930,2018-09-13,149361
1931,2018-09-14,149361
1932,2018-09-15,149361
1933,2018-09-16,149361
1934,2018-09-17,149361
1935,2018-09-18,149361
1936,2018-09-19,149361
1937,2018-09-20,149361
1938,2018-09-21,149361
1939,2018-09-22,149361
1940,2018-09-23,149361
1941,2018-09-24,149361
1942,2018-09-25,149361
1943,2018-09-26,149361
1944,2018-09-27,149361
1945,2018-09-28,149361
1946,2018-09-29,149361
1947,2018-09-30,149361
1948,2018-10-01,149526
1949,2018-10-02,149526
1950,2018-10-03,149526
1951,2018-10-04,149526
1952,2018-10-05,149526
1953,2018-10-06,149526
1954,2018-10-07,149526
1955,2018-10-08,149526
1956,2018-10-09,149526
1957,2018-10-10,149526
1958,2018-10-11,149526
1959,2018-10-12,149526
1960,2018-10-13,149526
1961,2018-10-14,149526
1962,2018-10-15,149526
1963,2018-10-16,149526
1964,2018-10-17,149526
1965,2018-10-18,149526
1966,2018-10-19,149526
1967,2018-10-20,149526
1968,2018-10-21,149526
1969,2018-10-22,149526
1970,2018-10-23,149526
1971,2018-10-24,149526
1972,2018-10-25,149526
1973,2018-10-26,149526
1974,2018-10-27,149526
1975,2018-10-28,149526
1976,2018-10-29,149526
1977,2018-10-30,149526
1978,2018-10-31,149526
1979,2018-11-01,149622
1980,2018-11-02,149622
1981,2018-11-03,149622
1982,2018-11-04,149622
1983,2018-11-05,149622
1984,2018-11-06,149622
1985,2018-11-07,149622
1986,2018-11-08,149622
1987,2018-11-09,149622
1988,2018-11-10,149622
1989,2018-11-11,149622
1990,2018-11-12,149622
1991,2018-11-13,149622
1992,2018-11-14,149622
1993,2018-11-15,149622
1994,2018-11-16,149622
1995,2018-11-17,149622
1996,2018-11-18,149622
1997,2018-11-19,149622
1998,2018-11-20,149622
1999,2018-11-21,149622
2000,2018-11-22,149622
2001,2018-11-23,149622
2002,2018-11-24,149622
2003,2018-11-25,149622
2004,2018-11-26,149622
2005,2018-11-27,149622
2006,2018-11-28,149622
2007,2018-11-29,149622
2008,2018-11-30,149622
2009,2018-12-01,149805
2010,2018-12-02,149805
2011,2018-12-03,149805
2012,2018-12-04,149805
2013,2018-12-05,149805
2014,2018-12-06,149805
2015,2018-12-07,149805
2016,2018-12-08,149805
2017,2018-12-09,149805
2018,2018-12-10,149805
2019,2018-12-11,149805
2020,2018-12-12,149805
2021,2018-12-13,149805
2022,2018-12-14,149805
2023,2018-12-15,149805
2024,2018-12-16,149805
2025,2018-12-17,149805
2026,2018-12-18,149805
2027,2018-12-19,149805
2028,2018-12-20,149805
2029,2018-12-21,149805
2030,2018-12-22,149805
2031,2018-12-23,149805
2032,2018-12-24,149805
2033,2018-12-25,149805
2034,2018-12-26,149805
2035,2018-12-27,149805
2036,2018-12-28,149805
2037,2018-12-29,149805
2038,2018-12-30,149805
2039,2018-12-31,149805
2040,2019-01-01,150114
2041,2019-01-02,150114
2042,2019-01-03,150114
2043,2019-01-04,150114
2044,2019-01-05,150114
2045,2019-01-06,150114
2046,2019-01-07,150114
2047,2019-01-08,150114
2048,2019-01-09,150114
2049,2019-01-10,150114
2050,2019-01-11,150114
2051,2019-01-12,150114
2052,2019-01-13,150114
2053,2019-01-14,150114
2054,2019-01-15,150114
2055,2019-01-16,150114
2056,2019-01-17,150114
2057,2019-01-18,150114
2058,2019-01-19,150114
2059,2019-01-20,150114
2060,2019-01-21,150114
2061,2019-01-22,150114
2062,2019-01-23,150114
2063,2019-01-24,150114
2064,2019-01-25,150114
2065,2019-01-26,150114
2066,2019-01-27,150114
2067,2019-01-28,150114
2068,2019-01-29,150114
2069,2019-01-30,150114
2070,2019-01-31,150114
2071,2019-02-01,150092
2072,2019-02-02,150092
2073,2019-02-03,150092
2074,2019-02-04,150092
2075,2019-02-05,150092
2076,2019-02-06,150092
2077,2019-02-07,150092
2078,2019-02-08,150092
2079,2019-02-09,150092
2080,2019-02-10,150092
2081,2019-02-11,150092
2082,2019-02-12,150092
2083,2019-02-13,150092
2084,2019-02-14,150092
2085,2019-02-15,150092
2086,2019-02-16,150092
2087,2019-02-17,150092
2088,2019-02-18,150092
2089,2019-02-19,150092
2090,2019-02-20,150092
2091,2019-02-21,150092
2092,2019-02-22,150092
2093,2019-02-23,150092
2094,2019-02-24,150092
2095,2019-02-25,150092
2096,2019-02-26,150092
2097,2019-02-27,150092
2098,2019-02-28,150092
2099,2019-03-01,150320
2100,2019-03-02,150320
2101,2019-03-03,150320
2102,2019-03-04,150320
2103,2019-03-05,150320
2104,2019-03-06,150320
2105,2019-03-07,150320
2106,2019-03-08,150320
2107,2019-03-09,150320
2108,2019-03-10,150320
2109,2019-03-11,150320
2110,2019-03-12,150320
2111,2019-03-13,150320
2112,2019-03-14,150320
2113,2019-03-15,150320
2114,2019-03-16,150320
2115,2019-03-17,150320
2116,2019-03-18,150320
2117,2019-03-19,150320
2118,2019-03-20,150320
2119,2019-03-21,150320
2120,2019-03-22,150320
2121,2019-03-23,150320
2122,2019-03-24,150320
2123,2019-03-25,150320
2124,2019-03-26,150320
2125,2019-03-27,150320
2126,2019-03-28,150320
2127,2019-03-29,150320
2128,2019-03-30,150320
2129,2019-03-31,150320
2130,2019-04-01,150563
2131,2019-04-02,150563
2132,2019-04-03,150563
2133,2019-04-04,150563
2134,2019-04-05,150563
2135,2019-04-06,150563
2136,2019-04-07,150563
2137,2019-04-08,150563
2138,2019-04-09,150563
2139,2019-04-10,150563
2140,2019-04-11,150563
2141,2019-04-12,150563
2142,2019-04-13,150563
2143,2019-04-14,150563
2144,2019-04-15,150563
2145,2019-04-16,150563
2146,2019-04-17,150563
2147,2019-04-18,150563
2148,2019-04-19,150563
2149,2019-04-20,150563
2150,2019-04-21,150563
2151,2019-04-22,150563
2152,2019-04-23,150563
2153,2019-04-24,150563
2154,2019-04-25,150563
2155,2019-04-26,150563
2156,2019-04-27,150563
2157,2019-04-28,150563
2158,2019-04-29,150563
2159,2019-04-30,150563
2160,2019-05-01,150630
2161,2019-05-02,150630
2162,2019-05-03,150630
2163,2019-05-04,150630
2164,2019-05-05,150630
2165,2019-05-06,150630
2166,2019-05-07,150630
2167,2019-05-08,150630
2168,2019-05-09,150630
2169,2019-05-10,150630
2170,2019-05-11,150630
2171,2019-05-12,150630
2172,2019-05-13,150630
2173,2019-05-14,150630
2174,2019-05-15,150630
2175,2019-05-16,150630
2176,2019-05-17,150630
2177,2019-05-18,150630
2178,2019-05-19,150630
2179,2019-05-20,150630
2180,2019-05-21,150630
2181,2019-05-22,150630
2182,2019-05-23,150630
2183,2019-05-24,150630
2184,2019-05-25,150630
2185,2019-05-26,150630
2186,2019-05-27,150630
2187,2019-05-28,150630
2188,2019-05-29,150630
2189,2019-05-30,150630
2190,2019-05-31,150630
2191,2019-06-01,150797
2192,2019-06-02,150797
2193,2019-06-03,150797
2194,2019-06-04,150797
2195,2019-06-05,150797
2196,2019-06-06,150797
2197,2019-06-07,150797
2198,2019-06-08,150797
2199,2019-06-09,150797
2200,2019-06-10,150797
2201,2019-06-11,150797
2202,2019-06-12,150797
2203,2019-06-13,150797
2204,2019-06-14,150797
2205,2019-06-15,150797
2206,2019-06-16,150797
2207,2019-06-17,150797
2208,2019-06-18,150797
2209,2019-06-19,150797
2210,2019-06-20,150797
2211,2019-06-21,150797
2212,2019-06-22,150797
2213,2019-06-23,150797
2214,2019-06-24,150797
2215,2019-06-25,150797
2216,2019-06-26,150797
2217,2019-06-27,150797
2218,2019-06-28,150797
2219,2019-06-29,150797
2220,2019-06-30,150797
2221,2019-07-01,150879
2222,2019-07-02,150879
2223,2019-07-03,150879
2224,2019-07-04,150879
2225,2019-07-05,150879
2226,2019-07-06,150879
2227,2019-07-07,150879
2228,2019-07-08,150879
2229,2019-07-09,150879
2230,2019-07-10,150879
2231,2019-07-11,150879
2232,2019-07-12,150879
2233,2019-07-13,150879
2234,2019-07-14,150879
2235,2019-07-15,150879
2236,2019-07-16,150879
2237,2019-07-17,150879
2238,2019-07-18,150879
2239,2019-07-19,150879
2240,2019-07-20,150879
2241,2019-07-21,150879
2242,2019-07-22,150879
2243,2019-07-23,150879
2244,2019-07-24,150879
2245,2019-07-25,150879
2246,2019-07-26,150879
2247,2019-07-27,150879
2248,2019-07-28,150879
2249,2019-07-29,150879
2250,2019-07-30,150879
2251,2019-07-31,150879
2252,2019-08-01,151111
2253,2019-08-02,151111
2254,2019-08-03,151111
2255,2019-08-04,151111
2256,2019-08-05,151111
2257,2019-08-06,151111
2258,2019-08-07,151111
2259,2019-08-08,151111
2260,2019-08-09,151111
2261,2019-08-10,151111
2262,2019-08-11,151111
2263,2019-08-12,151111
2264,2019-08-13,151111
2265,2019-08-14,151111
2266,2019-08-15,151111
2267,2019-08-16,151111
2268,2019-08-17,151111
2269,2019-08-18,151111
2270,2019-08-19,151111
2271,2019-08-20,151111
2272,2019-08-21,151111
2273,2019-08-22,151111
2274,2019-08-23,151111
2275,2019-08-24,151111
2276,2019-08-25,151111
2277,2019-08-26,151111
2278,2019-08-27,151111
2279,2019-08-28,151111
2280,2019-08-29,151111
2281,2019-08-30,151111
2282,2019-08-31,151111
2283,2019-09-01,151318
2284,2019-09-02,151318
2285,2019-09-03,151318
2286,2019-09-04,151318
2287,2019-09-05,151318
2288,2019-09-06,151318
2289,2019-09-07,151318
2290,2019-09-08,151318
2291,2019-09-09,151318
2292,2019-09-10,151318
2293,2019-09-11,151318
2294,2019-09-12,151318
2295,2019-09-13,151318
2296,2019-09-14,151318
2297,2019-09-15,151318
2298,2019-09-16,151318
2299,2019-09-17,151318
2300,2019-09-18,151318
2301,2019-09-19,151318
2302,2019-09-20,151318
2303,2019-09-21,151318
2304,2019-09-22,151318
2305,2019-09-23,151318
2306,2019-09-24,151318
2307,2019-09-25,151318
2308,2019-09-26,151318
2309,2019-09-27,151318
2310,2019-09-28,151318
2311,2019-09-29,151318
2312,2019-09-30,151318
2313,2019-10-01,151447
2314,2019-10-02,151447
2315,2019-10-03,151447
2316,2019-10-04,151447
2317,2019-10-05,151447
2318,2019-10-06,151447
2319,2019-10-07,151447
2320,2019-10-08,151447
2321,2019-10-09,151447
2322,2019-10-10,151447
2323,2019-10-11,151447
2324,2019-10-12,151447
2325,2019-10-13,151447
2326,2019-10-14,151447
2327,2019-10-15,151447
2328,2019-10-16,151447
2329,2019-10-17,151447
2330,2019-10-18,151447
2331,2019-10-19,151447
2332,2019-10-20,151447
2333,2019-10-21,151447
2334,2019-10-22,151447
2335,2019-10-23,151447
2336,2019-10-24,151447
2337,2019-10-25,151447
2338,2019-10-26,151447
2339,2019-10-27,151447
2340,2019-10-28,151447
2341,2019-10-29,151447
2342,2019-10-30,151447
2343,2019-10-31,151447
2344,2019-11-01,151662
2345,2019-11-02,151662
2346,2019-11-03,151662
2347,2019-11-04,151662
2348,2019-11-05,151662
2349,2019-11-06,151662
2350,2019-11-07,151662
2351,2019-11-08,151662
2352,2019-11-09,151662
2353,2019-11-10,151662
2354,2019-11-11,151662
2355,2019-11-12,151662
2356,2019-11-13,151662
2357,2019-11-14,151662
2358,2019-11-15,151662
2359,2019-11-16,151662
2360,2019-11-17,151662
2361,2019-11-18,151662
2362,2019-11-19,151662
2363,2019-11-20,151662
2364,2019-11-21,151662
2365,2019-11-22,151662
2366,2019-11-23,151662
2367,2019-11-24,151662
2368,2019-11-25,151662
2369,2019-11-26,151662
2370,2019-11-27,151662
2371,2019-11-28,151662
2372,2019-11-29,151662
2373,2019-11-30,151662
2374,2019-12-01,151764
2375,2019-12-02,151764
2376,2019-12-03,151764
2377,2019-12-04,151764
2378,2019-12-05,151764
2379,2019-12-06,151764
2380,2019-12-07,151764
2381,2019-12-08,151764
2382,2019-12-09,151764
2383,2019-12-10,151764
2384,2019-12-11,151764
2385,2019-12-12,151764
2386,2019-12-13,151764
2387,2019-12-14,151764
2388,2019-12-15,151764
2389,2019-12-16,151764
2390,2019-12-17,151764
2391,2019-12-18,151764
2392,2019-12-19,151764
2393,2019-12-20,151764
2394,2019-12-21,151764
2395,2019-12-22,151764
2396,2019-12-23,151764
2397,2019-12-24,151764
2398,2019-12-25,151764
2399,2019-12-26,151764
2400,2019-12-27,151764
2401,2019-12-28,151764
2402,2019-12-29,151764
2403,2019-12-30,151764
2404,2019-12-31,151764
2405,2020-01-01,152098
2406,2020-01-02,152098
2407,2020-01-03,152098
2408,2020-01-04,152098
2409,2020-01-05,152098
2410,2020-01-06,152098
2411,2020-01-07,152098
2412,2020-01-08,152098
2413,2020-01-09,152098
2414,2020-01-10,152098
2415,2020-01-11,152098
2416,2020-01-12,152098
2417,2020-01-13,152098
2418,2020-01-14,152098
2419,2020-01-15,152098
2420,2020-01-16,152098
2421,2020-01-17,152098
2422,2020-01-18,152098
2423,2020-01-19,152098
2424,2020-01-20,152098
2425,2020-01-21,152098
2426,2020-01-22,152098
2427,2020-01-23,152098
2428,2020-01-24,152098
2429,2020-01-25,152098
2430,2020-01-26,152098
2431,2020-01-27,152098
2432,2020-01-28,152098
2433,2020-01-29,152098
2434,2020-01-30,152098
2435,2020-01-31,152098
2436,2020-02-01,152371
2437,2020-02-02,152371
2438,2020-02-03,152371
2439,2020-02-04,152371
2440,2020-02-05,152371
2441,2020-02-06,152371
2442,2020-02-07,152371
2443,2020-02-08,152371
2444,2020-02-09,152371
2445,2020-02-10,152371
2446,2020-02-11,152371
2447,2020-02-12,152371
2448,2020-02-13,152371
2449,2020-02-14,152371
2450,2020-02-15,152371
2451,2020-02-16,152371
2452,2020-02-17,152371
2453,2020-02-18,152371
2454,2020-02-19,152371
2455,2020-02-20,152371
2456,2020-02-21,152371
2457,2020-02-22,152371
2458,2020-02-23,152371
2459,2020-02-24,152371
2460,2020-02-25,152371
2461,2020-02-26,152371
2462,2020-02-27,152371
2463,2020-02-28,152371
2464,2020-02-29,152371
2465,2020-03-01,150944
2466,2020-03-02,150944
2467,2020-03-03,150944
2468,2020-03-04,150944
2469,2020-03-05,150944
2470,2020-03-06,150944
2471,2020-03-07,150944
2472,2020-03-08,150944
2473,2020-03-09,150944
2474,2020-03-10,150944
2475,2020-03-11,150944
2476,2020-03-12,150944
2477,2020-03-13,150944
2478,2020-03-14,150944
2479,2020-03-15,150944
2480,2020-03-16,150944
2481,2020-03-17,150944
2482,2020-03-18,150944
2483,2020-03-19,150944
2484,2020-03-20,150944
2485,2020-03-21,150944
2486,2020-03-22,150944
2487,2020-03-23,150944
2488,2020-03-24,150944
2489,2020-03-25,150944
2490,2020-03-26,150944
2491,2020-03-27,150944
2492,2020-03-28,150944
2493,2020-03-29,150944
2494,2020-03-30,150944
2495,2020-03-31,150944
2496,2020-04-01,130430
2497,2020-04-02,130430
2498,2020-04-03,130430
2499,2020-04-04,130430
2500,2020-04-05,130430
2501,2020-04-06,130430
2502,2020-04-07,130430
2503,2020-04-08,130430
2504,2020-04-09,130430
2505,2020-04-10,130430
2506,2020-04-11,130430
2507,2020-04-12,130430
2508,2020-04-13,130430
2509,2020-04-14,130430
2510,2020-04-15,130430
2511,2020-04-16,130430
2512,2020-04-17,130430
2513,2020-04-18,130430
2514,2020-04-19,130430
2515,2020-04-20,130430
2516,2020-04-21,130430
2517,2020-04-22,130430
2518,2020-04-23,130430
2519,2020-04-24,130430
2520,2020-04-25,130430
2521,2020-04-26,130430
2522,2020-04-27,130430
2523,2020-04-28,130430
2524,2020-04-29,130430
2525,2020-04-30,130430
2526,2020-05-01,133055
2527,2020-05-02,133055
2528,2020-05-03,133055
2529,2020-05-04,133055
2530,2020-05-05,133055
2531,2020-05-06,133055
2532,2020-05-07,133055
2533,2020-05-08,133055
2534,2020-05-09,133055
2535,2020-05-10,133055
2536,2020-05-11,133055
2537,2020-05-12,133055
2538,2020-05-13,133055
2539,2020-05-14,133055
2540,2020-05-15,133055
2541,2020-05-16,133055
2542,2020-05-17,133055
2543,2020-05-18,133055
2544,2020-05-19,133055
2545,2020-05-20,133055
2546,2020-05-21,133055
2547,2020-05-22,133055
2548,2020-05-23,133055
2549,2020-05-24,133055
2550,2020-05-25,133055
2551,2020-05-26,133055
2552,2020-05-27,133055
2553,2020-05-28,133055
2554,2020-05-29,133055
2555,2020-05-30,133055
2556,2020-05-31,133055
2557,2020-06-01,137620
2558,2020-06-02,137620
2559,2020-06-03,137620
2560,2020-06-04,137620
2561,2020-06-05,137620
2562,2020-06-06,137620
2563,2020-06-07,137620
2564,2020-06-08,137620
2565,2020-06-09,137620
2566,2020-06-10,137620
2567,2020-06-11,137620
2568,2020-06-12,137620
2569,2020-06-13,137620
2570,2020-06-14,137620
2571,2020-06-15,137620
2572,2020-06-16,137620
2573,2020-06-17,137620
2574,2020-06-18,137620
2575,2020-06-19,137620
2576,2020-06-20,137620
2577,2020-06-21,137620
2578,2020-06-22,137620
2579,2020-06-23,137620
2580,2020-06-24,137620
2581,2020-06-25,137620
2582,2020-06-26,137620
2583,2020-06-27,137620
2584,2020-06-28,137620
2585,2020-06-29,137620
2586,2020-06-30,137620
2587,2020-07-01,139064
2588,2020-07-02,139064
2589,2020-07-03,139064
2590,2020-07-04,139064
2591,2020-07-05,139064
2592,2020-07-06,139064
2593,2020-07-07,139064
2594,2020-07-08,139064
2595,2020-07-09,139064
2596,2020-07-10,139064
2597,2020-07-11,139064
2598,2020-07-12,139064
2599,2020-07-13,139064
2600,2020-07-14,139064
2601,2020-07-15,139064
2602,2020-07-16,139064
2603,2020-07-17,139064
2604,2020-07-18,139064
2605,2020-07-19,139064
2606,2020-07-20,139064
2607,2020-07-21,139064
2608,2020-07-22,139064
2609,2020-07-23,139064
2610,2020-07-24,139064
2611,2020-07-25,139064
2612,2020-07-26,139064
2613,2020-07-27,139064
2614,2020-07-28,139064
2615,2020-07-29,139064
2616,2020-07-30,139064
2617,2020-07-31,139064
2618,2020-08-01,140799
2619,2020-08-02,140799
2620,2020-08-03,140799
2621,2020-08-04,140799
2622,2020-08-05,140799
2623,2020-08-06,140799
2624,2020-08-07,140799
2625,2020-08-08,140799
2626,2020-08-09,140799
2627,2020-08-10,140799
2628,2020-08-11,140799
2629,2020-08-12,140799
2630,2020-08-13,140799
2631,2020-08-14,140799
2632,2020-08-15,140799
2633,2020-08-16,140799
2634,2020-08-17,140799
2635,2020-08-18,140799
2636,2020-08-19,140799
2637,2020-08-20,140799
2638,2020-08-21,140799
2639,2020-08-22,140799
2640,2020-08-23,140799
2641,2020-08-24,140799
2642,2020-08-25,140799
2643,2020-08-26,140799
2644,2020-08-27,140799
2645,2020-08-28,140799
2646,2020-08-29,140799
2647,2020-08-30,140799
2648,2020-08-31,140799
2649,2020-09-01,141760
2650,2020-09-02,141760
2651,2020-09-03,141760
2652,2020-09-04,141760
2653,2020-09-05,141760
2654,2020-09-06,141760
2655,2020-09-07,141760
2656,2020-09-08,141760
2657,2020-09-09,141760
2658,2020-09-10,141760
2659,2020-09-11,141760
2660,2020-09-12,141760
2661,2020-09-13,141760
2662,2020-09-14,141760
2663,2020-09-15,141760
2664,2020-09-16,141760
2665,2020-09-17,141760
2666,2020-09-18,141760
2667,2020-09-19,141760
2668,2020-09-20,141760
2669,2020-09-21,141760
2670,2020-09-22,141760
2671,2020-09-23,141760
2672,2020-09-24,141760
2673,2020-09-25,141760
2674,2020-09-26,141760
2675,2020-09-27,141760
2676,2020-09-28,141760
2677,2020-09-29,141760
2678,2020-09-30,141760
2679,2020-10-01,142479
2680,2020-10-02,142479
2681,2020-10-03,142479
2682,2020-10-04,142479
2683,2020-10-05,142479
2684,2020-10-06,142479
2685,2020-10-07,142479
2686,2020-10-08,142479
2687,2020-10-09,142479
2688,2020-10-10,142479
2689,2020-10-11,142479
2690,2020-10-12,142479
2691,2020-10-13,142479
2692,2020-10-14,142479
2693,2020-10-15,142479
2694,2020-10-16,142479
2695,2020-10-17,142479
2696,2020-10-18,142479
2697,2020-10-19,142479
2698,2020-10-20,142479
2699,2020-10-21,142479
2700,2020-10-22,142479
2701,2020-10-23,142479
2702,2020-10-24,142479
2703,2020-10-25,142479
2704,2020-10-26,142479
2705,2020-10-27,142479
2706,2020-10-28,142479
2707,2020-10-29,142479
2708,2020-10-30,142479
2709,2020-10-31,142479
2710,2020-11-01,142743
2711,2020-11-02,142743
2712,2020-11-03,142743
2713,2020-11-04,142743
2714,2020-11-05,142743
2715,2020-11-06,142743
2716,2020-11-07,142743
2717,2020-11-08,142743
2718,2020-11-09,142743
2719,2020-11-10,142743
2720,2020-11-11,142743
2721,2020-11-12,142743
2722,2020-11-13,142743
2723,2020-11-14,142743
2724,2020-11-15,142743
2725,2020-11-16,142743
2726,2020-11-17,142743
2727,2020-11-18,142743
2728,2020-11-19,142743
2729,2020-11-20,142743
2730,2020-11-21,142743
2731,2020-11-22,142743
2732,2020-11-23,142743
2733,2020-11-24,142743
2734,2020-11-25,142743
2735,2020-11-26,142743
2736,2020-11-27,142743
2737,2020-11-28,142743
2738,2020-11-29,142743
2739,2020-11-30,142743
2740,2020-12-01,142475
2741,2020-12-02,142475
2742,2020-12-03,142475
2743,2020-12-04,142475
2744,2020-12-05,142475
2745,2020-12-06,142475
2746,2020-12-07,142475
2747,2020-12-08,142475
2748,2020-12-09,142475
2749,2020-12-10,142475
2750,2020-12-11,142475
2751,2020-12-12,142475
2752,2020-12-13,142475
2753,2020-12-14,142475
2754,2020-12-15,142475
2755,2020-12-16,142475
2756,2020-12-17,142475
2757,2020-12-18,142475
2758,2020-12-19,142475
2759,2020-12-20,142475
2760,2020-12-21,142475
2761,2020-12-22,142475
2762,2020-12-23,142475
2763,2020-12-24,142475
2764,2020-12-25,142475
2765,2020-12-26,142475
2766,2020-12-27,142475
2767,2020-12-28,142475
2768,2020-12-29,142475
2769,2020-12-30,142475
2770,2020-12-31,142475
2771,2021-01-01,142969
2772,2021-01-02,142969
2773,2021-01-03,142969
2774,2021-01-04,142969
2775,2021-01-05,142969
2776,2021-01-06,142969
2777,2021-01-07,142969
2778,2021-01-08,142969
2779,2021-01-09,142969
2780,2021-01-10,142969
2781,2021-01-11,142969
2782,2021-01-12,142969
2783,2021-01-13,142969
2784,2021-01-14,142969
2785,2021-01-15,142969
2786,2021-01-16,142969
2787,2021-01-17,142969
2788,2021-01-18,142969
2789,2021-01-19,142969
2790,2021-01-20,142969
2791,2021-01-21,142969
2792,2021-01-22,142969
2793,2021-01-23,142969
2794,2021-01-24,142969
2795,2021-01-25,142969
2796,2021-01-26,142969
2797,2021-01-27,142969
2798,2021-01-28,142969
2799,2021-01-29,142969
2800,2021-01-30,142969
2801,2021-01-31,142969
2802,2021-02-01,143544
2803,2021-02-02,143544
2804,2021-02-03,143544
2805,2021-02-04,143544
2806,2021-02-05,143544
2807,2021-02-06,143544
2808,2021-02-07,143544
2809,2021-02-08,143544
2810,2021-02-09,143544
2811,2021-02-10,143544
2812,2021-02-11,143544
2813,2021-02-12,143544
2814,2021-02-13,143544
2815,2021-02-14,143544
2816,2021-02-15,143544
2817,2021-02-16,143544
2818,2021-02-17,143544
2819,2021-02-18,143544
2820,2021-02-19,143544
2821,2021-02-20,143544
2822,2021-02-21,143544
2823,2021-02-22,143544
2824,2021-02-23,143544
2825,2021-02-24,143544
2826,2021-02-25,143544
2827,2021-02-26,143544
2828,2021-02-27,143544
2829,2021-02-28,143544
2830,2021-03-01,144328
2831,2021-03-02,144328
2832,2021-03-03,144328
2833,2021-03-04,144328
2834,2021-03-05,144328
2835,2021-03-06,144328
2836,2021-03-07,144328
2837,2021-03-08,144328
2838,2021-03-09,144328
2839,2021-03-10,144328
2840,2021-03-11,144328
2841,2021-03-12,144328
2842,2021-03-13,144328
2843,2021-03-14,144328
2844,2021-03-15,144328
2845,2021-03-16,144328
2846,2021-03-17,144328
2847,2021-03-18,144328
2848,2021-03-19,144328
2849,2021-03-20,144328
2850,2021-03-21,144328
2851,2021-03-22,144328
2852,2021-03-23,144328
2853,2021-03-24,144328
2854,2021-03-25,144328
2855,2021-03-26,144328
2856,2021-03-27,144328
2857,2021-03-28,144328
2858,2021-03-29,144328
2859,2021-03-30,144328
2860,2021-03-31,144328
2861,2021-04-01,144614
2862,2021-04-02,144614
2863,2021-04-03,144614
2864,2021-04-04,144614
2865,2021-04-05,144614
2866,2021-04-06,144614
2867,2021-04-07,144614
2868,2021-04-08,144614
2869,2021-04-09,144614
2870,2021-04-10,144614
2871,2021-04-11,144614
2872,2021-04-12,144614
2873,2021-04-13,144614
2874,2021-04-14,144614
2875,2021-04-15,144614
2876,2021-04-16,144614
2877,2021-04-17,144614
2878,2021-04-18,144614
2879,2021-04-19,144614
2880,2021-04-20,144614
2881,2021-04-21,144614
2882,2021-04-22,144614
2883,2021-04-23,144614
2884,2021-04-24,144614
2885,2021-04-25,144614
2886,2021-04-26,144614
2887,2021-04-27,144614
2888,2021-04-28,144614
2889,2021-04-29,144614
2890,2021-04-30,144614
2891,2021-05-01,145096
2892,2021-05-02,145096
2893,2021-05-03,145096
2894,2021-05-04,145096
2895,2021-05-05,145096
2896,2021-05-06,145096
2897,2021-05-07,145096
2898,2021-05-08,145096
2899,2021-05-09,145096
2900,2021-05-10,145096
2901,2021-05-11,145096
2902,2021-05-12,145096
2903,2021-05-13,145096
2904,2021-05-14,145096
2905,2021-05-15,145096
2906,2021-05-16,145096
2907,2021-05-17,145096
2908,2021-05-18,145096
2909,2021-05-19,145096
2910,2021-05-20,145096
2911,2021-05-21,145096
2912,2021-05-22,145096
2913,2021-05-23,145096
2914,2021-05-24,145096
2915,2021-05-25,145096
2916,2021-05-26,145096
2917,2021-05-27,145096
2918,2021-05-28,145096
2919,2021-05-29,145096
2920,2021-05-30,145096
2921,2021-05-31,145096
2922,2021-06-01,145789
2923,2021-06-02,145789
2924,2021-06-03,145789
2925,2021-06-04,145789
2926,2021-06-05,145789
2927,2021-06-06,145789
2928,2021-06-07,145789
2929,2021-06-08,145789
2930,2021-06-09,145789
2931,2021-06-10,145789
2932,2021-06-11,145789
2933,2021-06-12,145789
2934,2021-06-13,145789
2935,2021-06-14,145789
2936,2021-06-15,145789
2937,2021-06-16,145789
2938,2021-06-17,145789
2939,2021-06-18,145789
2940,2021-06-19,145789
2941,2021-06-20,145789
2942,2021-06-21,145789
2943,2021-06-22,145789
2944,2021-06-23,145789
2945,2021-06-24,145789
2946,2021-06-25,145789
2947,2021-06-26,145789
2948,2021-06-27,145789
2949,2021-06-28,145789
2950,2021-06-29,145789
2951,2021-06-30,145789
2952,2021-07-01,146558
2953,2021-07-02,146558
2954,2021-07-03,146558
2955,2021-07-04,146558
2956,2021-07-05,146558
2957,2021-07-06,146558
2958,2021-07-07,146558
2959,2021-07-08,146558
2960,2021-07-09,146558
2961,2021-07-10,146558
2962,2021-07-11,146558
2963,2021-07-12,146558
2964,2021-07-13,146558
2965,2021-07-14,146558
2966,2021-07-15,146558
2967,2021-07-16,146558
2968,2021-07-17,146558
2969,2021-07-18,146558
2970,2021-07-19,146558
2971,2021-07-20,146558
2972,2021-07-21,146558
2973,2021-07-22,146558
2974,2021-07-23,146558
2975,2021-07-24,146558
2976,2021-07-25,146558
2977,2021-07-26,146558
2978,2021-07-27,146558
2979,2021-07-28,146558
2980,2021-07-29,146558
2981,2021-07-30,146558
2982,2021-07-31,146558
2983,2021-08-01,147221
2984,2021-08-02,147221
2985,2021-08-03,147221
2986,2021-08-04,147221
2987,2021-08-05,147221
2988,2021-08-06,147221
2989,2021-08-07,147221
2990,2021-08-08,147221
2991,2021-08-09,147221
2992,2021-08-10,147221
2993,2021-08-11,147221
2994,2021-08-12,147221
2995,2021-08-13,147221
2996,2021-08-14,147221
2997,2021-08-15,147221
2998,2021-08-16,147221
2999,2021-08-17,147221
3000,2021-08-18,147221
3001,2021-08-19,147221
3002,2021-08-20,147221
3003,2021-08-21,147221
3004,2021-08-22,147221
3005,2021-08-23,147221
3006,2021-08-24,147221
3007,2021-08-25,147221
3008,2021-08-26,147221
3009,2021-08-27,147221
3010,2021-08-28,147221
3011,2021-08-29,147221
3012,2021-08-30,147221
3013,2021-08-31,147221
3014,2021-09-01,147778
3015,2021-09-02,147778
3016,2021-09-03,147778
3017,2021-09-04,147778
3018,2021-09-05,147778
3019,2021-09-06,147778
3020,2021-09-07,147778
3021,2021-09-08,147778
3022,2021-09-09,147778
3023,2021-09-10,147778
3024,2021-09-11,147778
3025,2021-09-12,147778
3026,2021-09-13,147778
3027,2021-09-14,147778
3028,2021-09-15,147778
3029,2021-09-16,147778
3030,2021-09-17,147778
3031,2021-09-18,147778
3032,2021-09-19,147778
3033,2021-09-20,147778
3034,2021-09-21,147778
3035,2021-09-22,147778
3036,2021-09-23,147778
3037,2021-09-24,147778
3038,2021-09-25,147778
3039,2021-09-26,147778
3040,2021-09-27,147778
3041,2021-09-28,147778
3042,2021-09-29,147778
3043,2021-09-30,147778
3044,2021-10-01,148559
3045,2021-10-02,148559
3046,2021-10-03,148559
3047,2021-10-04,148559
3048,2021-10-05,148559
3049,2021-10-06,148559
3050,2021-10-07,148559
3051,2021-10-08,148559
3052,2021-10-09,148559
3053,2021-10-10,148559
3054,2021-10-11,148559
3055,2021-10-12,148559
3056,2021-10-13,148559
3057,2021-10-14,148559
3058,2021-10-15,148559
3059,2021-10-16,148559
3060,2021-10-17,148559
3061,2021-10-18,148559
3062,2021-10-19,148559
3063,2021-10-20,148559
3064,2021-10-21,148559
3065,2021-10-22,148559
3066,2021-10-23,148559
3067,2021-10-24,148559
3068,2021-10-25,148559
3069,2021-10-26,148559
3070,2021-10-27,148559
3071,2021-10-28,148559
3072,2021-10-29,148559
3073,2021-10-30,148559
3074,2021-10-31,148559
3075,2021-11-01,149173
3076,2021-11-02,149173
3077,2021-11-03,149173
3078,2021-11-04,149173
3079,2021-11-05,149173
3080,2021-11-06,149173
3081,2021-11-07,149173
3082,2021-11-08,149173
3083,2021-11-09,149173
3084,2021-11-10,149173
3085,2021-11-11,149173
3086,2021-11-12,149173
3087,2021-11-13,149173
3088,2021-11-14,149173
3089,2021-11-15,149173
3090,2021-11-16,149173
3091,2021-11-17,149173
3092,2021-11-18,149173
3093,2021-11-19,149173
3094,2021-11-20,149173
3095,2021-11-21,149173
3096,2021-11-22,149173
3097,2021-11-23,149173
3098,2021-11-24,149173
3099,2021-11-25,149173
3100,2021-11-26,149173
3101,2021-11-27,149173
3102,2021-11-28,149173
3103,2021-11-29,149173
3104,2021-11-30,149173
3105,2021-12-01,149742
3106,2021-12-02,149742
3107,2021-12-03,149742
3108,2021-12-04,149742
3109,2021-12-05,149742
3110,2021-12-06,149742
3111,2021-12-07,149742
3112,2021-12-08,149742
3113,2021-12-09,149742
3114,2021-12-10,149742
3115,2021-12-11,149742
3116,2021-12-12,149742
3117,2021-12-13,149742
3118,2021-12-14,149742
3119,2021-12-15,149742
3120,2021-12-16,149742
3121,2021-12-17,149742
3122,2021-12-18,149742
3123,2021-12-19,149742
3124,2021-12-20,149742
3125,2021-12-21,149742
3126,2021-12-22,149742
3127,2021-12-23,149742
3128,2021-12-24,149742
3129,2021-12-25,149742
3130,2021-12-26,149742
3131,2021-12-27,149742
3132,2021-12-28,149742
3133,2021-12-29,149742
3134,2021-12-30,149742
3135,2021-12-31,149742
3136,2022-01-01,150106
3137,2022-01-02,150106
3138,2022-01-03,150106
3139,2022-01-04,150106
3140,2022-01-05,150106
3141,2022-01-06,150106
3142,2022-01-07,150106
3143,2022-01-08,150106
3144,2022-01-09,150106
3145,2022-01-10,150106
3146,2022-01-11,150106
3147,2022-01-12,150106
3148,2022-01-13,150106
3149,2022-01-14,150106
3150,2022-01-15,150106
3151,2022-01-16,150106
3152,2022-01-17,150106
3153,2022-01-18,150106
3154,2022-01-19,150106
3155,2022-01-20,150106
3156,2022-01-21,150106
3157,2022-01-22,150106
3158,2022-01-23,150106
3159,2022-01-24,150106
3160,2022-01-25,150106
3161,2022-01-26,150106
3162,2022-01-27,150106
3163,2022-01-28,150106
3164,2022-01-29,150106
3165,2022-01-30,150106
3166,2022-01-31,150106
3167,2022-02-01,151010
3168,2022-02-02,151010
3169,2022-02-03,151010
3170,2022-02-04,151010
3171,2022-02-05,151010
3172,2022-02-06,151010
3173,2022-02-07,151010
3174,2022-02-08,151010
3175,2022-02-09,151010
3176,2022-02-10,151010
3177,2022-02-11,151010
3178,2022-02-12,151010
3179,2022-02-13,151010
3180,2022-02-14,151010
3181,2022-02-15,151010
3182,2022-02-16,151010
3183,2022-02-17,151010
3184,2022-02-18,151010
3185,2022-02-19,151010
3186,2022-02-20,151010
3187,2022-02-21,151010
3188,2022-02-22,151010
3189,2022-02-23,151010
3190,2022-02-24,151010
3191,2022-02-25,151010
3192,2022-02-26,151010
3193,2022-02-27,151010
3194,2022-02-28,151010
3195,2022-03-01,151424
3196,2022-03-02,151424
3197,2022-03-03,151424
3198,2022-03-04,151424
3199,2022-03-05,151424
3200,2022-03-06,151424
3201,2022-03-07,151424
3202,2022-03-08,151424
3203,2022-03-09,151424
3204,2022-03-10,151424
3205,2022-03-11,151424
3206,2022-03-12,151424
3207,2022-03-13,151424
3208,2022-03-14,151424
3209,2022-03-15,151424
3210,2022-03-16,151424
3211,2022-03-17,151424
3212,2022-03-18,151424
3213,2022-03-19,151424
3214,2022-03-20,151424
3215,2022-03-21,151424
3216,2022-03-22,151424
3217,2022-03-23,151424
3218,2022-03-24,151424
3219,2022-03-25,151424
3220,2022-03-26,151424
3221,2022-03-27,151424
3222,2022-03-28,151424
3223,2022-03-29,151424
3224,2022-03-30,151424
3225,2022-03-31,151424
3226,2022-04-01,151678
3227,2022-04-02,151678
3228,2022-04-03,151678
3229,2022-04-04,151678
3230,2022-04-05,151678
3231,2022-04-06,151678
3232,2022-04-07,151678
3233,2022-04-08,151678
3234,2022-04-09,151678
3235,2022-04-10,151678
3236,2022-04-11,151678
3237,2022-04-12,151678
3238,2022-04-13,151678
3239,2022-04-14,151678
3240,2022-04-15,151678
3241,2022-04-16,151678
3242,2022-04-17,151678
3243,2022-04-18,151678
3244,2022-04-19,151678
3245,2022-04-20,151678
3246,2022-04-21,151678
3247,2022-04-22,151678
3248,2022-04-23,151678
3249,2022-04-24,151678
3250,2022-04-25,151678
3251,2022-04-26,151678
3252,2022-04-27,151678
3253,2022-04-28,151678
3254,2022-04-29,151678
3255,2022-04-30,151678
3256,2022-05-01,152042
3257,2022-05-02,152042
3258,2022-05-03,152042
3259,2022-05-04,152042
3260,2022-05-05,152042
3261,2022-05-06,152042
3262,2022-05-07,152042
3263,2022-05-08,152042
3264,2022-05-09,152042
3265,2022-05-10,152042
3266,2022-05-11,152042
3267,2022-05-12,152042
3268,2022-05-13,152042
3269,2022-05-14,152042
3270,2022-05-15,152042
3271,2022-05-16,152042
3272,2022-05-17,152042
3273,2022-05-18,152042
3274,2022-05-19,152042
3275,2022-05-20,152042
3276,2022-05-21,152042
3277,2022-05-22,152042
3278,2022-05-23,152042
3279,2022-05-24,152042
3280,2022-05-25,152042
3281,2022-05-26,152042
3282,2022-05-27,152042
3283,2022-05-28,152042
3284,2022-05-29,152042
3285,2022-05-30,152042
3286,2022-05-31,152042
3287,2022-06-01,152412
3288,2022-06-02,152412
3289,2022-06-03,152412
3290,2022-06-04,152412
3291,2022-06-05,152412
3292,2022-06-06,152412
3293,2022-06-07,152412
3294,2022-06-08,152412
3295,2022-06-09,152412
3296,2022-06-10,152412
3297,2022-06-11,152412
3298,2022-06-12,152412
3299,2022-06-13,152412
3300,2022-06-14,152412
3301,2022-06-15,152412
3302,2022-06-16,152412
3303,2022-06-17,152412
3304,2022-06-18,152412
3305,2022-06-19,152412
3306,2022-06-20,152412
3307,2022-06-21,152412
3308,2022-06-22,152412
3309,2022-06-23,152412
3310,2022-06-24,152412
3311,2022-06-25,152412
3312,2022-06-26,152412
3313,2022-06-27,152412
3314,2022-06-28,152412
3315,2022-06-29,152412
3316,2022-06-30,152412
3317,2022-07-01,152980
3318,2022-07-02,152980
3319,2022-07-03,152980
3320,2022-07-04,152980
3321,2022-07-05,152980
3322,2022-07-06,152980
3323,2022-07-07,152980
3324,2022-07-08,152980
3325,2022-07-09,152980
3326,2022-07-10,152980
3327,2022-07-11,152980
3328,2022-07-12,152980
3329,2022-07-13,152980
3330,2022-07-14,152980
3331,2022-07-15,152980
3332,2022-07-16,152980
3333,2022-07-17,152980
3334,2022-07-18,152980
3335,2022-07-19,152980
3336,2022-07-20,152980
3337,2022-07-21,152980
3338,2022-07-22,152980
3339,2022-07-23,152980
3340,2022-07-24,152980
3341,2022-07-25,152980
3342,2022-07-26,152980
3343,2022-07-27,152980
3344,2022-07-28,152980
3345,2022-07-29,152980
3346,2022-07-30,152980
3347,2022-07-31,152980
3348,2022-08-01,153332
3349,2022-08-02,153332
3350,2022-08-03,153332
3351,2022-08-04,153332
3352,2022-08-05,153332
3353,2022-08-06,153332
3354,2022-08-07,153332
3355,2022-08-08,153332
3356,2022-08-09,153332
3357,2022-08-10,153332
3358,2022-08-11,153332
3359,2022-08-12,153332
3360,2022-08-13,153332
3361,2022-08-14,153332
3362,2022-08-15,153332
3363,2022-08-16,153332
3364,2022-08-17,153332
3365,2022-08-18,153332
3366,2022-08-19,153332
3367,2022-08-20,153332
3368,2022-08-21,153332
3369,2022-08-22,153332
3370,2022-08-23,153332
3371,2022-08-24,153332
3372,2022-08-25,153332
3373,2022-08-26,153332
3374,2022-08-27,153332
3375,2022-08-28,153332
3376,2022-08-29,153332
3377,2022-08-30,153332
3378,2022-08-31,153332
3379,2022-09-01,153682
3380,2022-09-02,153682
3381,2022-09-03,153682
3382,2022-09-04,153682
3383,2022-09-05,153682
3384,2022-09-06,153682
3385,2022-09-07,153682
3386,2022-09-08,153682
3387,2022-09-09,153682
3388,2022-09-10,153682
3389,2022-09-11,153682
3390,2022-09-12,153682
3391,2022-09-13,153682
3392,2022-09-14,153682
3393,2022-09-15,153682
3394,2022-09-16,153682
3395,2022-09-17,153682
3396,2022-09-18,153682
3397,2022-09-19,153682
3398,2022-09-20,153682
3399,2022-09-21,153682
3400,2022-09-22,153682
3401,2022-09-23,153682
3402,2022-09-24,153682
3403,2022-09-25,153682
3404,2022-09-26,153682
3405,2022-09-27,153682
3406,2022-09-28,153682
3407,2022-09-29,153682
3408,2022-09-30,153682
3409,2022-10-01,154006
3410,2022-10-02,154006
3411,2022-10-03,154006
3412,2022-10-04,154006
3413,2022-10-05,154006
3414,2022-10-06,154006
3415,2022-10-07,154006
3416,2022-10-08,154006
3417,2022-10-09,154006
3418,2022-10-10,154006
3419,2022-10-11,154006
3420,2022-10-12,154006
3421,2022-10-13,154006
3422,2022-10-14,154006
3423,2022-10-15,154006
3424,2022-10-16,154006
3425,2022-10-17,154006
3426,2022-10-18,154006
3427,2022-10-19,154006
3428,2022-10-20,154006
3429,2022-10-21,154006
3430,2022-10-22,154006
3431,2022-10-23,154006
3432,2022-10-24,154006
3433,2022-10-25,154006
3434,2022-10-26,154006
3435,2022-10-27,154006
3436,2022-10-28,154006
3437,2022-10-29,154006
3438,2022-10-30,154006
3439,2022-10-31,154006
3440,2022-11-01,154296
3441,2022-11-02,154296
3442,2022-11-03,154296
3443,2022-11-04,154296
3444,2022-11-05,154296
3445,2022-11-06,154296
3446,2022-11-07,154296
3447,2022-11-08,154296
3448,2022-11-09,154296
3449,2022-11-10,154296
3450,2022-11-11,154296
3451,2022-11-12,154296
3452,2022-11-13,154296
3453,2022-11-14,154296
3454,2022-11-15,154296
3455,2022-11-16,154296
3456,2022-11-17,154296
3457,2022-11-18,154296
3458,2022-11-19,154296
3459,2022-11-20,154296
3460,2022-11-21,154296
3461,2022-11-22,154296
3462,2022-11-23,154296
3463,2022-11-24,154296
3464,2022-11-25,154296
3465,2022-11-26,154296
3466,2022-11-27,154296
3467,2022-11-28,154296
3468,2022-11-29,154296
3469,2022-11-30,154296
3470,2022-12-01,154535
3471,2022-12-02,154535
3472,2022-12-03,154535
3473,2022-12-04,154535
3474,2022-12-05,154535
3475,2022-12-06,154535
3476,2022-12-07,154535
3477,2022-12-08,154535
3478,2022-12-09,154535
3479,2022-12-10,154535
3480,2022-12-11,154535
3481,2022-12-12,154535
3482,2022-12-13,154535
3483,2022-12-14,154535
3484,2022-12-15,154535
3485,2022-12-16,154535
3486,2022-12-17,154535
3487,2022-12-18,154535
3488,2022-12-19,154535
3489,2022-12-20,154535
3490,2022-12-21,154535
3491,2022-12-22,154535
3492,2022-12-23,154535
3493,2022-12-24,154535
3494,2022-12-25,154535
3495,2022-12-26,154535
3496,2022-12-27,154535
3497,2022-12-28,154535
3498,2022-12-29,154535
3499,2022-12-30,154535
3500,2022-12-31,154535
3501,2023-01-01,155007
3502,2023-01-02,155007
3503,2023-01-03,155007
3504,2023-01-04,155007
3505,2023-01-05,155007
3506,2023-01-06,155007
3507,2023-01-07,155007
3508,2023-01-08,155007
3509,2023-01-09,155007
3510,2023-01-10,155007
3511,2023-01-11,155007
3512,2023-01-12,155007
3513,2023-01-13,155007
3514,2023-01-14,155007
3515,2023-01-15,155007
3516,2023-01-16,155007
3517,2023-01-17,155007
3518,2023-01-18,155007
3519,2023-01-19,155007
3520,2023-01-20,155007
3521,2023-01-21,155007
3522,2023-01-22,155007
3523,2023-01-23,155007
3524,2023-01-24,155007
3525,2023-01-25,155007
3526,2023-01-26,155007
3527,2023-01-27,155007
3528,2023-01-28,155007
3529,2023-01-29,155007
3530,2023-01-30,155007
3531,2023-01-31,155007
3532,2023-02-01,155255
3533,2023-02-02,155255
3534,2023-02-03,155255
3535,2023-02-04,155255
3536,2023-02-05,155255
3537,2023-02-06,155255
3538,2023-02-07,155255
3539,2023-02-08,155255
3540,2023-02-09,155255
3541,2023-02-10,155255
3542,2023-02-11,155255
3543,2023-02-12,155255
3544,2023-02-13,155255
3545,2023-02-14,155255
3546,2023-02-15,155255
3547,2023-02-16,155255
3548,2023-02-17,155255
3549,2023-02-18,155255
3550,2023-02-19,155255
3551,2023-02-20,155255
3552,2023-02-21,155255
3553,2023-02-22,155255
3554,2023-02-23,155255
3555,2023-02-24,155255
3556,2023-02-25,155255
3557,2023-02-26,155255
3558,2023-02-27,155255
3559,2023-02-28,155255
3560,2023-03-01,155420
3561,2023-03-02,155420
3562,2023-03-03,155420
3563,2023-03-04,155420
3564,2023-03-05,155420
3565,2023-03-06,155420
3566,2023-03-07,155420
3567,2023-03-08,155420
3568,2023-03-09,155420
3569,2023-03-10,155420
3570,2023-03-11,155420
3571,2023-03-12,155420
3572,2023-03-13,155420
3573,2023-03-14,155420
3574,2023-03-15,155420
3575,2023-03-16,155420
3576,2023-03-17,155420
3577,2023-03-18,155420
3578,2023-03-19,155420
3579,2023-03-20,155420
3580,2023-03-21,155420
3581,2023-03-22,155420
3582,2023-03-23,155420
3583,2023-03-24,155420
3584,2023-03-25,155420
3585,2023-03-26,155420
3586,2023-03-27,155420
3587,2023-03-28,155420
3588,2023-03-29,155420
3589,2023-03-30,155420
3590,2023-03-31,155420
3591,2023-04-01,155673
