,DATE,PPIACO
0,2013-06-01,204.3
1,2013-06-02,204.3
2,2013-06-03,204.3
3,2013-06-04,204.3
4,2013-06-05,204.3
5,2013-06-06,204.3
6,2013-06-07,204.3
7,2013-06-08,204.3
8,2013-06-09,204.3
9,2013-06-10,204.3
10,2013-06-11,204.3
11,2013-06-12,204.3
12,2013-06-13,204.3
13,2013-06-14,204.3
14,2013-06-15,204.3
15,2013-06-16,204.3
16,2013-06-17,204.3
17,2013-06-18,204.3
18,2013-06-19,204.3
19,2013-06-20,204.3
20,2013-06-21,204.3
21,2013-06-22,204.3
22,2013-06-23,204.3
23,2013-06-24,204.3
24,2013-06-25,204.3
25,2013-06-26,204.3
26,2013-06-27,204.3
27,2013-06-28,204.3
28,2013-06-29,204.3
29,2013-06-30,204.3
30,2013-07-01,204.4
31,2013-07-02,204.4
32,2013-07-03,204.4
33,2013-07-04,204.4
34,2013-07-05,204.4
35,2013-07-06,204.4
36,2013-07-07,204.4
37,2013-07-08,204.4
38,2013-07-09,204.4
39,2013-07-10,204.4
40,2013-07-11,204.4
41,2013-07-12,204.4
42,2013-07-13,204.4
43,2013-07-14,204.4
44,2013-07-15,204.4
45,2013-07-16,204.4
46,2013-07-17,204.4
47,2013-07-18,204.4
48,2013-07-19,204.4
49,2013-07-20,204.4
50,2013-07-21,204.4
51,2013-07-22,204.4
52,2013-07-23,204.4
53,2013-07-24,204.4
54,2013-07-25,204.4
55,2013-07-26,204.4
56,2013-07-27,204.4
57,2013-07-28,204.4
58,2013-07-29,204.4
59,2013-07-30,204.4
60,2013-07-31,204.4
61,2013-08-01,204.2
62,2013-08-02,204.2
63,2013-08-03,204.2
64,2013-08-04,204.2
65,2013-08-05,204.2
66,2013-08-06,204.2
67,2013-08-07,204.2
68,2013-08-08,204.2
69,2013-08-09,204.2
70,2013-08-10,204.2
71,2013-08-11,204.2
72,2013-08-12,204.2
73,2013-08-13,204.2
74,2013-08-14,204.2
75,2013-08-15,204.2
76,2013-08-16,204.2
77,2013-08-17,204.2
78,2013-08-18,204.2
79,2013-08-19,204.2
80,2013-08-20,204.2
81,2013-08-21,204.2
82,2013-08-22,204.2
83,2013-08-23,204.2
84,2013-08-24,204.2
85,2013-08-25,204.2
86,2013-08-26,204.2
87,2013-08-27,204.2
88,2013-08-28,204.2
89,2013-08-29,204.2
90,2013-08-30,204.2
91,2013-08-31,204.2
92,2013-09-01,203.9
93,2013-09-02,203.9
94,2013-09-03,203.9
95,2013-09-04,203.9
96,2013-09-05,203.9
97,2013-09-06,203.9
98,2013-09-07,203.9
99,2013-09-08,203.9
100,2013-09-09,203.9
101,2013-09-10,203.9
102,2013-09-11,203.9
103,2013-09-12,203.9
104,2013-09-13,203.9
105,2013-09-14,203.9
106,2013-09-15,203.9
107,2013-09-16,203.9
108,2013-09-17,203.9
109,2013-09-18,203.9
110,2013-09-19,203.9
111,2013-09-20,203.9
112,2013-09-21,203.9
113,2013-09-22,203.9
114,2013-09-23,203.9
115,2013-09-24,203.9
116,2013-09-25,203.9
117,2013-09-26,203.9
118,2013-09-27,203.9
119,2013-09-28,203.9
120,2013-09-29,203.9
121,2013-09-30,203.9
122,2013-10-01,202.5
123,2013-10-02,202.5
124,2013-10-03,202.5
125,2013-10-04,202.5
126,2013-10-05,202.5
127,2013-10-06,202.5
128,2013-10-07,202.5
129,2013-10-08,202.5
130,2013-10-09,202.5
131,2013-10-10,202.5
132,2013-10-11,202.5
133,2013-10-12,202.5
134,2013-10-13,202.5
135,2013-10-14,202.5
136,2013-10-15,202.5
137,2013-10-16,202.5
138,2013-10-17,202.5
139,2013-10-18,202.5
140,2013-10-19,202.5
141,2013-10-20,202.5
142,2013-10-21,202.5
143,2013-10-22,202.5
144,2013-10-23,202.5
145,2013-10-24,202.5
146,2013-10-25,202.5
147,2013-10-26,202.5
148,2013-10-27,202.5
149,2013-10-28,202.5
150,2013-10-29,202.5
151,2013-10-30,202.5
152,2013-10-31,202.5
153,2013-11-01,201.2
154,2013-11-02,201.2
155,2013-11-03,201.2
156,2013-11-04,201.2
157,2013-11-05,201.2
158,2013-11-06,201.2
159,2013-11-07,201.2
160,2013-11-08,201.2
161,2013-11-09,201.2
162,2013-11-10,201.2
163,2013-11-11,201.2
164,2013-11-12,201.2
165,2013-11-13,201.2
166,2013-11-14,201.2
167,2013-11-15,201.2
168,2013-11-16,201.2
169,2013-11-17,201.2
170,2013-11-18,201.2
171,2013-11-19,201.2
172,2013-11-20,201.2
173,2013-11-21,201.2
174,2013-11-22,201.2
175,2013-11-23,201.2
176,2013-11-24,201.2
177,2013-11-25,201.2
178,2013-11-26,201.2
179,2013-11-27,201.2
180,2013-11-28,201.2
181,2013-11-29,201.2
182,2013-11-30,201.2
183,2013-12-01,202.0
184,2013-12-02,202.0
185,2013-12-03,202.0
186,2013-12-04,202.0
187,2013-12-05,202.0
188,2013-12-06,202.0
189,2013-12-07,202.0
190,2013-12-08,202.0
191,2013-12-09,202.0
192,2013-12-10,202.0
193,2013-12-11,202.0
194,2013-12-12,202.0
195,2013-12-13,202.0
196,2013-12-14,202.0
197,2013-12-15,202.0
198,2013-12-16,202.0
199,2013-12-17,202.0
200,2013-12-18,202.0
201,2013-12-19,202.0
202,2013-12-20,202.0
203,2013-12-21,202.0
204,2013-12-22,202.0
205,2013-12-23,202.0
206,2013-12-24,202.0
207,2013-12-25,202.0
208,2013-12-26,202.0
209,2013-12-27,202.0
210,2013-12-28,202.0
211,2013-12-29,202.0
212,2013-12-30,202.0
213,2013-12-31,202.0
214,2014-01-01,203.8
215,2014-01-02,203.8
216,2014-01-03,203.8
217,2014-01-04,203.8
218,2014-01-05,203.8
219,2014-01-06,203.8
220,2014-01-07,203.8
221,2014-01-08,203.8
222,2014-01-09,203.8
223,2014-01-10,203.8
224,2014-01-11,203.8
225,2014-01-12,203.8
226,2014-01-13,203.8
227,2014-01-14,203.8
228,2014-01-15,203.8
229,2014-01-16,203.8
230,2014-01-17,203.8
231,2014-01-18,203.8
232,2014-01-19,203.8
233,2014-01-20,203.8
234,2014-01-21,203.8
235,2014-01-22,203.8
236,2014-01-23,203.8
237,2014-01-24,203.8
238,2014-01-25,203.8
239,2014-01-26,203.8
240,2014-01-27,203.8
241,2014-01-28,203.8
242,2014-01-29,203.8
243,2014-01-30,203.8
244,2014-01-31,203.8
245,2014-02-01,205.7
246,2014-02-02,205.7
247,2014-02-03,205.7
248,2014-02-04,205.7
249,2014-02-05,205.7
250,2014-02-06,205.7
251,2014-02-07,205.7
252,2014-02-08,205.7
253,2014-02-09,205.7
254,2014-02-10,205.7
255,2014-02-11,205.7
256,2014-02-12,205.7
257,2014-02-13,205.7
258,2014-02-14,205.7
259,2014-02-15,205.7
260,2014-02-16,205.7
261,2014-02-17,205.7
262,2014-02-18,205.7
263,2014-02-19,205.7
264,2014-02-20,205.7
265,2014-02-21,205.7
266,2014-02-22,205.7
267,2014-02-23,205.7
268,2014-02-24,205.7
269,2014-02-25,205.7
270,2014-02-26,205.7
271,2014-02-27,205.7
272,2014-02-28,205.7
273,2014-03-01,207.0
274,2014-03-02,207.0
275,2014-03-03,207.0
276,2014-03-04,207.0
277,2014-03-05,207.0
278,2014-03-06,207.0
279,2014-03-07,207.0
280,2014-03-08,207.0
281,2014-03-09,207.0
282,2014-03-10,207.0
283,2014-03-11,207.0
284,2014-03-12,207.0
285,2014-03-13,207.0
286,2014-03-14,207.0
287,2014-03-15,207.0
288,2014-03-16,207.0
289,2014-03-17,207.0
290,2014-03-18,207.0
291,2014-03-19,207.0
292,2014-03-20,207.0
293,2014-03-21,207.0
294,2014-03-22,207.0
295,2014-03-23,207.0
296,2014-03-24,207.0
297,2014-03-25,207.0
298,2014-03-26,207.0
299,2014-03-27,207.0
300,2014-03-28,207.0
301,2014-03-29,207.0
302,2014-03-30,207.0
303,2014-03-31,207.0
304,2014-04-01,208.3
305,2014-04-02,208.3
306,2014-04-03,208.3
307,2014-04-04,208.3
308,2014-04-05,208.3
309,2014-04-06,208.3
310,2014-04-07,208.3
311,2014-04-08,208.3
312,2014-04-09,208.3
313,2014-04-10,208.3
314,2014-04-11,208.3
315,2014-04-12,208.3
316,2014-04-13,208.3
317,2014-04-14,208.3
318,2014-04-15,208.3
319,2014-04-16,208.3
320,2014-04-17,208.3
321,2014-04-18,208.3
322,2014-04-19,208.3
323,2014-04-20,208.3
324,2014-04-21,208.3
325,2014-04-22,208.3
326,2014-04-23,208.3
327,2014-04-24,208.3
328,2014-04-25,208.3
329,2014-04-26,208.3
330,2014-04-27,208.3
331,2014-04-28,208.3
332,2014-04-29,208.3
333,2014-04-30,208.3
334,2014-05-01,208.0
335,2014-05-02,208.0
336,2014-05-03,208.0
337,2014-05-04,208.0
338,2014-05-05,208.0
339,2014-05-06,208.0
340,2014-05-07,208.0
341,2014-05-08,208.0
342,2014-05-09,208.0
343,2014-05-10,208.0
344,2014-05-11,208.0
345,2014-05-12,208.0
346,2014-05-13,208.0
347,2014-05-14,208.0
348,2014-05-15,208.0
349,2014-05-16,208.0
350,2014-05-17,208.0
351,2014-05-18,208.0
352,2014-05-19,208.0
353,2014-05-20,208.0
354,2014-05-21,208.0
355,2014-05-22,208.0
356,2014-05-23,208.0
357,2014-05-24,208.0
358,2014-05-25,208.0
359,2014-05-26,208.0
360,2014-05-27,208.0
361,2014-05-28,208.0
362,2014-05-29,208.0
363,2014-05-30,208.0
364,2014-05-31,208.0
365,2014-06-01,208.3
366,2014-06-02,208.3
367,2014-06-03,208.3
368,2014-06-04,208.3
369,2014-06-05,208.3
370,2014-06-06,208.3
371,2014-06-07,208.3
372,2014-06-08,208.3
373,2014-06-09,208.3
374,2014-06-10,208.3
375,2014-06-11,208.3
376,2014-06-12,208.3
377,2014-06-13,208.3
378,2014-06-14,208.3
379,2014-06-15,208.3
380,2014-06-16,208.3
381,2014-06-17,208.3
382,2014-06-18,208.3
383,2014-06-19,208.3
384,2014-06-20,208.3
385,2014-06-21,208.3
386,2014-06-22,208.3
387,2014-06-23,208.3
388,2014-06-24,208.3
389,2014-06-25,208.3
390,2014-06-26,208.3
391,2014-06-27,208.3
392,2014-06-28,208.3
393,2014-06-29,208.3
394,2014-06-30,208.3
395,2014-07-01,208.0
396,2014-07-02,208.0
397,2014-07-03,208.0
398,2014-07-04,208.0
399,2014-07-05,208.0
400,2014-07-06,208.0
401,2014-07-07,208.0
402,2014-07-08,208.0
403,2014-07-09,208.0
404,2014-07-10,208.0
405,2014-07-11,208.0
406,2014-07-12,208.0
407,2014-07-13,208.0
408,2014-07-14,208.0
409,2014-07-15,208.0
410,2014-07-16,208.0
411,2014-07-17,208.0
412,2014-07-18,208.0
413,2014-07-19,208.0
414,2014-07-20,208.0
415,2014-07-21,208.0
416,2014-07-22,208.0
417,2014-07-23,208.0
418,2014-07-24,208.0
419,2014-07-25,208.0
420,2014-07-26,208.0
421,2014-07-27,208.0
422,2014-07-28,208.0
423,2014-07-29,208.0
424,2014-07-30,208.0
425,2014-07-31,208.0
426,2014-08-01,207.0
427,2014-08-02,207.0
428,2014-08-03,207.0
429,2014-08-04,207.0
430,2014-08-05,207.0
431,2014-08-06,207.0
432,2014-08-07,207.0
433,2014-08-08,207.0
434,2014-08-09,207.0
435,2014-08-10,207.0
436,2014-08-11,207.0
437,2014-08-12,207.0
438,2014-08-13,207.0
439,2014-08-14,207.0
440,2014-08-15,207.0
441,2014-08-16,207.0
442,2014-08-17,207.0
443,2014-08-18,207.0
444,2014-08-19,207.0
445,2014-08-20,207.0
446,2014-08-21,207.0
447,2014-08-22,207.0
448,2014-08-23,207.0
449,2014-08-24,207.0
450,2014-08-25,207.0
451,2014-08-26,207.0
452,2014-08-27,207.0
453,2014-08-28,207.0
454,2014-08-29,207.0
455,2014-08-30,207.0
456,2014-08-31,207.0
457,2014-09-01,206.4
458,2014-09-02,206.4
459,2014-09-03,206.4
460,2014-09-04,206.4
461,2014-09-05,206.4
462,2014-09-06,206.4
463,2014-09-07,206.4
464,2014-09-08,206.4
465,2014-09-09,206.4
466,2014-09-10,206.4
467,2014-09-11,206.4
468,2014-09-12,206.4
469,2014-09-13,206.4
470,2014-09-14,206.4
471,2014-09-15,206.4
472,2014-09-16,206.4
473,2014-09-17,206.4
474,2014-09-18,206.4
475,2014-09-19,206.4
476,2014-09-20,206.4
477,2014-09-21,206.4
478,2014-09-22,206.4
479,2014-09-23,206.4
480,2014-09-24,206.4
481,2014-09-25,206.4
482,2014-09-26,206.4
483,2014-09-27,206.4
484,2014-09-28,206.4
485,2014-09-29,206.4
486,2014-09-30,206.4
487,2014-10-01,203.4
488,2014-10-02,203.4
489,2014-10-03,203.4
490,2014-10-04,203.4
491,2014-10-05,203.4
492,2014-10-06,203.4
493,2014-10-07,203.4
494,2014-10-08,203.4
495,2014-10-09,203.4
496,2014-10-10,203.4
497,2014-10-11,203.4
498,2014-10-12,203.4
499,2014-10-13,203.4
500,2014-10-14,203.4
501,2014-10-15,203.4
502,2014-10-16,203.4
503,2014-10-17,203.4
504,2014-10-18,203.4
505,2014-10-19,203.4
506,2014-10-20,203.4
507,2014-10-21,203.4
508,2014-10-22,203.4
509,2014-10-23,203.4
510,2014-10-24,203.4
511,2014-10-25,203.4
512,2014-10-26,203.4
513,2014-10-27,203.4
514,2014-10-28,203.4
515,2014-10-29,203.4
516,2014-10-30,203.4
517,2014-10-31,203.4
518,2014-11-01,200.9
519,2014-11-02,200.9
520,2014-11-03,200.9
521,2014-11-04,200.9
522,2014-11-05,200.9
523,2014-11-06,200.9
524,2014-11-07,200.9
525,2014-11-08,200.9
526,2014-11-09,200.9
527,2014-11-10,200.9
528,2014-11-11,200.9
529,2014-11-12,200.9
530,2014-11-13,200.9
531,2014-11-14,200.9
532,2014-11-15,200.9
533,2014-11-16,200.9
534,2014-11-17,200.9
535,2014-11-18,200.9
536,2014-11-19,200.9
537,2014-11-20,200.9
538,2014-11-21,200.9
539,2014-11-22,200.9
540,2014-11-23,200.9
541,2014-11-24,200.9
542,2014-11-25,200.9
543,2014-11-26,200.9
544,2014-11-27,200.9
545,2014-11-28,200.9
546,2014-11-29,200.9
547,2014-11-30,200.9
548,2014-12-01,197.0
549,2014-12-02,197.0
550,2014-12-03,197.0
551,2014-12-04,197.0
552,2014-12-05,197.0
553,2014-12-06,197.0
554,2014-12-07,197.0
555,2014-12-08,197.0
556,2014-12-09,197.0
557,2014-12-10,197.0
558,2014-12-11,197.0
559,2014-12-12,197.0
560,2014-12-13,197.0
561,2014-12-14,197.0
562,2014-12-15,197.0
563,2014-12-16,197.0
564,2014-12-17,197.0
565,2014-12-18,197.0
566,2014-12-19,197.0
567,2014-12-20,197.0
568,2014-12-21,197.0
569,2014-12-22,197.0
570,2014-12-23,197.0
571,2014-12-24,197.0
572,2014-12-25,197.0
573,2014-12-26,197.0
574,2014-12-27,197.0
575,2014-12-28,197.0
576,2014-12-29,197.0
577,2014-12-30,197.0
578,2014-12-31,197.0
579,2015-01-01,192.0
580,2015-01-02,192.0
581,2015-01-03,192.0
582,2015-01-04,192.0
583,2015-01-05,192.0
584,2015-01-06,192.0
585,2015-01-07,192.0
586,2015-01-08,192.0
587,2015-01-09,192.0
588,2015-01-10,192.0
589,2015-01-11,192.0
590,2015-01-12,192.0
591,2015-01-13,192.0
592,2015-01-14,192.0
593,2015-01-15,192.0
594,2015-01-16,192.0
595,2015-01-17,192.0
596,2015-01-18,192.0
597,2015-01-19,192.0
598,2015-01-20,192.0
599,2015-01-21,192.0
600,2015-01-22,192.0
601,2015-01-23,192.0
602,2015-01-24,192.0
603,2015-01-25,192.0
604,2015-01-26,192.0
605,2015-01-27,192.0
606,2015-01-28,192.0
607,2015-01-29,192.0
608,2015-01-30,192.0
609,2015-01-31,192.0
610,2015-02-01,191.1
611,2015-02-02,191.1
612,2015-02-03,191.1
613,2015-02-04,191.1
614,2015-02-05,191.1
615,2015-02-06,191.1
616,2015-02-07,191.1
617,2015-02-08,191.1
618,2015-02-09,191.1
619,2015-02-10,191.1
620,2015-02-11,191.1
621,2015-02-12,191.1
622,2015-02-13,191.1
623,2015-02-14,191.1
624,2015-02-15,191.1
625,2015-02-16,191.1
626,2015-02-17,191.1
627,2015-02-18,191.1
628,2015-02-19,191.1
629,2015-02-20,191.1
630,2015-02-21,191.1
631,2015-02-22,191.1
632,2015-02-23,191.1
633,2015-02-24,191.1
634,2015-02-25,191.1
635,2015-02-26,191.1
636,2015-02-27,191.1
637,2015-02-28,191.1
638,2015-03-01,191.5
639,2015-03-02,191.5
640,2015-03-03,191.5
641,2015-03-04,191.5
642,2015-03-05,191.5
643,2015-03-06,191.5
644,2015-03-07,191.5
645,2015-03-08,191.5
646,2015-03-09,191.5
647,2015-03-10,191.5
648,2015-03-11,191.5
649,2015-03-12,191.5
650,2015-03-13,191.5
651,2015-03-14,191.5
652,2015-03-15,191.5
653,2015-03-16,191.5
654,2015-03-17,191.5
655,2015-03-18,191.5
656,2015-03-19,191.5
657,2015-03-20,191.5
658,2015-03-21,191.5
659,2015-03-22,191.5
660,2015-03-23,191.5
661,2015-03-24,191.5
662,2015-03-25,191.5
663,2015-03-26,191.5
664,2015-03-27,191.5
665,2015-03-28,191.5
666,2015-03-29,191.5
667,2015-03-30,191.5
668,2015-03-31,191.5
669,2015-04-01,190.9
670,2015-04-02,190.9
671,2015-04-03,190.9
672,2015-04-04,190.9
673,2015-04-05,190.9
674,2015-04-06,190.9
675,2015-04-07,190.9
676,2015-04-08,190.9
677,2015-04-09,190.9
678,2015-04-10,190.9
679,2015-04-11,190.9
680,2015-04-12,190.9
681,2015-04-13,190.9
682,2015-04-14,190.9
683,2015-04-15,190.9
684,2015-04-16,190.9
685,2015-04-17,190.9
686,2015-04-18,190.9
687,2015-04-19,190.9
688,2015-04-20,190.9
689,2015-04-21,190.9
690,2015-04-22,190.9
691,2015-04-23,190.9
692,2015-04-24,190.9
693,2015-04-25,190.9
694,2015-04-26,190.9
695,2015-04-27,190.9
696,2015-04-28,190.9
697,2015-04-29,190.9
698,2015-04-30,190.9
699,2015-05-01,193.4
700,2015-05-02,193.4
701,2015-05-03,193.4
702,2015-05-04,193.4
703,2015-05-05,193.4
704,2015-05-06,193.4
705,2015-05-07,193.4
706,2015-05-08,193.4
707,2015-05-09,193.4
708,2015-05-10,193.4
709,2015-05-11,193.4
710,2015-05-12,193.4
711,2015-05-13,193.4
712,2015-05-14,193.4
713,2015-05-15,193.4
714,2015-05-16,193.4
715,2015-05-17,193.4
716,2015-05-18,193.4
717,2015-05-19,193.4
718,2015-05-20,193.4
719,2015-05-21,193.4
720,2015-05-22,193.4
721,2015-05-23,193.4
722,2015-05-24,193.4
723,2015-05-25,193.4
724,2015-05-26,193.4
725,2015-05-27,193.4
726,2015-05-28,193.4
727,2015-05-29,193.4
728,2015-05-30,193.4
729,2015-05-31,193.4
730,2015-06-01,194.8
731,2015-06-02,194.8
732,2015-06-03,194.8
733,2015-06-04,194.8
734,2015-06-05,194.8
735,2015-06-06,194.8
736,2015-06-07,194.8
737,2015-06-08,194.8
738,2015-06-09,194.8
739,2015-06-10,194.8
740,2015-06-11,194.8
741,2015-06-12,194.8
742,2015-06-13,194.8
743,2015-06-14,194.8
744,2015-06-15,194.8
745,2015-06-16,194.8
746,2015-06-17,194.8
747,2015-06-18,194.8
748,2015-06-19,194.8
749,2015-06-20,194.8
750,2015-06-21,194.8
751,2015-06-22,194.8
752,2015-06-23,194.8
753,2015-06-24,194.8
754,2015-06-25,194.8
755,2015-06-26,194.8
756,2015-06-27,194.8
757,2015-06-28,194.8
758,2015-06-29,194.8
759,2015-06-30,194.8
760,2015-07-01,193.9
761,2015-07-02,193.9
762,2015-07-03,193.9
763,2015-07-04,193.9
764,2015-07-05,193.9
765,2015-07-06,193.9
766,2015-07-07,193.9
767,2015-07-08,193.9
768,2015-07-09,193.9
769,2015-07-10,193.9
770,2015-07-11,193.9
771,2015-07-12,193.9
772,2015-07-13,193.9
773,2015-07-14,193.9
774,2015-07-15,193.9
775,2015-07-16,193.9
776,2015-07-17,193.9
777,2015-07-18,193.9
778,2015-07-19,193.9
779,2015-07-20,193.9
780,2015-07-21,193.9
781,2015-07-22,193.9
782,2015-07-23,193.9
783,2015-07-24,193.9
784,2015-07-25,193.9
785,2015-07-26,193.9
786,2015-07-27,193.9
787,2015-07-28,193.9
788,2015-07-29,193.9
789,2015-07-30,193.9
790,2015-07-31,193.9
791,2015-08-01,191.9
792,2015-08-02,191.9
793,2015-08-03,191.9
794,2015-08-04,191.9
795,2015-08-05,191.9
796,2015-08-06,191.9
797,2015-08-07,191.9
798,2015-08-08,191.9
799,2015-08-09,191.9
800,2015-08-10,191.9
801,2015-08-11,191.9
802,2015-08-12,191.9
803,2015-08-13,191.9
804,2015-08-14,191.9
805,2015-08-15,191.9
806,2015-08-16,191.9
807,2015-08-17,191.9
808,2015-08-18,191.9
809,2015-08-19,191.9
810,2015-08-20,191.9
811,2015-08-21,191.9
812,2015-08-22,191.9
813,2015-08-23,191.9
814,2015-08-24,191.9
815,2015-08-25,191.9
816,2015-08-26,191.9
817,2015-08-27,191.9
818,2015-08-28,191.9
819,2015-08-29,191.9
820,2015-08-30,191.9
821,2015-08-31,191.9
822,2015-09-01,189.1
823,2015-09-02,189.1
824,2015-09-03,189.1
825,2015-09-04,189.1
826,2015-09-05,189.1
827,2015-09-06,189.1
828,2015-09-07,189.1
829,2015-09-08,189.1
830,2015-09-09,189.1
831,2015-09-10,189.1
832,2015-09-11,189.1
833,2015-09-12,189.1
834,2015-09-13,189.1
835,2015-09-14,189.1
836,2015-09-15,189.1
837,2015-09-16,189.1
838,2015-09-17,189.1
839,2015-09-18,189.1
840,2015-09-19,189.1
841,2015-09-20,189.1
842,2015-09-21,189.1
843,2015-09-22,189.1
844,2015-09-23,189.1
845,2015-09-24,189.1
846,2015-09-25,189.1
847,2015-09-26,189.1
848,2015-09-27,189.1
849,2015-09-28,189.1
850,2015-09-29,189.1
851,2015-09-30,189.1
852,2015-10-01,187.5
853,2015-10-02,187.5
854,2015-10-03,187.5
855,2015-10-04,187.5
856,2015-10-05,187.5
857,2015-10-06,187.5
858,2015-10-07,187.5
859,2015-10-08,187.5
860,2015-10-09,187.5
861,2015-10-10,187.5
862,2015-10-11,187.5
863,2015-10-12,187.5
864,2015-10-13,187.5
865,2015-10-14,187.5
866,2015-10-15,187.5
867,2015-10-16,187.5
868,2015-10-17,187.5
869,2015-10-18,187.5
870,2015-10-19,187.5
871,2015-10-20,187.5
872,2015-10-21,187.5
873,2015-10-22,187.5
874,2015-10-23,187.5
875,2015-10-24,187.5
876,2015-10-25,187.5
877,2015-10-26,187.5
878,2015-10-27,187.5
879,2015-10-28,187.5
880,2015-10-29,187.5
881,2015-10-30,187.5
882,2015-10-31,187.5
883,2015-11-01,185.7
884,2015-11-02,185.7
885,2015-11-03,185.7
886,2015-11-04,185.7
887,2015-11-05,185.7
888,2015-11-06,185.7
889,2015-11-07,185.7
890,2015-11-08,185.7
891,2015-11-09,185.7
892,2015-11-10,185.7
893,2015-11-11,185.7
894,2015-11-12,185.7
895,2015-11-13,185.7
896,2015-11-14,185.7
897,2015-11-15,185.7
898,2015-11-16,185.7
899,2015-11-17,185.7
900,2015-11-18,185.7
901,2015-11-19,185.7
902,2015-11-20,185.7
903,2015-11-21,185.7
904,2015-11-22,185.7
905,2015-11-23,185.7
906,2015-11-24,185.7
907,2015-11-25,185.7
908,2015-11-26,185.7
909,2015-11-27,185.7
910,2015-11-28,185.7
911,2015-11-29,185.7
912,2015-11-30,185.7
913,2015-12-01,183.5
914,2015-12-02,183.5
915,2015-12-03,183.5
916,2015-12-04,183.5
917,2015-12-05,183.5
918,2015-12-06,183.5
919,2015-12-07,183.5
920,2015-12-08,183.5
921,2015-12-09,183.5
922,2015-12-10,183.5
923,2015-12-11,183.5
924,2015-12-12,183.5
925,2015-12-13,183.5
926,2015-12-14,183.5
927,2015-12-15,183.5
928,2015-12-16,183.5
929,2015-12-17,183.5
930,2015-12-18,183.5
931,2015-12-19,183.5
932,2015-12-20,183.5
933,2015-12-21,183.5
934,2015-12-22,183.5
935,2015-12-23,183.5
936,2015-12-24,183.5
937,2015-12-25,183.5
938,2015-12-26,183.5
939,2015-12-27,183.5
940,2015-12-28,183.5
941,2015-12-29,183.5
942,2015-12-30,183.5
943,2015-12-31,183.5
944,2016-01-01,182.6
945,2016-01-02,182.6
946,2016-01-03,182.6
947,2016-01-04,182.6
948,2016-01-05,182.6
949,2016-01-06,182.6
950,2016-01-07,182.6
951,2016-01-08,182.6
952,2016-01-09,182.6
953,2016-01-10,182.6
954,2016-01-11,182.6
955,2016-01-12,182.6
956,2016-01-13,182.6
957,2016-01-14,182.6
958,2016-01-15,182.6
959,2016-01-16,182.6
960,2016-01-17,182.6
961,2016-01-18,182.6
962,2016-01-19,182.6
963,2016-01-20,182.6
964,2016-01-21,182.6
965,2016-01-22,182.6
966,2016-01-23,182.6
967,2016-01-24,182.6
968,2016-01-25,182.6
969,2016-01-26,182.6
970,2016-01-27,182.6
971,2016-01-28,182.6
972,2016-01-29,182.6
973,2016-01-30,182.6
974,2016-01-31,182.6
975,2016-02-01,181.3
976,2016-02-02,181.3
977,2016-02-03,181.3
978,2016-02-04,181.3
979,2016-02-05,181.3
980,2016-02-06,181.3
981,2016-02-07,181.3
982,2016-02-08,181.3
983,2016-02-09,181.3
984,2016-02-10,181.3
985,2016-02-11,181.3
986,2016-02-12,181.3
987,2016-02-13,181.3
988,2016-02-14,181.3
989,2016-02-15,181.3
990,2016-02-16,181.3
991,2016-02-17,181.3
992,2016-02-18,181.3
993,2016-02-19,181.3
994,2016-02-20,181.3
995,2016-02-21,181.3
996,2016-02-22,181.3
997,2016-02-23,181.3
998,2016-02-24,181.3
999,2016-02-25,181.3
1000,2016-02-26,181.3
1001,2016-02-27,181.3
1002,2016-02-28,181.3
1003,2016-02-29,181.3
1004,2016-03-01,182.1
1005,2016-03-02,182.1
1006,2016-03-03,182.1
1007,2016-03-04,182.1
1008,2016-03-05,182.1
1009,2016-03-06,182.1
1010,2016-03-07,182.1
1011,2016-03-08,182.1
1012,2016-03-09,182.1
1013,2016-03-10,182.1
1014,2016-03-11,182.1
1015,2016-03-12,182.1
1016,2016-03-13,182.1
1017,2016-03-14,182.1
1018,2016-03-15,182.1
1019,2016-03-16,182.1
1020,2016-03-17,182.1
1021,2016-03-18,182.1
1022,2016-03-19,182.1
1023,2016-03-20,182.1
1024,2016-03-21,182.1
1025,2016-03-22,182.1
1026,2016-03-23,182.1
1027,2016-03-24,182.1
1028,2016-03-25,182.1
1029,2016-03-26,182.1
1030,2016-03-27,182.1
1031,2016-03-28,182.1
1032,2016-03-29,182.1
1033,2016-03-30,182.1
1034,2016-03-31,182.1
1035,2016-04-01,183.2
1036,2016-04-02,183.2
1037,2016-04-03,183.2
1038,2016-04-04,183.2
1039,2016-04-05,183.2
1040,2016-04-06,183.2
1041,2016-04-07,183.2
1042,2016-04-08,183.2
1043,2016-04-09,183.2
1044,2016-04-10,183.2
1045,2016-04-11,183.2
1046,2016-04-12,183.2
1047,2016-04-13,183.2
1048,2016-04-14,183.2
1049,2016-04-15,183.2
1050,2016-04-16,183.2
1051,2016-04-17,183.2
1052,2016-04-18,183.2
1053,2016-04-19,183.2
1054,2016-04-20,183.2
1055,2016-04-21,183.2
1056,2016-04-22,183.2
1057,2016-04-23,183.2
1058,2016-04-24,183.2
1059,2016-04-25,183.2
1060,2016-04-26,183.2
1061,2016-04-27,183.2
1062,2016-04-28,183.2
1063,2016-04-29,183.2
1064,2016-04-30,183.2
1065,2016-05-01,185.3
1066,2016-05-02,185.3
1067,2016-05-03,185.3
1068,2016-05-04,185.3
1069,2016-05-05,185.3
1070,2016-05-06,185.3
1071,2016-05-07,185.3
1072,2016-05-08,185.3
1073,2016-05-09,185.3
1074,2016-05-10,185.3
1075,2016-05-11,185.3
1076,2016-05-12,185.3
1077,2016-05-13,185.3
1078,2016-05-14,185.3
1079,2016-05-15,185.3
1080,2016-05-16,185.3
1081,2016-05-17,185.3
1082,2016-05-18,185.3
1083,2016-05-19,185.3
1084,2016-05-20,185.3
1085,2016-05-21,185.3
1086,2016-05-22,185.3
1087,2016-05-23,185.3
1088,2016-05-24,185.3
1089,2016-05-25,185.3
1090,2016-05-26,185.3
1091,2016-05-27,185.3
1092,2016-05-28,185.3
1093,2016-05-29,185.3
1094,2016-05-30,185.3
1095,2016-05-31,185.3
1096,2016-06-01,187.6
1097,2016-06-02,187.6
1098,2016-06-03,187.6
1099,2016-06-04,187.6
1100,2016-06-05,187.6
1101,2016-06-06,187.6
1102,2016-06-07,187.6
1103,2016-06-08,187.6
1104,2016-06-09,187.6
1105,2016-06-10,187.6
1106,2016-06-11,187.6
1107,2016-06-12,187.6
1108,2016-06-13,187.6
1109,2016-06-14,187.6
1110,2016-06-15,187.6
1111,2016-06-16,187.6
1112,2016-06-17,187.6
1113,2016-06-18,187.6
1114,2016-06-19,187.6
1115,2016-06-20,187.6
1116,2016-06-21,187.6
1117,2016-06-22,187.6
1118,2016-06-23,187.6
1119,2016-06-24,187.6
1120,2016-06-25,187.6
1121,2016-06-26,187.6
1122,2016-06-27,187.6
1123,2016-06-28,187.6
1124,2016-06-29,187.6
1125,2016-06-30,187.6
1126,2016-07-01,187.7
1127,2016-07-02,187.7
1128,2016-07-03,187.7
1129,2016-07-04,187.7
1130,2016-07-05,187.7
1131,2016-07-06,187.7
1132,2016-07-07,187.7
1133,2016-07-08,187.7
1134,2016-07-09,187.7
1135,2016-07-10,187.7
1136,2016-07-11,187.7
1137,2016-07-12,187.7
1138,2016-07-13,187.7
1139,2016-07-14,187.7
1140,2016-07-15,187.7
1141,2016-07-16,187.7
1142,2016-07-17,187.7
1143,2016-07-18,187.7
1144,2016-07-19,187.7
1145,2016-07-20,187.7
1146,2016-07-21,187.7
1147,2016-07-22,187.7
1148,2016-07-23,187.7
1149,2016-07-24,187.7
1150,2016-07-25,187.7
1151,2016-07-26,187.7
1152,2016-07-27,187.7
1153,2016-07-28,187.7
1154,2016-07-29,187.7
1155,2016-07-30,187.7
1156,2016-07-31,187.7
1157,2016-08-01,186.6
1158,2016-08-02,186.6
1159,2016-08-03,186.6
1160,2016-08-04,186.6
1161,2016-08-05,186.6
1162,2016-08-06,186.6
1163,2016-08-07,186.6
1164,2016-08-08,186.6
1165,2016-08-09,186.6
1166,2016-08-10,186.6
1167,2016-08-11,186.6
1168,2016-08-12,186.6
1169,2016-08-13,186.6
1170,2016-08-14,186.6
1171,2016-08-15,186.6
1172,2016-08-16,186.6
1173,2016-08-17,186.6
1174,2016-08-18,186.6
1175,2016-08-19,186.6
1176,2016-08-20,186.6
1177,2016-08-21,186.6
1178,2016-08-22,186.6
1179,2016-08-23,186.6
1180,2016-08-24,186.6
1181,2016-08-25,186.6
1182,2016-08-26,186.6
1183,2016-08-27,186.6
1184,2016-08-28,186.6
1185,2016-08-29,186.6
1186,2016-08-30,186.6
1187,2016-08-31,186.6
1188,2016-09-01,186.9
1189,2016-09-02,186.9
1190,2016-09-03,186.9
1191,2016-09-04,186.9
1192,2016-09-05,186.9
1193,2016-09-06,186.9
1194,2016-09-07,186.9
1195,2016-09-08,186.9
1196,2016-09-09,186.9
1197,2016-09-10,186.9
1198,2016-09-11,186.9
1199,2016-09-12,186.9
1200,2016-09-13,186.9
1201,2016-09-14,186.9
1202,2016-09-15,186.9
1203,2016-09-16,186.9
1204,2016-09-17,186.9
1205,2016-09-18,186.9
1206,2016-09-19,186.9
1207,2016-09-20,186.9
1208,2016-09-21,186.9
1209,2016-09-22,186.9
1210,2016-09-23,186.9
1211,2016-09-24,186.9
1212,2016-09-25,186.9
1213,2016-09-26,186.9
1214,2016-09-27,186.9
1215,2016-09-28,186.9
1216,2016-09-29,186.9
1217,2016-09-30,186.9
1218,2016-10-01,186.7
1219,2016-10-02,186.7
1220,2016-10-03,186.7
1221,2016-10-04,186.7
1222,2016-10-05,186.7
1223,2016-10-06,186.7
1224,2016-10-07,186.7
1225,2016-10-08,186.7
1226,2016-10-09,186.7
1227,2016-10-10,186.7
1228,2016-10-11,186.7
1229,2016-10-12,186.7
1230,2016-10-13,186.7
1231,2016-10-14,186.7
1232,2016-10-15,186.7
1233,2016-10-16,186.7
1234,2016-10-17,186.7
1235,2016-10-18,186.7
1236,2016-10-19,186.7
1237,2016-10-20,186.7
1238,2016-10-21,186.7
1239,2016-10-22,186.7
1240,2016-10-23,186.7
1241,2016-10-24,186.7
1242,2016-10-25,186.7
1243,2016-10-26,186.7
1244,2016-10-27,186.7
1245,2016-10-28,186.7
1246,2016-10-29,186.7
1247,2016-10-30,186.7
1248,2016-10-31,186.7
1249,2016-11-01,186.3
1250,2016-11-02,186.3
1251,2016-11-03,186.3
1252,2016-11-04,186.3
1253,2016-11-05,186.3
1254,2016-11-06,186.3
1255,2016-11-07,186.3
1256,2016-11-08,186.3
1257,2016-11-09,186.3
1258,2016-11-10,186.3
1259,2016-11-11,186.3
1260,2016-11-12,186.3
1261,2016-11-13,186.3
1262,2016-11-14,186.3
1263,2016-11-15,186.3
1264,2016-11-16,186.3
1265,2016-11-17,186.3
1266,2016-11-18,186.3
1267,2016-11-19,186.3
1268,2016-11-20,186.3
1269,2016-11-21,186.3
1270,2016-11-22,186.3
1271,2016-11-23,186.3
1272,2016-11-24,186.3
1273,2016-11-25,186.3
1274,2016-11-26,186.3
1275,2016-11-27,186.3
1276,2016-11-28,186.3
1277,2016-11-29,186.3
1278,2016-11-30,186.3
1279,2016-12-01,188.2
1280,2016-12-02,188.2
1281,2016-12-03,188.2
1282,2016-12-04,188.2
1283,2016-12-05,188.2
1284,2016-12-06,188.2
1285,2016-12-07,188.2
1286,2016-12-08,188.2
1287,2016-12-09,188.2
1288,2016-12-10,188.2
1289,2016-12-11,188.2
1290,2016-12-12,188.2
1291,2016-12-13,188.2
1292,2016-12-14,188.2
1293,2016-12-15,188.2
1294,2016-12-16,188.2
1295,2016-12-17,188.2
1296,2016-12-18,188.2
1297,2016-12-19,188.2
1298,2016-12-20,188.2
1299,2016-12-21,188.2
1300,2016-12-22,188.2
1301,2016-12-23,188.2
1302,2016-12-24,188.2
1303,2016-12-25,188.2
1304,2016-12-26,188.2
1305,2016-12-27,188.2
1306,2016-12-28,188.2
1307,2016-12-29,188.2
1308,2016-12-30,188.2
1309,2016-12-31,188.2
1310,2017-01-01,190.7
1311,2017-01-02,190.7
1312,2017-01-03,190.7
1313,2017-01-04,190.7
1314,2017-01-05,190.7
1315,2017-01-06,190.7
1316,2017-01-07,190.7
1317,2017-01-08,190.7
1318,2017-01-09,190.7
1319,2017-01-10,190.7
1320,2017-01-11,190.7
1321,2017-01-12,190.7
1322,2017-01-13,190.7
1323,2017-01-14,190.7
1324,2017-01-15,190.7
1325,2017-01-16,190.7
1326,2017-01-17,190.7
1327,2017-01-18,190.7
1328,2017-01-19,190.7
1329,2017-01-20,190.7
1330,2017-01-21,190.7
1331,2017-01-22,190.7
1332,2017-01-23,190.7
1333,2017-01-24,190.7
1334,2017-01-25,190.7
1335,2017-01-26,190.7
1336,2017-01-27,190.7
1337,2017-01-28,190.7
1338,2017-01-29,190.7
1339,2017-01-30,190.7
1340,2017-01-31,190.7
1341,2017-02-01,191.6
1342,2017-02-02,191.6
1343,2017-02-03,191.6
1344,2017-02-04,191.6
1345,2017-02-05,191.6
1346,2017-02-06,191.6
1347,2017-02-07,191.6
1348,2017-02-08,191.6
1349,2017-02-09,191.6
1350,2017-02-10,191.6
1351,2017-02-11,191.6
1352,2017-02-12,191.6
1353,2017-02-13,191.6
1354,2017-02-14,191.6
1355,2017-02-15,191.6
1356,2017-02-16,191.6
1357,2017-02-17,191.6
1358,2017-02-18,191.6
1359,2017-02-19,191.6
1360,2017-02-20,191.6
1361,2017-02-21,191.6
1362,2017-02-22,191.6
1363,2017-02-23,191.6
1364,2017-02-24,191.6
1365,2017-02-25,191.6
1366,2017-02-26,191.6
1367,2017-02-27,191.6
1368,2017-02-28,191.6
1369,2017-03-01,191.5
1370,2017-03-02,191.5
1371,2017-03-03,191.5
1372,2017-03-04,191.5
1373,2017-03-05,191.5
1374,2017-03-06,191.5
1375,2017-03-07,191.5
1376,2017-03-08,191.5
1377,2017-03-09,191.5
1378,2017-03-10,191.5
1379,2017-03-11,191.5
1380,2017-03-12,191.5
1381,2017-03-13,191.5
1382,2017-03-14,191.5
1383,2017-03-15,191.5
1384,2017-03-16,191.5
1385,2017-03-17,191.5
1386,2017-03-18,191.5
1387,2017-03-19,191.5
1388,2017-03-20,191.5
1389,2017-03-21,191.5
1390,2017-03-22,191.5
1391,2017-03-23,191.5
1392,2017-03-24,191.5
1393,2017-03-25,191.5
1394,2017-03-26,191.5
1395,2017-03-27,191.5
1396,2017-03-28,191.5
1397,2017-03-29,191.5
1398,2017-03-30,191.5
1399,2017-03-31,191.5
1400,2017-04-01,193.0
1401,2017-04-02,193.0
1402,2017-04-03,193.0
1403,2017-04-04,193.0
1404,2017-04-05,193.0
1405,2017-04-06,193.0
1406,2017-04-07,193.0
1407,2017-04-08,193.0
1408,2017-04-09,193.0
1409,2017-04-10,193.0
1410,2017-04-11,193.0
1411,2017-04-12,193.0
1412,2017-04-13,193.0
1413,2017-04-14,193.0
1414,2017-04-15,193.0
1415,2017-04-16,193.0
1416,2017-04-17,193.0
1417,2017-04-18,193.0
1418,2017-04-19,193.0
1419,2017-04-20,193.0
1420,2017-04-21,193.0
1421,2017-04-22,193.0
1422,2017-04-23,193.0
1423,2017-04-24,193.0
1424,2017-04-25,193.0
1425,2017-04-26,193.0
1426,2017-04-27,193.0
1427,2017-04-28,193.0
1428,2017-04-29,193.0
1429,2017-04-30,193.0
1430,2017-05-01,192.8
1431,2017-05-02,192.8
1432,2017-05-03,192.8
1433,2017-05-04,192.8
1434,2017-05-05,192.8
1435,2017-05-06,192.8
1436,2017-05-07,192.8
1437,2017-05-08,192.8
1438,2017-05-09,192.8
1439,2017-05-10,192.8
1440,2017-05-11,192.8
1441,2017-05-12,192.8
1442,2017-05-13,192.8
1443,2017-05-14,192.8
1444,2017-05-15,192.8
1445,2017-05-16,192.8
1446,2017-05-17,192.8
1447,2017-05-18,192.8
1448,2017-05-19,192.8
1449,2017-05-20,192.8
1450,2017-05-21,192.8
1451,2017-05-22,192.8
1452,2017-05-23,192.8
1453,2017-05-24,192.8
1454,2017-05-25,192.8
1455,2017-05-26,192.8
1456,2017-05-27,192.8
1457,2017-05-28,192.8
1458,2017-05-29,192.8
1459,2017-05-30,192.8
1460,2017-05-31,192.8
1461,2017-06-01,193.6
1462,2017-06-02,193.6
1463,2017-06-03,193.6
1464,2017-06-04,193.6
1465,2017-06-05,193.6
1466,2017-06-06,193.6
1467,2017-06-07,193.6
1468,2017-06-08,193.6
1469,2017-06-09,193.6
1470,2017-06-10,193.6
1471,2017-06-11,193.6
1472,2017-06-12,193.6
1473,2017-06-13,193.6
1474,2017-06-14,193.6
1475,2017-06-15,193.6
1476,2017-06-16,193.6
1477,2017-06-17,193.6
1478,2017-06-18,193.6
1479,2017-06-19,193.6
1480,2017-06-20,193.6
1481,2017-06-21,193.6
1482,2017-06-22,193.6
1483,2017-06-23,193.6
1484,2017-06-24,193.6
1485,2017-06-25,193.6
1486,2017-06-26,193.6
1487,2017-06-27,193.6
1488,2017-06-28,193.6
1489,2017-06-29,193.6
1490,2017-06-30,193.6
1491,2017-07-01,193.5
1492,2017-07-02,193.5
1493,2017-07-03,193.5
1494,2017-07-04,193.5
1495,2017-07-05,193.5
1496,2017-07-06,193.5
1497,2017-07-07,193.5
1498,2017-07-08,193.5
1499,2017-07-09,193.5
1500,2017-07-10,193.5
1501,2017-07-11,193.5
1502,2017-07-12,193.5
1503,2017-07-13,193.5
1504,2017-07-14,193.5
1505,2017-07-15,193.5
1506,2017-07-16,193.5
1507,2017-07-17,193.5
1508,2017-07-18,193.5
1509,2017-07-19,193.5
1510,2017-07-20,193.5
1511,2017-07-21,193.5
1512,2017-07-22,193.5
1513,2017-07-23,193.5
1514,2017-07-24,193.5
1515,2017-07-25,193.5
1516,2017-07-26,193.5
1517,2017-07-27,193.5
1518,2017-07-28,193.5
1519,2017-07-29,193.5
1520,2017-07-30,193.5
1521,2017-07-31,193.5
1522,2017-08-01,193.8
1523,2017-08-02,193.8
1524,2017-08-03,193.8
1525,2017-08-04,193.8
1526,2017-08-05,193.8
1527,2017-08-06,193.8
1528,2017-08-07,193.8
1529,2017-08-08,193.8
1530,2017-08-09,193.8
1531,2017-08-10,193.8
1532,2017-08-11,193.8
1533,2017-08-12,193.8
1534,2017-08-13,193.8
1535,2017-08-14,193.8
1536,2017-08-15,193.8
1537,2017-08-16,193.8
1538,2017-08-17,193.8
1539,2017-08-18,193.8
1540,2017-08-19,193.8
1541,2017-08-20,193.8
1542,2017-08-21,193.8
1543,2017-08-22,193.8
1544,2017-08-23,193.8
1545,2017-08-24,193.8
1546,2017-08-25,193.8
1547,2017-08-26,193.8
1548,2017-08-27,193.8
1549,2017-08-28,193.8
1550,2017-08-29,193.8
1551,2017-08-30,193.8
1552,2017-08-31,193.8
1553,2017-09-01,194.8
1554,2017-09-02,194.8
1555,2017-09-03,194.8
1556,2017-09-04,194.8
1557,2017-09-05,194.8
1558,2017-09-06,194.8
1559,2017-09-07,194.8
1560,2017-09-08,194.8
1561,2017-09-09,194.8
1562,2017-09-10,194.8
1563,2017-09-11,194.8
1564,2017-09-12,194.8
1565,2017-09-13,194.8
1566,2017-09-14,194.8
1567,2017-09-15,194.8
1568,2017-09-16,194.8
1569,2017-09-17,194.8
1570,2017-09-18,194.8
1571,2017-09-19,194.8
1572,2017-09-20,194.8
1573,2017-09-21,194.8
1574,2017-09-22,194.8
1575,2017-09-23,194.8
1576,2017-09-24,194.8
1577,2017-09-25,194.8
1578,2017-09-26,194.8
1579,2017-09-27,194.8
1580,2017-09-28,194.8
1581,2017-09-29,194.8
1582,2017-09-30,194.8
1583,2017-10-01,194.9
1584,2017-10-02,194.9
1585,2017-10-03,194.9
1586,2017-10-04,194.9
1587,2017-10-05,194.9
1588,2017-10-06,194.9
1589,2017-10-07,194.9
1590,2017-10-08,194.9
1591,2017-10-09,194.9
1592,2017-10-10,194.9
1593,2017-10-11,194.9
1594,2017-10-12,194.9
1595,2017-10-13,194.9
1596,2017-10-14,194.9
1597,2017-10-15,194.9
1598,2017-10-16,194.9
1599,2017-10-17,194.9
1600,2017-10-18,194.9
1601,2017-10-19,194.9
1602,2017-10-20,194.9
1603,2017-10-21,194.9
1604,2017-10-22,194.9
1605,2017-10-23,194.9
1606,2017-10-24,194.9
1607,2017-10-25,194.9
1608,2017-10-26,194.9
1609,2017-10-27,194.9
1610,2017-10-28,194.9
1611,2017-10-29,194.9
1612,2017-10-30,194.9
1613,2017-10-31,194.9
1614,2017-11-01,195.9
1615,2017-11-02,195.9
1616,2017-11-03,195.9
1617,2017-11-04,195.9
1618,2017-11-05,195.9
1619,2017-11-06,195.9
1620,2017-11-07,195.9
1621,2017-11-08,195.9
1622,2017-11-09,195.9
1623,2017-11-10,195.9
1624,2017-11-11,195.9
1625,2017-11-12,195.9
1626,2017-11-13,195.9
1627,2017-11-14,195.9
1628,2017-11-15,195.9
1629,2017-11-16,195.9
1630,2017-11-17,195.9
1631,2017-11-18,195.9
1632,2017-11-19,195.9
1633,2017-11-20,195.9
1634,2017-11-21,195.9
1635,2017-11-22,195.9
1636,2017-11-23,195.9
1637,2017-11-24,195.9
1638,2017-11-25,195.9
1639,2017-11-26,195.9
1640,2017-11-27,195.9
1641,2017-11-28,195.9
1642,2017-11-29,195.9
1643,2017-11-30,195.9
1644,2017-12-01,196.3
1645,2017-12-02,196.3
1646,2017-12-03,196.3
1647,2017-12-04,196.3
1648,2017-12-05,196.3
1649,2017-12-06,196.3
1650,2017-12-07,196.3
1651,2017-12-08,196.3
1652,2017-12-09,196.3
1653,2017-12-10,196.3
1654,2017-12-11,196.3
1655,2017-12-12,196.3
1656,2017-12-13,196.3
1657,2017-12-14,196.3
1658,2017-12-15,196.3
1659,2017-12-16,196.3
1660,2017-12-17,196.3
1661,2017-12-18,196.3
1662,2017-12-19,196.3
1663,2017-12-20,196.3
1664,2017-12-21,196.3
1665,2017-12-22,196.3
1666,2017-12-23,196.3
1667,2017-12-24,196.3
1668,2017-12-25,196.3
1669,2017-12-26,196.3
1670,2017-12-27,196.3
1671,2017-12-28,196.3
1672,2017-12-29,196.3
1673,2017-12-30,196.3
1674,2017-12-31,196.3
1675,2018-01-01,197.9
1676,2018-01-02,197.9
1677,2018-01-03,197.9
1678,2018-01-04,197.9
1679,2018-01-05,197.9
1680,2018-01-06,197.9
1681,2018-01-07,197.9
1682,2018-01-08,197.9
1683,2018-01-09,197.9
1684,2018-01-10,197.9
1685,2018-01-11,197.9
1686,2018-01-12,197.9
1687,2018-01-13,197.9
1688,2018-01-14,197.9
1689,2018-01-15,197.9
1690,2018-01-16,197.9
1691,2018-01-17,197.9
1692,2018-01-18,197.9
1693,2018-01-19,197.9
1694,2018-01-20,197.9
1695,2018-01-21,197.9
1696,2018-01-22,197.9
1697,2018-01-23,197.9
1698,2018-01-24,197.9
1699,2018-01-25,197.9
1700,2018-01-26,197.9
1701,2018-01-27,197.9
1702,2018-01-28,197.9
1703,2018-01-29,197.9
1704,2018-01-30,197.9
1705,2018-01-31,197.9
1706,2018-02-01,199.3
1707,2018-02-02,199.3
1708,2018-02-03,199.3
1709,2018-02-04,199.3
1710,2018-02-05,199.3
1711,2018-02-06,199.3
1712,2018-02-07,199.3
1713,2018-02-08,199.3
1714,2018-02-09,199.3
1715,2018-02-10,199.3
1716,2018-02-11,199.3
1717,2018-02-12,199.3
1718,2018-02-13,199.3
1719,2018-02-14,199.3
1720,2018-02-15,199.3
1721,2018-02-16,199.3
1722,2018-02-17,199.3
1723,2018-02-18,199.3
1724,2018-02-19,199.3
1725,2018-02-20,199.3
1726,2018-02-21,199.3
1727,2018-02-22,199.3
1728,2018-02-23,199.3
1729,2018-02-24,199.3
1730,2018-02-25,199.3
1731,2018-02-26,199.3
1732,2018-02-27,199.3
1733,2018-02-28,199.3
1734,2018-03-01,199.3
1735,2018-03-02,199.3
1736,2018-03-03,199.3
1737,2018-03-04,199.3
1738,2018-03-05,199.3
1739,2018-03-06,199.3
1740,2018-03-07,199.3
1741,2018-03-08,199.3
1742,2018-03-09,199.3
1743,2018-03-10,199.3
1744,2018-03-11,199.3
1745,2018-03-12,199.3
1746,2018-03-13,199.3
1747,2018-03-14,199.3
1748,2018-03-15,199.3
1749,2018-03-16,199.3
1750,2018-03-17,199.3
1751,2018-03-18,199.3
1752,2018-03-19,199.3
1753,2018-03-20,199.3
1754,2018-03-21,199.3
1755,2018-03-22,199.3
1756,2018-03-23,199.3
1757,2018-03-24,199.3
1758,2018-03-25,199.3
1759,2018-03-26,199.3
1760,2018-03-27,199.3
1761,2018-03-28,199.3
1762,2018-03-29,199.3
1763,2018-03-30,199.3
1764,2018-03-31,199.3
1765,2018-04-01,200.3
1766,2018-04-02,200.3
1767,2018-04-03,200.3
1768,2018-04-04,200.3
1769,2018-04-05,200.3
1770,2018-04-06,200.3
1771,2018-04-07,200.3
1772,2018-04-08,200.3
1773,2018-04-09,200.3
1774,2018-04-10,200.3
1775,2018-04-11,200.3
1776,2018-04-12,200.3
1777,2018-04-13,200.3
1778,2018-04-14,200.3
1779,2018-04-15,200.3
1780,2018-04-16,200.3
1781,2018-04-17,200.3
1782,2018-04-18,200.3
1783,2018-04-19,200.3
1784,2018-04-20,200.3
1785,2018-04-21,200.3
1786,2018-04-22,200.3
1787,2018-04-23,200.3
1788,2018-04-24,200.3
1789,2018-04-25,200.3
1790,2018-04-26,200.3
1791,2018-04-27,200.3
1792,2018-04-28,200.3
1793,2018-04-29,200.3
1794,2018-04-30,200.3
1795,2018-05-01,203.2
1796,2018-05-02,203.2
1797,2018-05-03,203.2
1798,2018-05-04,203.2
1799,2018-05-05,203.2
1800,2018-05-06,203.2
1801,2018-05-07,203.2
1802,2018-05-08,203.2
1803,2018-05-09,203.2
1804,2018-05-10,203.2
1805,2018-05-11,203.2
1806,2018-05-12,203.2
1807,2018-05-13,203.2
1808,2018-05-14,203.2
1809,2018-05-15,203.2
1810,2018-05-16,203.2
1811,2018-05-17,203.2
1812,2018-05-18,203.2
1813,2018-05-19,203.2
1814,2018-05-20,203.2
1815,2018-05-21,203.2
1816,2018-05-22,203.2
1817,2018-05-23,203.2
1818,2018-05-24,203.2
1819,2018-05-25,203.2
1820,2018-05-26,203.2
1821,2018-05-27,203.2
1822,2018-05-28,203.2
1823,2018-05-29,203.2
1824,2018-05-30,203.2
1825,2018-05-31,203.2
1826,2018-06-01,204.2
1827,2018-06-02,204.2
1828,2018-06-03,204.2
1829,2018-06-04,204.2
1830,2018-06-05,204.2
1831,2018-06-06,204.2
1832,2018-06-07,204.2
1833,2018-06-08,204.2
1834,2018-06-09,204.2
1835,2018-06-10,204.2
1836,2018-06-11,204.2
1837,2018-06-12,204.2
1838,2018-06-13,204.2
1839,2018-06-14,204.2
1840,2018-06-15,204.2
1841,2018-06-16,204.2
1842,2018-06-17,204.2
1843,2018-06-18,204.2
1844,2018-06-19,204.2
1845,2018-06-20,204.2
1846,2018-06-21,204.2
1847,2018-06-22,204.2
1848,2018-06-23,204.2
1849,2018-06-24,204.2
1850,2018-06-25,204.2
1851,2018-06-26,204.2
1852,2018-06-27,204.2
1853,2018-06-28,204.2
1854,2018-06-29,204.2
1855,2018-06-30,204.2
1856,2018-07-01,204.3
1857,2018-07-02,204.3
1858,2018-07-03,204.3
1859,2018-07-04,204.3
1860,2018-07-05,204.3
1861,2018-07-06,204.3
1862,2018-07-07,204.3
1863,2018-07-08,204.3
1864,2018-07-09,204.3
1865,2018-07-10,204.3
1866,2018-07-11,204.3
1867,2018-07-12,204.3
1868,2018-07-13,204.3
1869,2018-07-14,204.3
1870,2018-07-15,204.3
1871,2018-07-16,204.3
1872,2018-07-17,204.3
1873,2018-07-18,204.3
1874,2018-07-19,204.3
1875,2018-07-20,204.3
1876,2018-07-21,204.3
1877,2018-07-22,204.3
1878,2018-07-23,204.3
1879,2018-07-24,204.3
1880,2018-07-25,204.3
1881,2018-07-26,204.3
1882,2018-07-27,204.3
1883,2018-07-28,204.3
1884,2018-07-29,204.3
1885,2018-07-30,204.3
1886,2018-07-31,204.3
1887,2018-08-01,203.4
1888,2018-08-02,203.4
1889,2018-08-03,203.4
1890,2018-08-04,203.4
1891,2018-08-05,203.4
1892,2018-08-06,203.4
1893,2018-08-07,203.4
1894,2018-08-08,203.4
1895,2018-08-09,203.4
1896,2018-08-10,203.4
1897,2018-08-11,203.4
1898,2018-08-12,203.4
1899,2018-08-13,203.4
1900,2018-08-14,203.4
1901,2018-08-15,203.4
1902,2018-08-16,203.4
1903,2018-08-17,203.4
1904,2018-08-18,203.4
1905,2018-08-19,203.4
1906,2018-08-20,203.4
1907,2018-08-21,203.4
1908,2018-08-22,203.4
1909,2018-08-23,203.4
1910,2018-08-24,203.4
1911,2018-08-25,203.4
1912,2018-08-26,203.4
1913,2018-08-27,203.4
1914,2018-08-28,203.4
1915,2018-08-29,203.4
1916,2018-08-30,203.4
1917,2018-08-31,203.4
1918,2018-09-01,203.6
1919,2018-09-02,203.6
1920,2018-09-03,203.6
1921,2018-09-04,203.6
1922,2018-09-05,203.6
1923,2018-09-06,203.6
1924,2018-09-07,203.6
1925,2018-09-08,203.6
1926,2018-09-09,203.6
1927,2018-09-10,203.6
1928,2018-09-11,203.6
1929,2018-09-12,203.6
1930,2018-09-13,203.6
1931,2018-09-14,203.6
1932,2018-09-15,203.6
1933,2018-09-16,203.6
1934,2018-09-17,203.6
1935,2018-09-18,203.6
1936,2018-09-19,203.6
1937,2018-09-20,203.6
1938,2018-09-21,203.6
1939,2018-09-22,203.6
1940,2018-09-23,203.6
1941,2018-09-24,203.6
1942,2018-09-25,203.6
1943,2018-09-26,203.6
1944,2018-09-27,203.6
1945,2018-09-28,203.6
1946,2018-09-29,203.6
1947,2018-09-30,203.6
1948,2018-10-01,204.6
1949,2018-10-02,204.6
1950,2018-10-03,204.6
1951,2018-10-04,204.6
1952,2018-10-05,204.6
1953,2018-10-06,204.6
1954,2018-10-07,204.6
1955,2018-10-08,204.6
1956,2018-10-09,204.6
1957,2018-10-10,204.6
1958,2018-10-11,204.6
1959,2018-10-12,204.6
1960,2018-10-13,204.6
1961,2018-10-14,204.6
1962,2018-10-15,204.6
1963,2018-10-16,204.6
1964,2018-10-17,204.6
1965,2018-10-18,204.6
1966,2018-10-19,204.6
1967,2018-10-20,204.6
1968,2018-10-21,204.6
1969,2018-10-22,204.6
1970,2018-10-23,204.6
1971,2018-10-24,204.6
1972,2018-10-25,204.6
1973,2018-10-26,204.6
1974,2018-10-27,204.6
1975,2018-10-28,204.6
1976,2018-10-29,204.6
1977,2018-10-30,204.6
1978,2018-10-31,204.6
1979,2018-11-01,202.3
1980,2018-11-02,202.3
1981,2018-11-03,202.3
1982,2018-11-04,202.3
1983,2018-11-05,202.3
1984,2018-11-06,202.3
1985,2018-11-07,202.3
1986,2018-11-08,202.3
1987,2018-11-09,202.3
1988,2018-11-10,202.3
1989,2018-11-11,202.3
1990,2018-11-12,202.3
1991,2018-11-13,202.3
1992,2018-11-14,202.3
1993,2018-11-15,202.3
1994,2018-11-16,202.3
1995,2018-11-17,202.3
1996,2018-11-18,202.3
1997,2018-11-19,202.3
1998,2018-11-20,202.3
1999,2018-11-21,202.3
2000,2018-11-22,202.3
2001,2018-11-23,202.3
2002,2018-11-24,202.3
2003,2018-11-25,202.3
2004,2018-11-26,202.3
2005,2018-11-27,202.3
2006,2018-11-28,202.3
2007,2018-11-29,202.3
2008,2018-11-30,202.3
2009,2018-12-01,201.0
2010,2018-12-02,201.0
2011,2018-12-03,201.0
2012,2018-12-04,201.0
2013,2018-12-05,201.0
2014,2018-12-06,201.0
2015,2018-12-07,201.0
2016,2018-12-08,201.0
2017,2018-12-09,201.0
2018,2018-12-10,201.0
2019,2018-12-11,201.0
2020,2018-12-12,201.0
2021,2018-12-13,201.0
2022,2018-12-14,201.0
2023,2018-12-15,201.0
2024,2018-12-16,201.0
2025,2018-12-17,201.0
2026,2018-12-18,201.0
2027,2018-12-19,201.0
2028,2018-12-20,201.0
2029,2018-12-21,201.0
2030,2018-12-22,201.0
2031,2018-12-23,201.0
2032,2018-12-24,201.0
2033,2018-12-25,201.0
2034,2018-12-26,201.0
2035,2018-12-27,201.0
2036,2018-12-28,201.0
2037,2018-12-29,201.0
2038,2018-12-30,201.0
2039,2018-12-31,201.0
2040,2019-01-01,199.1
2041,2019-01-02,199.1
2042,2019-01-03,199.1
2043,2019-01-04,199.1
2044,2019-01-05,199.1
2045,2019-01-06,199.1
2046,2019-01-07,199.1
2047,2019-01-08,199.1
2048,2019-01-09,199.1
2049,2019-01-10,199.1
2050,2019-01-11,199.1
2051,2019-01-12,199.1
2052,2019-01-13,199.1
2053,2019-01-14,199.1
2054,2019-01-15,199.1
2055,2019-01-16,199.1
2056,2019-01-17,199.1
2057,2019-01-18,199.1
2058,2019-01-19,199.1
2059,2019-01-20,199.1
2060,2019-01-21,199.1
2061,2019-01-22,199.1
2062,2019-01-23,199.1
2063,2019-01-24,199.1
2064,2019-01-25,199.1
2065,2019-01-26,199.1
2066,2019-01-27,199.1
2067,2019-01-28,199.1
2068,2019-01-29,199.1
2069,2019-01-30,199.1
2070,2019-01-31,199.1
2071,2019-02-01,199.2
2072,2019-02-02,199.2
2073,2019-02-03,199.2
2074,2019-02-04,199.2
2075,2019-02-05,199.2
2076,2019-02-06,199.2
2077,2019-02-07,199.2
2078,2019-02-08,199.2
2079,2019-02-09,199.2
2080,2019-02-10,199.2
2081,2019-02-11,199.2
2082,2019-02-12,199.2
2083,2019-02-13,199.2
2084,2019-02-14,199.2
2085,2019-02-15,199.2
2086,2019-02-16,199.2
2087,2019-02-17,199.2
2088,2019-02-18,199.2
2089,2019-02-19,199.2
2090,2019-02-20,199.2
2091,2019-02-21,199.2
2092,2019-02-22,199.2
2093,2019-02-23,199.2
2094,2019-02-24,199.2
2095,2019-02-25,199.2
2096,2019-02-26,199.2
2097,2019-02-27,199.2
2098,2019-02-28,199.2
2099,2019-03-01,200.8
2100,2019-03-02,200.8
2101,2019-03-03,200.8
2102,2019-03-04,200.8
2103,2019-03-05,200.8
2104,2019-03-06,200.8
2105,2019-03-07,200.8
2106,2019-03-08,200.8
2107,2019-03-09,200.8
2108,2019-03-10,200.8
2109,2019-03-11,200.8
2110,2019-03-12,200.8
2111,2019-03-13,200.8
2112,2019-03-14,200.8
2113,2019-03-15,200.8
2114,2019-03-16,200.8
2115,2019-03-17,200.8
2116,2019-03-18,200.8
2117,2019-03-19,200.8
2118,2019-03-20,200.8
2119,2019-03-21,200.8
2120,2019-03-22,200.8
2121,2019-03-23,200.8
2122,2019-03-24,200.8
2123,2019-03-25,200.8
2124,2019-03-26,200.8
2125,2019-03-27,200.8
2126,2019-03-28,200.8
2127,2019-03-29,200.8
2128,2019-03-30,200.8
2129,2019-03-31,200.8
2130,2019-04-01,202.1
2131,2019-04-02,202.1
2132,2019-04-03,202.1
2133,2019-04-04,202.1
2134,2019-04-05,202.1
2135,2019-04-06,202.1
2136,2019-04-07,202.1
2137,2019-04-08,202.1
2138,2019-04-09,202.1
2139,2019-04-10,202.1
2140,2019-04-11,202.1
2141,2019-04-12,202.1
2142,2019-04-13,202.1
2143,2019-04-14,202.1
2144,2019-04-15,202.1
2145,2019-04-16,202.1
2146,2019-04-17,202.1
2147,2019-04-18,202.1
2148,2019-04-19,202.1
2149,2019-04-20,202.1
2150,2019-04-21,202.1
2151,2019-04-22,202.1
2152,2019-04-23,202.1
2153,2019-04-24,202.1
2154,2019-04-25,202.1
2155,2019-04-26,202.1
2156,2019-04-27,202.1
2157,2019-04-28,202.1
2158,2019-04-29,202.1
2159,2019-04-30,202.1
2160,2019-05-01,201.7
2161,2019-05-02,201.7
2162,2019-05-03,201.7
2163,2019-05-04,201.7
2164,2019-05-05,201.7
2165,2019-05-06,201.7
2166,2019-05-07,201.7
2167,2019-05-08,201.7
2168,2019-05-09,201.7
2169,2019-05-10,201.7
2170,2019-05-11,201.7
2171,2019-05-12,201.7
2172,2019-05-13,201.7
2173,2019-05-14,201.7
2174,2019-05-15,201.7
2175,2019-05-16,201.7
2176,2019-05-17,201.7
2177,2019-05-18,201.7
2178,2019-05-19,201.7
2179,2019-05-20,201.7
2180,2019-05-21,201.7
2181,2019-05-22,201.7
2182,2019-05-23,201.7
2183,2019-05-24,201.7
2184,2019-05-25,201.7
2185,2019-05-26,201.7
2186,2019-05-27,201.7
2187,2019-05-28,201.7
2188,2019-05-29,201.7
2189,2019-05-30,201.7
2190,2019-05-31,201.7
2191,2019-06-01,200.3
2192,2019-06-02,200.3
2193,2019-06-03,200.3
2194,2019-06-04,200.3
2195,2019-06-05,200.3
2196,2019-06-06,200.3
2197,2019-06-07,200.3
2198,2019-06-08,200.3
2199,2019-06-09,200.3
2200,2019-06-10,200.3
2201,2019-06-11,200.3
2202,2019-06-12,200.3
2203,2019-06-13,200.3
2204,2019-06-14,200.3
2205,2019-06-15,200.3
2206,2019-06-16,200.3
2207,2019-06-17,200.3
2208,2019-06-18,200.3
2209,2019-06-19,200.3
2210,2019-06-20,200.3
2211,2019-06-21,200.3
2212,2019-06-22,200.3
2213,2019-06-23,200.3
2214,2019-06-24,200.3
2215,2019-06-25,200.3
2216,2019-06-26,200.3
2217,2019-06-27,200.3
2218,2019-06-28,200.3
2219,2019-06-29,200.3
2220,2019-06-30,200.3
2221,2019-07-01,200.7
2222,2019-07-02,200.7
2223,2019-07-03,200.7
2224,2019-07-04,200.7
2225,2019-07-05,200.7
2226,2019-07-06,200.7
2227,2019-07-07,200.7
2228,2019-07-08,200.7
2229,2019-07-09,200.7
2230,2019-07-10,200.7
2231,2019-07-11,200.7
2232,2019-07-12,200.7
2233,2019-07-13,200.7
2234,2019-07-14,200.7
2235,2019-07-15,200.7
2236,2019-07-16,200.7
2237,2019-07-17,200.7
2238,2019-07-18,200.7
2239,2019-07-19,200.7
2240,2019-07-20,200.7
2241,2019-07-21,200.7
2242,2019-07-22,200.7
2243,2019-07-23,200.7
2244,2019-07-24,200.7
2245,2019-07-25,200.7
2246,2019-07-26,200.7
2247,2019-07-27,200.7
2248,2019-07-28,200.7
2249,2019-07-29,200.7
2250,2019-07-30,200.7
2251,2019-07-31,200.7
2252,2019-08-01,199.2
2253,2019-08-02,199.2
2254,2019-08-03,199.2
2255,2019-08-04,199.2
2256,2019-08-05,199.2
2257,2019-08-06,199.2
2258,2019-08-07,199.2
2259,2019-08-08,199.2
2260,2019-08-09,199.2
2261,2019-08-10,199.2
2262,2019-08-11,199.2
2263,2019-08-12,199.2
2264,2019-08-13,199.2
2265,2019-08-14,199.2
2266,2019-08-15,199.2
2267,2019-08-16,199.2
2268,2019-08-17,199.2
2269,2019-08-18,199.2
2270,2019-08-19,199.2
2271,2019-08-20,199.2
2272,2019-08-21,199.2
2273,2019-08-22,199.2
2274,2019-08-23,199.2
2275,2019-08-24,199.2
2276,2019-08-25,199.2
2277,2019-08-26,199.2
2278,2019-08-27,199.2
2279,2019-08-28,199.2
2280,2019-08-29,199.2
2281,2019-08-30,199.2
2282,2019-08-31,199.2
2283,2019-09-01,198.4
2284,2019-09-02,198.4
2285,2019-09-03,198.4
2286,2019-09-04,198.4
2287,2019-09-05,198.4
2288,2019-09-06,198.4
2289,2019-09-07,198.4
2290,2019-09-08,198.4
2291,2019-09-09,198.4
2292,2019-09-10,198.4
2293,2019-09-11,198.4
2294,2019-09-12,198.4
2295,2019-09-13,198.4
2296,2019-09-14,198.4
2297,2019-09-15,198.4
2298,2019-09-16,198.4
2299,2019-09-17,198.4
2300,2019-09-18,198.4
2301,2019-09-19,198.4
2302,2019-09-20,198.4
2303,2019-09-21,198.4
2304,2019-09-22,198.4
2305,2019-09-23,198.4
2306,2019-09-24,198.4
2307,2019-09-25,198.4
2308,2019-09-26,198.4
2309,2019-09-27,198.4
2310,2019-09-28,198.4
2311,2019-09-29,198.4
2312,2019-09-30,198.4
2313,2019-10-01,198.6
2314,2019-10-02,198.6
2315,2019-10-03,198.6
2316,2019-10-04,198.6
2317,2019-10-05,198.6
2318,2019-10-06,198.6
2319,2019-10-07,198.6
2320,2019-10-08,198.6
2321,2019-10-09,198.6
2322,2019-10-10,198.6
2323,2019-10-11,198.6
2324,2019-10-12,198.6
2325,2019-10-13,198.6
2326,2019-10-14,198.6
2327,2019-10-15,198.6
2328,2019-10-16,198.6
2329,2019-10-17,198.6
2330,2019-10-18,198.6
2331,2019-10-19,198.6
2332,2019-10-20,198.6
2333,2019-10-21,198.6
2334,2019-10-22,198.6
2335,2019-10-23,198.6
2336,2019-10-24,198.6
2337,2019-10-25,198.6
2338,2019-10-26,198.6
2339,2019-10-27,198.6
2340,2019-10-28,198.6
2341,2019-10-29,198.6
2342,2019-10-30,198.6
2343,2019-10-31,198.6
2344,2019-11-01,199.0
2345,2019-11-02,199.0
2346,2019-11-03,199.0
2347,2019-11-04,199.0
2348,2019-11-05,199.0
2349,2019-11-06,199.0
2350,2019-11-07,199.0
2351,2019-11-08,199.0
2352,2019-11-09,199.0
2353,2019-11-10,199.0
2354,2019-11-11,199.0
2355,2019-11-12,199.0
2356,2019-11-13,199.0
2357,2019-11-14,199.0
2358,2019-11-15,199.0
2359,2019-11-16,199.0
2360,2019-11-17,199.0
2361,2019-11-18,199.0
2362,2019-11-19,199.0
2363,2019-11-20,199.0
2364,2019-11-21,199.0
2365,2019-11-22,199.0
2366,2019-11-23,199.0
2367,2019-11-24,199.0
2368,2019-11-25,199.0
2369,2019-11-26,199.0
2370,2019-11-27,199.0
2371,2019-11-28,199.0
2372,2019-11-29,199.0
2373,2019-11-30,199.0
2374,2019-12-01,199.0
2375,2019-12-02,199.0
2376,2019-12-03,199.0
2377,2019-12-04,199.0
2378,2019-12-05,199.0
2379,2019-12-06,199.0
2380,2019-12-07,199.0
2381,2019-12-08,199.0
2382,2019-12-09,199.0
2383,2019-12-10,199.0
2384,2019-12-11,199.0
2385,2019-12-12,199.0
2386,2019-12-13,199.0
2387,2019-12-14,199.0
2388,2019-12-15,199.0
2389,2019-12-16,199.0
2390,2019-12-17,199.0
2391,2019-12-18,199.0
2392,2019-12-19,199.0
2393,2019-12-20,199.0
2394,2019-12-21,199.0
2395,2019-12-22,199.0
2396,2019-12-23,199.0
2397,2019-12-24,199.0
2398,2019-12-25,199.0
2399,2019-12-26,199.0
2400,2019-12-27,199.0
2401,2019-12-28,199.0
2402,2019-12-29,199.0
2403,2019-12-30,199.0
2404,2019-12-31,199.0
2405,2020-01-01,199.3
2406,2020-01-02,199.3
2407,2020-01-03,199.3
2408,2020-01-04,199.3
2409,2020-01-05,199.3
2410,2020-01-06,199.3
2411,2020-01-07,199.3
2412,2020-01-08,199.3
2413,2020-01-09,199.3
2414,2020-01-10,199.3
2415,2020-01-11,199.3
2416,2020-01-12,199.3
2417,2020-01-13,199.3
2418,2020-01-14,199.3
2419,2020-01-15,199.3
2420,2020-01-16,199.3
2421,2020-01-17,199.3
2422,2020-01-18,199.3
2423,2020-01-19,199.3
2424,2020-01-20,199.3
2425,2020-01-21,199.3
2426,2020-01-22,199.3
2427,2020-01-23,199.3
2428,2020-01-24,199.3
2429,2020-01-25,199.3
2430,2020-01-26,199.3
2431,2020-01-27,199.3
2432,2020-01-28,199.3
2433,2020-01-29,199.3
2434,2020-01-30,199.3
2435,2020-01-31,199.3
2436,2020-02-01,196.7
2437,2020-02-02,196.7
2438,2020-02-03,196.7
2439,2020-02-04,196.7
2440,2020-02-05,196.7
2441,2020-02-06,196.7
2442,2020-02-07,196.7
2443,2020-02-08,196.7
2444,2020-02-09,196.7
2445,2020-02-10,196.7
2446,2020-02-11,196.7
2447,2020-02-12,196.7
2448,2020-02-13,196.7
2449,2020-02-14,196.7
2450,2020-02-15,196.7
2451,2020-02-16,196.7
2452,2020-02-17,196.7
2453,2020-02-18,196.7
2454,2020-02-19,196.7
2455,2020-02-20,196.7
2456,2020-02-21,196.7
2457,2020-02-22,196.7
2458,2020-02-23,196.7
2459,2020-02-24,196.7
2460,2020-02-25,196.7
2461,2020-02-26,196.7
2462,2020-02-27,196.7
2463,2020-02-28,196.7
2464,2020-02-29,196.7
2465,2020-03-01,193.1
2466,2020-03-02,193.1
2467,2020-03-03,193.1
2468,2020-03-04,193.1
2469,2020-03-05,193.1
2470,2020-03-06,193.1
2471,2020-03-07,193.1
2472,2020-03-08,193.1
2473,2020-03-09,193.1
2474,2020-03-10,193.1
2475,2020-03-11,193.1
2476,2020-03-12,193.1
2477,2020-03-13,193.1
2478,2020-03-14,193.1
2479,2020-03-15,193.1
2480,2020-03-16,193.1
2481,2020-03-17,193.1
2482,2020-03-18,193.1
2483,2020-03-19,193.1
2484,2020-03-20,193.1
2485,2020-03-21,193.1
2486,2020-03-22,193.1
2487,2020-03-23,193.1
2488,2020-03-24,193.1
2489,2020-03-25,193.1
2490,2020-03-26,193.1
2491,2020-03-27,193.1
2492,2020-03-28,193.1
2493,2020-03-29,193.1
2494,2020-03-30,193.1
2495,2020-03-31,193.1
2496,2020-04-01,185.5
2497,2020-04-02,185.5
2498,2020-04-03,185.5
2499,2020-04-04,185.5
2500,2020-04-05,185.5
2501,2020-04-06,185.5
2502,2020-04-07,185.5
2503,2020-04-08,185.5
2504,2020-04-09,185.5
2505,2020-04-10,185.5
2506,2020-04-11,185.5
2507,2020-04-12,185.5
2508,2020-04-13,185.5
2509,2020-04-14,185.5
2510,2020-04-15,185.5
2511,2020-04-16,185.5
2512,2020-04-17,185.5
2513,2020-04-18,185.5
2514,2020-04-19,185.5
2515,2020-04-20,185.5
2516,2020-04-21,185.5
2517,2020-04-22,185.5
2518,2020-04-23,185.5
2519,2020-04-24,185.5
2520,2020-04-25,185.5
2521,2020-04-26,185.5
2522,2020-04-27,185.5
2523,2020-04-28,185.5
2524,2020-04-29,185.5
2525,2020-04-30,185.5
2526,2020-05-01,188.6
2527,2020-05-02,188.6
2528,2020-05-03,188.6
2529,2020-05-04,188.6
2530,2020-05-05,188.6
2531,2020-05-06,188.6
2532,2020-05-07,188.6
2533,2020-05-08,188.6
2534,2020-05-09,188.6
2535,2020-05-10,188.6
2536,2020-05-11,188.6
2537,2020-05-12,188.6
2538,2020-05-13,188.6
2539,2020-05-14,188.6
2540,2020-05-15,188.6
2541,2020-05-16,188.6
2542,2020-05-17,188.6
2543,2020-05-18,188.6
2544,2020-05-19,188.6
2545,2020-05-20,188.6
2546,2020-05-21,188.6
2547,2020-05-22,188.6
2548,2020-05-23,188.6
2549,2020-05-24,188.6
2550,2020-05-25,188.6
2551,2020-05-26,188.6
2552,2020-05-27,188.6
2553,2020-05-28,188.6
2554,2020-05-29,188.6
2555,2020-05-30,188.6
2556,2020-05-31,188.6
2557,2020-06-01,191.2
2558,2020-06-02,191.2
2559,2020-06-03,191.2
2560,2020-06-04,191.2
2561,2020-06-05,191.2
2562,2020-06-06,191.2
2563,2020-06-07,191.2
2564,2020-06-08,191.2
2565,2020-06-09,191.2
2566,2020-06-10,191.2
2567,2020-06-11,191.2
2568,2020-06-12,191.2
2569,2020-06-13,191.2
2570,2020-06-14,191.2
2571,2020-06-15,191.2
2572,2020-06-16,191.2
2573,2020-06-17,191.2
2574,2020-06-18,191.2
2575,2020-06-19,191.2
2576,2020-06-20,191.2
2577,2020-06-21,191.2
2578,2020-06-22,191.2
2579,2020-06-23,191.2
2580,2020-06-24,191.2
2581,2020-06-25,191.2
2582,2020-06-26,191.2
2583,2020-06-27,191.2
2584,2020-06-28,191.2
2585,2020-06-29,191.2
2586,2020-06-30,191.2
2587,2020-07-01,193.0
2588,2020-07-02,193.0
2589,2020-07-03,193.0
2590,2020-07-04,193.0
2591,2020-07-05,193.0
2592,2020-07-06,193.0
2593,2020-07-07,193.0
2594,2020-07-08,193.0
2595,2020-07-09,193.0
2596,2020-07-10,193.0
2597,2020-07-11,193.0
2598,2020-07-12,193.0
2599,2020-07-13,193.0
2600,2020-07-14,193.0
2601,2020-07-15,193.0
2602,2020-07-16,193.0
2603,2020-07-17,193.0
2604,2020-07-18,193.0
2605,2020-07-19,193.0
2606,2020-07-20,193.0
2607,2020-07-21,193.0
2608,2020-07-22,193.0
2609,2020-07-23,193.0
2610,2020-07-24,193.0
2611,2020-07-25,193.0
2612,2020-07-26,193.0
2613,2020-07-27,193.0
2614,2020-07-28,193.0
2615,2020-07-29,193.0
2616,2020-07-30,193.0
2617,2020-07-31,193.0
2618,2020-08-01,194.3
2619,2020-08-02,194.3
2620,2020-08-03,194.3
2621,2020-08-04,194.3
2622,2020-08-05,194.3
2623,2020-08-06,194.3
2624,2020-08-07,194.3
2625,2020-08-08,194.3
2626,2020-08-09,194.3
2627,2020-08-10,194.3
2628,2020-08-11,194.3
2629,2020-08-12,194.3
2630,2020-08-13,194.3
2631,2020-08-14,194.3
2632,2020-08-15,194.3
2633,2020-08-16,194.3
2634,2020-08-17,194.3
2635,2020-08-18,194.3
2636,2020-08-19,194.3
2637,2020-08-20,194.3
2638,2020-08-21,194.3
2639,2020-08-22,194.3
2640,2020-08-23,194.3
2641,2020-08-24,194.3
2642,2020-08-25,194.3
2643,2020-08-26,194.3
2644,2020-08-27,194.3
2645,2020-08-28,194.3
2646,2020-08-29,194.3
2647,2020-08-30,194.3
2648,2020-08-31,194.3
2649,2020-09-01,195.5
2650,2020-09-02,195.5
2651,2020-09-03,195.5
2652,2020-09-04,195.5
2653,2020-09-05,195.5
2654,2020-09-06,195.5
2655,2020-09-07,195.5
2656,2020-09-08,195.5
2657,2020-09-09,195.5
2658,2020-09-10,195.5
2659,2020-09-11,195.5
2660,2020-09-12,195.5
2661,2020-09-13,195.5
2662,2020-09-14,195.5
2663,2020-09-15,195.5
2664,2020-09-16,195.5
2665,2020-09-17,195.5
2666,2020-09-18,195.5
2667,2020-09-19,195.5
2668,2020-09-20,195.5
2669,2020-09-21,195.5
2670,2020-09-22,195.5
2671,2020-09-23,195.5
2672,2020-09-24,195.5
2673,2020-09-25,195.5
2674,2020-09-26,195.5
2675,2020-09-27,195.5
2676,2020-09-28,195.5
2677,2020-09-29,195.5
2678,2020-09-30,195.5
2679,2020-10-01,196.5
2680,2020-10-02,196.5
2681,2020-10-03,196.5
2682,2020-10-04,196.5
2683,2020-10-05,196.5
2684,2020-10-06,196.5
2685,2020-10-07,196.5
2686,2020-10-08,196.5
2687,2020-10-09,196.5
2688,2020-10-10,196.5
2689,2020-10-11,196.5
2690,2020-10-12,196.5
2691,2020-10-13,196.5
2692,2020-10-14,196.5
2693,2020-10-15,196.5
2694,2020-10-16,196.5
2695,2020-10-17,196.5
2696,2020-10-18,196.5
2697,2020-10-19,196.5
2698,2020-10-20,196.5
2699,2020-10-21,196.5
2700,2020-10-22,196.5
2701,2020-10-23,196.5
2702,2020-10-24,196.5
2703,2020-10-25,196.5
2704,2020-10-26,196.5
2705,2020-10-27,196.5
2706,2020-10-28,196.5
2707,2020-10-29,196.5
2708,2020-10-30,196.5
2709,2020-10-31,196.5
2710,2020-11-01,198.3
2711,2020-11-02,198.3
2712,2020-11-03,198.3
2713,2020-11-04,198.3
2714,2020-11-05,198.3
2715,2020-11-06,198.3
2716,2020-11-07,198.3
2717,2020-11-08,198.3
2718,2020-11-09,198.3
2719,2020-11-10,198.3
2720,2020-11-11,198.3
2721,2020-11-12,198.3
2722,2020-11-13,198.3
2723,2020-11-14,198.3
2724,2020-11-15,198.3
2725,2020-11-16,198.3
2726,2020-11-17,198.3
2727,2020-11-18,198.3
2728,2020-11-19,198.3
2729,2020-11-20,198.3
2730,2020-11-21,198.3
2731,2020-11-22,198.3
2732,2020-11-23,198.3
2733,2020-11-24,198.3
2734,2020-11-25,198.3
2735,2020-11-26,198.3
2736,2020-11-27,198.3
2737,2020-11-28,198.3
2738,2020-11-29,198.3
2739,2020-11-30,198.3
2740,2020-12-01,200.5
2741,2020-12-02,200.5
2742,2020-12-03,200.5
2743,2020-12-04,200.5
2744,2020-12-05,200.5
2745,2020-12-06,200.5
2746,2020-12-07,200.5
2747,2020-12-08,200.5
2748,2020-12-09,200.5
2749,2020-12-10,200.5
2750,2020-12-11,200.5
2751,2020-12-12,200.5
2752,2020-12-13,200.5
2753,2020-12-14,200.5
2754,2020-12-15,200.5
2755,2020-12-16,200.5
2756,2020-12-17,200.5
2757,2020-12-18,200.5
2758,2020-12-19,200.5
2759,2020-12-20,200.5
2760,2020-12-21,200.5
2761,2020-12-22,200.5
2762,2020-12-23,200.5
2763,2020-12-24,200.5
2764,2020-12-25,200.5
2765,2020-12-26,200.5
2766,2020-12-27,200.5
2767,2020-12-28,200.5
2768,2020-12-29,200.5
2769,2020-12-30,200.5
2770,2020-12-31,200.5
2771,2021-01-01,204.8
2772,2021-01-02,204.8
2773,2021-01-03,204.8
2774,2021-01-04,204.8
2775,2021-01-05,204.8
2776,2021-01-06,204.8
2777,2021-01-07,204.8
2778,2021-01-08,204.8
2779,2021-01-09,204.8
2780,2021-01-10,204.8
2781,2021-01-11,204.8
2782,2021-01-12,204.8
2783,2021-01-13,204.8
2784,2021-01-14,204.8
2785,2021-01-15,204.8
2786,2021-01-16,204.8
2787,2021-01-17,204.8
2788,2021-01-18,204.8
2789,2021-01-19,204.8
2790,2021-01-20,204.8
2791,2021-01-21,204.8
2792,2021-01-22,204.8
2793,2021-01-23,204.8
2794,2021-01-24,204.8
2795,2021-01-25,204.8
2796,2021-01-26,204.8
2797,2021-01-27,204.8
2798,2021-01-28,204.8
2799,2021-01-29,204.8
2800,2021-01-30,204.8
2801,2021-01-31,204.8
2802,2021-02-01,210.6
2803,2021-02-02,210.6
2804,2021-02-03,210.6
2805,2021-02-04,210.6
2806,2021-02-05,210.6
2807,2021-02-06,210.6
2808,2021-02-07,210.6
2809,2021-02-08,210.6
2810,2021-02-09,210.6
2811,2021-02-10,210.6
2812,2021-02-11,210.6
2813,2021-02-12,210.6
2814,2021-02-13,210.6
2815,2021-02-14,210.6
2816,2021-02-15,210.6
2817,2021-02-16,210.6
2818,2021-02-17,210.6
2819,2021-02-18,210.6
2820,2021-02-19,210.6
2821,2021-02-20,210.6
2822,2021-02-21,210.6
2823,2021-02-22,210.6
2824,2021-02-23,210.6
2825,2021-02-24,210.6
2826,2021-02-25,210.6
2827,2021-02-26,210.6
2828,2021-02-27,210.6
2829,2021-02-28,210.6
2830,2021-03-01,215.0
2831,2021-03-02,215.0
2832,2021-03-03,215.0
2833,2021-03-04,215.0
2834,2021-03-05,215.0
2835,2021-03-06,215.0
2836,2021-03-07,215.0
2837,2021-03-08,215.0
2838,2021-03-09,215.0
2839,2021-03-10,215.0
2840,2021-03-11,215.0
2841,2021-03-12,215.0
2842,2021-03-13,215.0
2843,2021-03-14,215.0
2844,2021-03-15,215.0
2845,2021-03-16,215.0
2846,2021-03-17,215.0
2847,2021-03-18,215.0
2848,2021-03-19,215.0
2849,2021-03-20,215.0
2850,2021-03-21,215.0
2851,2021-03-22,215.0
2852,2021-03-23,215.0
2853,2021-03-24,215.0
2854,2021-03-25,215.0
2855,2021-03-26,215.0
2856,2021-03-27,215.0
2857,2021-03-28,215.0
2858,2021-03-29,215.0
2859,2021-03-30,215.0
2860,2021-03-31,215.0
2861,2021-04-01,217.9
2862,2021-04-02,217.9
2863,2021-04-03,217.9
2864,2021-04-04,217.9
2865,2021-04-05,217.9
2866,2021-04-06,217.9
2867,2021-04-07,217.9
2868,2021-04-08,217.9
2869,2021-04-09,217.9
2870,2021-04-10,217.9
2871,2021-04-11,217.9
2872,2021-04-12,217.9
2873,2021-04-13,217.9
2874,2021-04-14,217.9
2875,2021-04-15,217.9
2876,2021-04-16,217.9
2877,2021-04-17,217.9
2878,2021-04-18,217.9
2879,2021-04-19,217.9
2880,2021-04-20,217.9
2881,2021-04-21,217.9
2882,2021-04-22,217.9
2883,2021-04-23,217.9
2884,2021-04-24,217.9
2885,2021-04-25,217.9
2886,2021-04-26,217.9
2887,2021-04-27,217.9
2888,2021-04-28,217.9
2889,2021-04-29,217.9
2890,2021-04-30,217.9
2891,2021-05-01,224.9
2892,2021-05-02,224.9
2893,2021-05-03,224.9
2894,2021-05-04,224.9
2895,2021-05-05,224.9
2896,2021-05-06,224.9
2897,2021-05-07,224.9
2898,2021-05-08,224.9
2899,2021-05-09,224.9
2900,2021-05-10,224.9
2901,2021-05-11,224.9
2902,2021-05-12,224.9
2903,2021-05-13,224.9
2904,2021-05-14,224.9
2905,2021-05-15,224.9
2906,2021-05-16,224.9
2907,2021-05-17,224.9
2908,2021-05-18,224.9
2909,2021-05-19,224.9
2910,2021-05-20,224.9
2911,2021-05-21,224.9
2912,2021-05-22,224.9
2913,2021-05-23,224.9
2914,2021-05-24,224.9
2915,2021-05-25,224.9
2916,2021-05-26,224.9
2917,2021-05-27,224.9
2918,2021-05-28,224.9
2919,2021-05-29,224.9
2920,2021-05-30,224.9
2921,2021-05-31,224.9
2922,2021-06-01,228.9
2923,2021-06-02,228.9
2924,2021-06-03,228.9
2925,2021-06-04,228.9
2926,2021-06-05,228.9
2927,2021-06-06,228.9
2928,2021-06-07,228.9
2929,2021-06-08,228.9
2930,2021-06-09,228.9
2931,2021-06-10,228.9
2932,2021-06-11,228.9
2933,2021-06-12,228.9
2934,2021-06-13,228.9
2935,2021-06-14,228.9
2936,2021-06-15,228.9
2937,2021-06-16,228.9
2938,2021-06-17,228.9
2939,2021-06-18,228.9
2940,2021-06-19,228.9
2941,2021-06-20,228.9
2942,2021-06-21,228.9
2943,2021-06-22,228.9
2944,2021-06-23,228.9
2945,2021-06-24,228.9
2946,2021-06-25,228.9
2947,2021-06-26,228.9
2948,2021-06-27,228.9
2949,2021-06-28,228.9
2950,2021-06-29,228.9
2951,2021-06-30,228.9
2952,2021-07-01,231.85
2953,2021-07-02,231.85
2954,2021-07-03,231.85
2955,2021-07-04,231.85
2956,2021-07-05,231.85
2957,2021-07-06,231.85
2958,2021-07-07,231.85
2959,2021-07-08,231.85
2960,2021-07-09,231.85
2961,2021-07-10,231.85
2962,2021-07-11,231.85
2963,2021-07-12,231.85
2964,2021-07-13,231.85
2965,2021-07-14,231.85
2966,2021-07-15,231.85
2967,2021-07-16,231.85
2968,2021-07-17,231.85
2969,2021-07-18,231.85
2970,2021-07-19,231.85
2971,2021-07-20,231.85
2972,2021-07-21,231.85
2973,2021-07-22,231.85
2974,2021-07-23,231.85
2975,2021-07-24,231.85
2976,2021-07-25,231.85
2977,2021-07-26,231.85
2978,2021-07-27,231.85
2979,2021-07-28,231.85
2980,2021-07-29,231.85
2981,2021-07-30,231.85
2982,2021-07-31,231.85
2983,2021-08-01,233.415
2984,2021-08-02,233.415
2985,2021-08-03,233.415
2986,2021-08-04,233.415
2987,2021-08-05,233.415
2988,2021-08-06,233.415
2989,2021-08-07,233.415
2990,2021-08-08,233.415
2991,2021-08-09,233.415
2992,2021-08-10,233.415
2993,2021-08-11,233.415
2994,2021-08-12,233.415
2995,2021-08-13,233.415
2996,2021-08-14,233.415
2997,2021-08-15,233.415
2998,2021-08-16,233.415
2999,2021-08-17,233.415
3000,2021-08-18,233.415
3001,2021-08-19,233.415
3002,2021-08-20,233.415
3003,2021-08-21,233.415
3004,2021-08-22,233.415
3005,2021-08-23,233.415
3006,2021-08-24,233.415
3007,2021-08-25,233.415
3008,2021-08-26,233.415
3009,2021-08-27,233.415
3010,2021-08-28,233.415
3011,2021-08-29,233.415
3012,2021-08-30,233.415
3013,2021-08-31,233.415
3014,2021-09-01,235.678
3015,2021-09-02,235.678
3016,2021-09-03,235.678
3017,2021-09-04,235.678
3018,2021-09-05,235.678
3019,2021-09-06,235.678
3020,2021-09-07,235.678
3021,2021-09-08,235.678
3022,2021-09-09,235.678
3023,2021-09-10,235.678
3024,2021-09-11,235.678
3025,2021-09-12,235.678
3026,2021-09-13,235.678
3027,2021-09-14,235.678
3028,2021-09-15,235.678
3029,2021-09-16,235.678
3030,2021-09-17,235.678
3031,2021-09-18,235.678
3032,2021-09-19,235.678
3033,2021-09-20,235.678
3034,2021-09-21,235.678
3035,2021-09-22,235.678
3036,2021-09-23,235.678
3037,2021-09-24,235.678
3038,2021-09-25,235.678
3039,2021-09-26,235.678
3040,2021-09-27,235.678
3041,2021-09-28,235.678
3042,2021-09-29,235.678
3043,2021-09-30,235.678
3044,2021-10-01,240.465
3045,2021-10-02,240.465
3046,2021-10-03,240.465
3047,2021-10-04,240.465
3048,2021-10-05,240.465
3049,2021-10-06,240.465
3050,2021-10-07,240.465
3051,2021-10-08,240.465
3052,2021-10-09,240.465
3053,2021-10-10,240.465
3054,2021-10-11,240.465
3055,2021-10-12,240.465
3056,2021-10-13,240.465
3057,2021-10-14,240.465
3058,2021-10-15,240.465
3059,2021-10-16,240.465
3060,2021-10-17,240.465
3061,2021-10-18,240.465
3062,2021-10-19,240.465
3063,2021-10-20,240.465
3064,2021-10-21,240.465
3065,2021-10-22,240.465
3066,2021-10-23,240.465
3067,2021-10-24,240.465
3068,2021-10-25,240.465
3069,2021-10-26,240.465
3070,2021-10-27,240.465
3071,2021-10-28,240.465
3072,2021-10-29,240.465
3073,2021-10-30,240.465
3074,2021-10-31,240.465
3075,2021-11-01,243.287
3076,2021-11-02,243.287
3077,2021-11-03,243.287
3078,2021-11-04,243.287
3079,2021-11-05,243.287
3080,2021-11-06,243.287
3081,2021-11-07,243.287
3082,2021-11-08,243.287
3083,2021-11-09,243.287
3084,2021-11-10,243.287
3085,2021-11-11,243.287
3086,2021-11-12,243.287
3087,2021-11-13,243.287
3088,2021-11-14,243.287
3089,2021-11-15,243.287
3090,2021-11-16,243.287
3091,2021-11-17,243.287
3092,2021-11-18,243.287
3093,2021-11-19,243.287
3094,2021-11-20,243.287
3095,2021-11-21,243.287
3096,2021-11-22,243.287
3097,2021-11-23,243.287
3098,2021-11-24,243.287
3099,2021-11-25,243.287
3100,2021-11-26,243.287
3101,2021-11-27,243.287
3102,2021-11-28,243.287
3103,2021-11-29,243.287
3104,2021-11-30,243.287
3105,2021-12-01,241.338
3106,2021-12-02,241.338
3107,2021-12-03,241.338
3108,2021-12-04,241.338
3109,2021-12-05,241.338
3110,2021-12-06,241.338
3111,2021-12-07,241.338
3112,2021-12-08,241.338
3113,2021-12-09,241.338
3114,2021-12-10,241.338
3115,2021-12-11,241.338
3116,2021-12-12,241.338
3117,2021-12-13,241.338
3118,2021-12-14,241.338
3119,2021-12-15,241.338
3120,2021-12-16,241.338
3121,2021-12-17,241.338
3122,2021-12-18,241.338
3123,2021-12-19,241.338
3124,2021-12-20,241.338
3125,2021-12-21,241.338
3126,2021-12-22,241.338
3127,2021-12-23,241.338
3128,2021-12-24,241.338
3129,2021-12-25,241.338
3130,2021-12-26,241.338
3131,2021-12-27,241.338
3132,2021-12-28,241.338
3133,2021-12-29,241.338
3134,2021-12-30,241.338
3135,2021-12-31,241.338
3136,2022-01-01,246.453
3137,2022-01-02,246.453
3138,2022-01-03,246.453
3139,2022-01-04,246.453
3140,2022-01-05,246.453
3141,2022-01-06,246.453
3142,2022-01-07,246.453
3143,2022-01-08,246.453
3144,2022-01-09,246.453
3145,2022-01-10,246.453
3146,2022-01-11,246.453
3147,2022-01-12,246.453
3148,2022-01-13,246.453
3149,2022-01-14,246.453
3150,2022-01-15,246.453
3151,2022-01-16,246.453
3152,2022-01-17,246.453
3153,2022-01-18,246.453
3154,2022-01-19,246.453
3155,2022-01-20,246.453
3156,2022-01-21,246.453
3157,2022-01-22,246.453
3158,2022-01-23,246.453
3159,2022-01-24,246.453
3160,2022-01-25,246.453
3161,2022-01-26,246.453
3162,2022-01-27,246.453
3163,2022-01-28,246.453
3164,2022-01-29,246.453
3165,2022-01-30,246.453
3166,2022-01-31,246.453
3167,2022-02-01,252.66
3168,2022-02-02,252.66
3169,2022-02-03,252.66
3170,2022-02-04,252.66
3171,2022-02-05,252.66
3172,2022-02-06,252.66
3173,2022-02-07,252.66
3174,2022-02-08,252.66
3175,2022-02-09,252.66
3176,2022-02-10,252.66
3177,2022-02-11,252.66
3178,2022-02-12,252.66
3179,2022-02-13,252.66
3180,2022-02-14,252.66
3181,2022-02-15,252.66
3182,2022-02-16,252.66
3183,2022-02-17,252.66
3184,2022-02-18,252.66
3185,2022-02-19,252.66
3186,2022-02-20,252.66
3187,2022-02-21,252.66
3188,2022-02-22,252.66
3189,2022-02-23,252.66
3190,2022-02-24,252.66
3191,2022-02-25,252.66
3192,2022-02-26,252.66
3193,2022-02-27,252.66
3194,2022-02-28,252.66
3195,2022-03-01,260.014
3196,2022-03-02,260.014
3197,2022-03-03,260.014
3198,2022-03-04,260.014
3199,2022-03-05,260.014
3200,2022-03-06,260.014
3201,2022-03-07,260.014
3202,2022-03-08,260.014
3203,2022-03-09,260.014
3204,2022-03-10,260.014
3205,2022-03-11,260.014
3206,2022-03-12,260.014
3207,2022-03-13,260.014
3208,2022-03-14,260.014
3209,2022-03-15,260.014
3210,2022-03-16,260.014
3211,2022-03-17,260.014
3212,2022-03-18,260.014
3213,2022-03-19,260.014
3214,2022-03-20,260.014
3215,2022-03-21,260.014
3216,2022-03-22,260.014
3217,2022-03-23,260.014
3218,2022-03-24,260.014
3219,2022-03-25,260.014
3220,2022-03-26,260.014
3221,2022-03-27,260.014
3222,2022-03-28,260.014
3223,2022-03-29,260.014
3224,2022-03-30,260.014
3225,2022-03-31,260.014
3226,2022-04-01,265.31
3227,2022-04-02,265.31
3228,2022-04-03,265.31
3229,2022-04-04,265.31
3230,2022-04-05,265.31
3231,2022-04-06,265.31
3232,2022-04-07,265.31
3233,2022-04-08,265.31
3234,2022-04-09,265.31
3235,2022-04-10,265.31
3236,2022-04-11,265.31
3237,2022-04-12,265.31
3238,2022-04-13,265.31
3239,2022-04-14,265.31
3240,2022-04-15,265.31
3241,2022-04-16,265.31
3242,2022-04-17,265.31
3243,2022-04-18,265.31
3244,2022-04-19,265.31
3245,2022-04-20,265.31
3246,2022-04-21,265.31
3247,2022-04-22,265.31
3248,2022-04-23,265.31
3249,2022-04-24,265.31
3250,2022-04-25,265.31
3251,2022-04-26,265.31
3252,2022-04-27,265.31
3253,2022-04-28,265.31
3254,2022-04-29,265.31
3255,2022-04-30,265.31
3256,2022-05-01,273.251
3257,2022-05-02,273.251
3258,2022-05-03,273.251
3259,2022-05-04,273.251
3260,2022-05-05,273.251
3261,2022-05-06,273.251
3262,2022-05-07,273.251
3263,2022-05-08,273.251
3264,2022-05-09,273.251
3265,2022-05-10,273.251
3266,2022-05-11,273.251
3267,2022-05-12,273.251
3268,2022-05-13,273.251
3269,2022-05-14,273.251
3270,2022-05-15,273.251
3271,2022-05-16,273.251
3272,2022-05-17,273.251
3273,2022-05-18,273.251
3274,2022-05-19,273.251
3275,2022-05-20,273.251
3276,2022-05-21,273.251
3277,2022-05-22,273.251
3278,2022-05-23,273.251
3279,2022-05-24,273.251
3280,2022-05-25,273.251
3281,2022-05-26,273.251
3282,2022-05-27,273.251
3283,2022-05-28,273.251
3284,2022-05-29,273.251
3285,2022-05-30,273.251
3286,2022-05-31,273.251
3287,2022-06-01,280.251
3288,2022-06-02,280.251
3289,2022-06-03,280.251
3290,2022-06-04,280.251
3291,2022-06-05,280.251
3292,2022-06-06,280.251
3293,2022-06-07,280.251
3294,2022-06-08,280.251
3295,2022-06-09,280.251
3296,2022-06-10,280.251
3297,2022-06-11,280.251
3298,2022-06-12,280.251
3299,2022-06-13,280.251
3300,2022-06-14,280.251
3301,2022-06-15,280.251
3302,2022-06-16,280.251
3303,2022-06-17,280.251
3304,2022-06-18,280.251
3305,2022-06-19,280.251
3306,2022-06-20,280.251
3307,2022-06-21,280.251
3308,2022-06-22,280.251
3309,2022-06-23,280.251
3310,2022-06-24,280.251
3311,2022-06-25,280.251
3312,2022-06-26,280.251
3313,2022-06-27,280.251
3314,2022-06-28,280.251
3315,2022-06-29,280.251
3316,2022-06-30,280.251
3317,2022-07-01,272.274
3318,2022-07-02,272.274
3319,2022-07-03,272.274
3320,2022-07-04,272.274
3321,2022-07-05,272.274
3322,2022-07-06,272.274
3323,2022-07-07,272.274
3324,2022-07-08,272.274
3325,2022-07-09,272.274
3326,2022-07-10,272.274
3327,2022-07-11,272.274
3328,2022-07-12,272.274
3329,2022-07-13,272.274
3330,2022-07-14,272.274
3331,2022-07-15,272.274
3332,2022-07-16,272.274
3333,2022-07-17,272.274
3334,2022-07-18,272.274
3335,2022-07-19,272.274
3336,2022-07-20,272.274
3337,2022-07-21,272.274
3338,2022-07-22,272.274
3339,2022-07-23,272.274
3340,2022-07-24,272.274
3341,2022-07-25,272.274
3342,2022-07-26,272.274
3343,2022-07-27,272.274
3344,2022-07-28,272.274
3345,2022-07-29,272.274
3346,2022-07-30,272.274
3347,2022-07-31,272.274
3348,2022-08-01,269.546
3349,2022-08-02,269.546
3350,2022-08-03,269.546
3351,2022-08-04,269.546
3352,2022-08-05,269.546
3353,2022-08-06,269.546
3354,2022-08-07,269.546
3355,2022-08-08,269.546
3356,2022-08-09,269.546
3357,2022-08-10,269.546
3358,2022-08-11,269.546
3359,2022-08-12,269.546
3360,2022-08-13,269.546
3361,2022-08-14,269.546
3362,2022-08-15,269.546
3363,2022-08-16,269.546
3364,2022-08-17,269.546
3365,2022-08-18,269.546
3366,2022-08-19,269.546
3367,2022-08-20,269.546
3368,2022-08-21,269.546
3369,2022-08-22,269.546
3370,2022-08-23,269.546
3371,2022-08-24,269.546
3372,2022-08-25,269.546
3373,2022-08-26,269.546
3374,2022-08-27,269.546
3375,2022-08-28,269.546
3376,2022-08-29,269.546
3377,2022-08-30,269.546
3378,2022-08-31,269.546
3379,2022-09-01,267.898
3380,2022-09-02,267.898
3381,2022-09-03,267.898
3382,2022-09-04,267.898
3383,2022-09-05,267.898
3384,2022-09-06,267.898
3385,2022-09-07,267.898
3386,2022-09-08,267.898
3387,2022-09-09,267.898
3388,2022-09-10,267.898
3389,2022-09-11,267.898
3390,2022-09-12,267.898
3391,2022-09-13,267.898
3392,2022-09-14,267.898
3393,2022-09-15,267.898
3394,2022-09-16,267.898
3395,2022-09-17,267.898
3396,2022-09-18,267.898
3397,2022-09-19,267.898
3398,2022-09-20,267.898
3399,2022-09-21,267.898
3400,2022-09-22,267.898
3401,2022-09-23,267.898
3402,2022-09-24,267.898
3403,2022-09-25,267.898
3404,2022-09-26,267.898
3405,2022-09-27,267.898
3406,2022-09-28,267.898
3407,2022-09-29,267.898
3408,2022-09-30,267.898
3409,2022-10-01,265.061
3410,2022-10-02,265.061
3411,2022-10-03,265.061
3412,2022-10-04,265.061
3413,2022-10-05,265.061
3414,2022-10-06,265.061
3415,2022-10-07,265.061
3416,2022-10-08,265.061
3417,2022-10-09,265.061
3418,2022-10-10,265.061
3419,2022-10-11,265.061
3420,2022-10-12,265.061
3421,2022-10-13,265.061
3422,2022-10-14,265.061
3423,2022-10-15,265.061
3424,2022-10-16,265.061
3425,2022-10-17,265.061
3426,2022-10-18,265.061
3427,2022-10-19,265.061
3428,2022-10-20,265.061
3429,2022-10-21,265.061
3430,2022-10-22,265.061
3431,2022-10-23,265.061
3432,2022-10-24,265.061
3433,2022-10-25,265.061
3434,2022-10-26,265.061
3435,2022-10-27,265.061
3436,2022-10-28,265.061
3437,2022-10-29,265.061
3438,2022-10-30,265.061
3439,2022-10-31,265.061
3440,2022-11-01,263.157
3441,2022-11-02,263.157
3442,2022-11-03,263.157
3443,2022-11-04,263.157
3444,2022-11-05,263.157
3445,2022-11-06,263.157
3446,2022-11-07,263.157
3447,2022-11-08,263.157
3448,2022-11-09,263.157
3449,2022-11-10,263.157
3450,2022-11-11,263.157
3451,2022-11-12,263.157
3452,2022-11-13,263.157
3453,2022-11-14,263.157
3454,2022-11-15,263.157
3455,2022-11-16,263.157
3456,2022-11-17,263.157
3457,2022-11-18,263.157
3458,2022-11-19,263.157
3459,2022-11-20,263.157
3460,2022-11-21,263.157
3461,2022-11-22,263.157
3462,2022-11-23,263.157
3463,2022-11-24,263.157
3464,2022-11-25,263.157
3465,2022-11-26,263.157
3466,2022-11-27,263.157
3467,2022-11-28,263.157
3468,2022-11-29,263.157
3469,2022-11-30,263.157
3470,2022-12-01,257.897
3471,2022-12-02,257.897
3472,2022-12-03,257.897
3473,2022-12-04,257.897
3474,2022-12-05,257.897
3475,2022-12-06,257.897
3476,2022-12-07,257.897
3477,2022-12-08,257.897
3478,2022-12-09,257.897
3479,2022-12-10,257.897
3480,2022-12-11,257.897
3481,2022-12-12,257.897
3482,2022-12-13,257.897
3483,2022-12-14,257.897
3484,2022-12-15,257.897
3485,2022-12-16,257.897
3486,2022-12-17,257.897
3487,2022-12-18,257.897
3488,2022-12-19,257.897
3489,2022-12-20,257.897
3490,2022-12-21,257.897
3491,2022-12-22,257.897
3492,2022-12-23,257.897
3493,2022-12-24,257.897
3494,2022-12-25,257.897
3495,2022-12-26,257.897
3496,2022-12-27,257.897
3497,2022-12-28,257.897
3498,2022-12-29,257.897
3499,2022-12-30,257.897
3500,2022-12-31,257.897
3501,2023-01-01,260.183
3502,2023-01-02,260.183
3503,2023-01-03,260.183
3504,2023-01-04,260.183
3505,2023-01-05,260.183
3506,2023-01-06,260.183
3507,2023-01-07,260.183
3508,2023-01-08,260.183
3509,2023-01-09,260.183
3510,2023-01-10,260.183
3511,2023-01-11,260.183
3512,2023-01-12,260.183
3513,2023-01-13,260.183
3514,2023-01-14,260.183
3515,2023-01-15,260.183
3516,2023-01-16,260.183
3517,2023-01-17,260.183
3518,2023-01-18,260.183
3519,2023-01-19,260.183
3520,2023-01-20,260.183
3521,2023-01-21,260.183
3522,2023-01-22,260.183
3523,2023-01-23,260.183
3524,2023-01-24,260.183
3525,2023-01-25,260.183
3526,2023-01-26,260.183
3527,2023-01-27,260.183
3528,2023-01-28,260.183
3529,2023-01-29,260.183
3530,2023-01-30,260.183
3531,2023-01-31,260.183
3532,2023-02-01,258.495
3533,2023-02-02,258.495
3534,2023-02-03,258.495
3535,2023-02-04,258.495
3536,2023-02-05,258.495
3537,2023-02-06,258.495
3538,2023-02-07,258.495
3539,2023-02-08,258.495
3540,2023-02-09,258.495
3541,2023-02-10,258.495
3542,2023-02-11,258.495
3543,2023-02-12,258.495
3544,2023-02-13,258.495
3545,2023-02-14,258.495
3546,2023-02-15,258.495
3547,2023-02-16,258.495
3548,2023-02-17,258.495
3549,2023-02-18,258.495
3550,2023-02-19,258.495
3551,2023-02-20,258.495
3552,2023-02-21,258.495
3553,2023-02-22,258.495
3554,2023-02-23,258.495
3555,2023-02-24,258.495
3556,2023-02-25,258.495
3557,2023-02-26,258.495
3558,2023-02-27,258.495
3559,2023-02-28,258.495
3560,2023-03-01,257.171
3561,2023-03-02,257.171
3562,2023-03-03,257.171
3563,2023-03-04,257.171
3564,2023-03-05,257.171
3565,2023-03-06,257.171
3566,2023-03-07,257.171
3567,2023-03-08,257.171
3568,2023-03-09,257.171
3569,2023-03-10,257.171
3570,2023-03-11,257.171
3571,2023-03-12,257.171
3572,2023-03-13,257.171
3573,2023-03-14,257.171
3574,2023-03-15,257.171
3575,2023-03-16,257.171
3576,2023-03-17,257.171
3577,2023-03-18,257.171
3578,2023-03-19,257.171
3579,2023-03-20,257.171
3580,2023-03-21,257.171
3581,2023-03-22,257.171
3582,2023-03-23,257.171
3583,2023-03-24,257.171
3584,2023-03-25,257.171
3585,2023-03-26,257.171
3586,2023-03-27,257.171
3587,2023-03-28,257.171
3588,2023-03-29,257.171
3589,2023-03-30,257.171
3590,2023-03-31,257.171
3591,2023-04-01,257.381
