,DATE,MRTSSM44X72USS
0,2013-06-01,415454
1,2013-06-02,415454
2,2013-06-03,415454
3,2013-06-04,415454
4,2013-06-05,415454
5,2013-06-06,415454
6,2013-06-07,415454
7,2013-06-08,415454
8,2013-06-09,415454
9,2013-06-10,415454
10,2013-06-11,415454
11,2013-06-12,415454
12,2013-06-13,415454
13,2013-06-14,415454
14,2013-06-15,415454
15,2013-06-16,415454
16,2013-06-17,415454
17,2013-06-18,415454
18,2013-06-19,415454
19,2013-06-20,415454
20,2013-06-21,415454
21,2013-06-22,415454
22,2013-06-23,415454
23,2013-06-24,415454
24,2013-06-25,415454
25,2013-06-26,415454
26,2013-06-27,415454
27,2013-06-28,415454
28,2013-06-29,415454
29,2013-06-30,415454
30,2013-07-01,418215
31,2013-07-02,418215
32,2013-07-03,418215
33,2013-07-04,418215
34,2013-07-05,418215
35,2013-07-06,418215
36,2013-07-07,418215
37,2013-07-08,418215
38,2013-07-09,418215
39,2013-07-10,418215
40,2013-07-11,418215
41,2013-07-12,418215
42,2013-07-13,418215
43,2013-07-14,418215
44,2013-07-15,418215
45,2013-07-16,418215
46,2013-07-17,418215
47,2013-07-18,418215
48,2013-07-19,418215
49,2013-07-20,418215
50,2013-07-21,418215
51,2013-07-22,418215
52,2013-07-23,418215
53,2013-07-24,418215
54,2013-07-25,418215
55,2013-07-26,418215
56,2013-07-27,418215
57,2013-07-28,418215
58,2013-07-29,418215
59,2013-07-30,418215
60,2013-07-31,418215
61,2013-08-01,417389
62,2013-08-02,417389
63,2013-08-03,417389
64,2013-08-04,417389
65,2013-08-05,417389
66,2013-08-06,417389
67,2013-08-07,417389
68,2013-08-08,417389
69,2013-08-09,417389
70,2013-08-10,417389
71,2013-08-11,417389
72,2013-08-12,417389
73,2013-08-13,417389
74,2013-08-14,417389
75,2013-08-15,417389
76,2013-08-16,417389
77,2013-08-17,417389
78,2013-08-18,417389
79,2013-08-19,417389
80,2013-08-20,417389
81,2013-08-21,417389
82,2013-08-22,417389
83,2013-08-23,417389
84,2013-08-24,417389
85,2013-08-25,417389
86,2013-08-26,417389
87,2013-08-27,417389
88,2013-08-28,417389
89,2013-08-29,417389
90,2013-08-30,417389
91,2013-08-31,417389
92,2013-09-01,417699
93,2013-09-02,417699
94,2013-09-03,417699
95,2013-09-04,417699
96,2013-09-05,417699
97,2013-09-06,417699
98,2013-09-07,417699
99,2013-09-08,417699
100,2013-09-09,417699
101,2013-09-10,417699
102,2013-09-11,417699
103,2013-09-12,417699
104,2013-09-13,417699
105,2013-09-14,417699
106,2013-09-15,417699
107,2013-09-16,417699
108,2013-09-17,417699
109,2013-09-18,417699
110,2013-09-19,417699
111,2013-09-20,417699
112,2013-09-21,417699
113,2013-09-22,417699
114,2013-09-23,417699
115,2013-09-24,417699
116,2013-09-25,417699
117,2013-09-26,417699
118,2013-09-27,417699
119,2013-09-28,417699
120,2013-09-29,417699
121,2013-09-30,417699
122,2013-10-01,419288
123,2013-10-02,419288
124,2013-10-03,419288
125,2013-10-04,419288
126,2013-10-05,419288
127,2013-10-06,419288
128,2013-10-07,419288
129,2013-10-08,419288
130,2013-10-09,419288
131,2013-10-10,419288
132,2013-10-11,419288
133,2013-10-12,419288
134,2013-10-13,419288
135,2013-10-14,419288
136,2013-10-15,419288
137,2013-10-16,419288
138,2013-10-17,419288
139,2013-10-18,419288
140,2013-10-19,419288
141,2013-10-20,419288
142,2013-10-21,419288
143,2013-10-22,419288
144,2013-10-23,419288
145,2013-10-24,419288
146,2013-10-25,419288
147,2013-10-26,419288
148,2013-10-27,419288
149,2013-10-28,419288
150,2013-10-29,419288
151,2013-10-30,419288
152,2013-10-31,419288
153,2013-11-01,420468
154,2013-11-02,420468
155,2013-11-03,420468
156,2013-11-04,420468
157,2013-11-05,420468
158,2013-11-06,420468
159,2013-11-07,420468
160,2013-11-08,420468
161,2013-11-09,420468
162,2013-11-10,420468
163,2013-11-11,420468
164,2013-11-12,420468
165,2013-11-13,420468
166,2013-11-14,420468
167,2013-11-15,420468
168,2013-11-16,420468
169,2013-11-17,420468
170,2013-11-18,420468
171,2013-11-19,420468
172,2013-11-20,420468
173,2013-11-21,420468
174,2013-11-22,420468
175,2013-11-23,420468
176,2013-11-24,420468
177,2013-11-25,420468
178,2013-11-26,420468
179,2013-11-27,420468
180,2013-11-28,420468
181,2013-11-29,420468
182,2013-11-30,420468
183,2013-12-01,422930
184,2013-12-02,422930
185,2013-12-03,422930
186,2013-12-04,422930
187,2013-12-05,422930
188,2013-12-06,422930
189,2013-12-07,422930
190,2013-12-08,422930
191,2013-12-09,422930
192,2013-12-10,422930
193,2013-12-11,422930
194,2013-12-12,422930
195,2013-12-13,422930
196,2013-12-14,422930
197,2013-12-15,422930
198,2013-12-16,422930
199,2013-12-17,422930
200,2013-12-18,422930
201,2013-12-19,422930
202,2013-12-20,422930
203,2013-12-21,422930
204,2013-12-22,422930
205,2013-12-23,422930
206,2013-12-24,422930
207,2013-12-25,422930
208,2013-12-26,422930
209,2013-12-27,422930
210,2013-12-28,422930
211,2013-12-29,422930
212,2013-12-30,422930
213,2013-12-31,422930
214,2014-01-01,419051
215,2014-01-02,419051
216,2014-01-03,419051
217,2014-01-04,419051
218,2014-01-05,419051
219,2014-01-06,419051
220,2014-01-07,419051
221,2014-01-08,419051
222,2014-01-09,419051
223,2014-01-10,419051
224,2014-01-11,419051
225,2014-01-12,419051
226,2014-01-13,419051
227,2014-01-14,419051
228,2014-01-15,419051
229,2014-01-16,419051
230,2014-01-17,419051
231,2014-01-18,419051
232,2014-01-19,419051
233,2014-01-20,419051
234,2014-01-21,419051
235,2014-01-22,419051
236,2014-01-23,419051
237,2014-01-24,419051
238,2014-01-25,419051
239,2014-01-26,419051
240,2014-01-27,419051
241,2014-01-28,419051
242,2014-01-29,419051
243,2014-01-30,419051
244,2014-01-31,419051
245,2014-02-01,424784
246,2014-02-02,424784
247,2014-02-03,424784
248,2014-02-04,424784
249,2014-02-05,424784
250,2014-02-06,424784
251,2014-02-07,424784
252,2014-02-08,424784
253,2014-02-09,424784
254,2014-02-10,424784
255,2014-02-11,424784
256,2014-02-12,424784
257,2014-02-13,424784
258,2014-02-14,424784
259,2014-02-15,424784
260,2014-02-16,424784
261,2014-02-17,424784
262,2014-02-18,424784
263,2014-02-19,424784
264,2014-02-20,424784
265,2014-02-21,424784
266,2014-02-22,424784
267,2014-02-23,424784
268,2014-02-24,424784
269,2014-02-25,424784
270,2014-02-26,424784
271,2014-02-27,424784
272,2014-02-28,424784
273,2014-03-01,429251
274,2014-03-02,429251
275,2014-03-03,429251
276,2014-03-04,429251
277,2014-03-05,429251
278,2014-03-06,429251
279,2014-03-07,429251
280,2014-03-08,429251
281,2014-03-09,429251
282,2014-03-10,429251
283,2014-03-11,429251
284,2014-03-12,429251
285,2014-03-13,429251
286,2014-03-14,429251
287,2014-03-15,429251
288,2014-03-16,429251
289,2014-03-17,429251
290,2014-03-18,429251
291,2014-03-19,429251
292,2014-03-20,429251
293,2014-03-21,429251
294,2014-03-22,429251
295,2014-03-23,429251
296,2014-03-24,429251
297,2014-03-25,429251
298,2014-03-26,429251
299,2014-03-27,429251
300,2014-03-28,429251
301,2014-03-29,429251
302,2014-03-30,429251
303,2014-03-31,429251
304,2014-04-01,433581
305,2014-04-02,433581
306,2014-04-03,433581
307,2014-04-04,433581
308,2014-04-05,433581
309,2014-04-06,433581
310,2014-04-07,433581
311,2014-04-08,433581
312,2014-04-09,433581
313,2014-04-10,433581
314,2014-04-11,433581
315,2014-04-12,433581
316,2014-04-13,433581
317,2014-04-14,433581
318,2014-04-15,433581
319,2014-04-16,433581
320,2014-04-17,433581
321,2014-04-18,433581
322,2014-04-19,433581
323,2014-04-20,433581
324,2014-04-21,433581
325,2014-04-22,433581
326,2014-04-23,433581
327,2014-04-24,433581
328,2014-04-25,433581
329,2014-04-26,433581
330,2014-04-27,433581
331,2014-04-28,433581
332,2014-04-29,433581
333,2014-04-30,433581
334,2014-05-01,434292
335,2014-05-02,434292
336,2014-05-03,434292
337,2014-05-04,434292
338,2014-05-05,434292
339,2014-05-06,434292
340,2014-05-07,434292
341,2014-05-08,434292
342,2014-05-09,434292
343,2014-05-10,434292
344,2014-05-11,434292
345,2014-05-12,434292
346,2014-05-13,434292
347,2014-05-14,434292
348,2014-05-15,434292
349,2014-05-16,434292
350,2014-05-17,434292
351,2014-05-18,434292
352,2014-05-19,434292
353,2014-05-20,434292
354,2014-05-21,434292
355,2014-05-22,434292
356,2014-05-23,434292
357,2014-05-24,434292
358,2014-05-25,434292
359,2014-05-26,434292
360,2014-05-27,434292
361,2014-05-28,434292
362,2014-05-29,434292
363,2014-05-30,434292
364,2014-05-31,434292
365,2014-06-01,435487
366,2014-06-02,435487
367,2014-06-03,435487
368,2014-06-04,435487
369,2014-06-05,435487
370,2014-06-06,435487
371,2014-06-07,435487
372,2014-06-08,435487
373,2014-06-09,435487
374,2014-06-10,435487
375,2014-06-11,435487
376,2014-06-12,435487
377,2014-06-13,435487
378,2014-06-14,435487
379,2014-06-15,435487
380,2014-06-16,435487
381,2014-06-17,435487
382,2014-06-18,435487
383,2014-06-19,435487
384,2014-06-20,435487
385,2014-06-21,435487
386,2014-06-22,435487
387,2014-06-23,435487
388,2014-06-24,435487
389,2014-06-25,435487
390,2014-06-26,435487
391,2014-06-27,435487
392,2014-06-28,435487
393,2014-06-29,435487
394,2014-06-30,435487
395,2014-07-01,436102
396,2014-07-02,436102
397,2014-07-03,436102
398,2014-07-04,436102
399,2014-07-05,436102
400,2014-07-06,436102
401,2014-07-07,436102
402,2014-07-08,436102
403,2014-07-09,436102
404,2014-07-10,436102
405,2014-07-11,436102
406,2014-07-12,436102
407,2014-07-13,436102
408,2014-07-14,436102
409,2014-07-15,436102
410,2014-07-16,436102
411,2014-07-17,436102
412,2014-07-18,436102
413,2014-07-19,436102
414,2014-07-20,436102
415,2014-07-21,436102
416,2014-07-22,436102
417,2014-07-23,436102
418,2014-07-24,436102
419,2014-07-25,436102
420,2014-07-26,436102
421,2014-07-27,436102
422,2014-07-28,436102
423,2014-07-29,436102
424,2014-07-30,436102
425,2014-07-31,436102
426,2014-08-01,439643
427,2014-08-02,439643
428,2014-08-03,439643
429,2014-08-04,439643
430,2014-08-05,439643
431,2014-08-06,439643
432,2014-08-07,439643
433,2014-08-08,439643
434,2014-08-09,439643
435,2014-08-10,439643
436,2014-08-11,439643
437,2014-08-12,439643
438,2014-08-13,439643
439,2014-08-14,439643
440,2014-08-15,439643
441,2014-08-16,439643
442,2014-08-17,439643
443,2014-08-18,439643
444,2014-08-19,439643
445,2014-08-20,439643
446,2014-08-21,439643
447,2014-08-22,439643
448,2014-08-23,439643
449,2014-08-24,439643
450,2014-08-25,439643
451,2014-08-26,439643
452,2014-08-27,439643
453,2014-08-28,439643
454,2014-08-29,439643
455,2014-08-30,439643
456,2014-08-31,439643
457,2014-09-01,438535
458,2014-09-02,438535
459,2014-09-03,438535
460,2014-09-04,438535
461,2014-09-05,438535
462,2014-09-06,438535
463,2014-09-07,438535
464,2014-09-08,438535
465,2014-09-09,438535
466,2014-09-10,438535
467,2014-09-11,438535
468,2014-09-12,438535
469,2014-09-13,438535
470,2014-09-14,438535
471,2014-09-15,438535
472,2014-09-16,438535
473,2014-09-17,438535
474,2014-09-18,438535
475,2014-09-19,438535
476,2014-09-20,438535
477,2014-09-21,438535
478,2014-09-22,438535
479,2014-09-23,438535
480,2014-09-24,438535
481,2014-09-25,438535
482,2014-09-26,438535
483,2014-09-27,438535
484,2014-09-28,438535
485,2014-09-29,438535
486,2014-09-30,438535
487,2014-10-01,440128
488,2014-10-02,440128
489,2014-10-03,440128
490,2014-10-04,440128
491,2014-10-05,440128
492,2014-10-06,440128
493,2014-10-07,440128
494,2014-10-08,440128
495,2014-10-09,440128
496,2014-10-10,440128
497,2014-10-11,440128
498,2014-10-12,440128
499,2014-10-13,440128
500,2014-10-14,440128
501,2014-10-15,440128
502,2014-10-16,440128
503,2014-10-17,440128
504,2014-10-18,440128
505,2014-10-19,440128
506,2014-10-20,440128
507,2014-10-21,440128
508,2014-10-22,440128
509,2014-10-23,440128
510,2014-10-24,440128
511,2014-10-25,440128
512,2014-10-26,440128
513,2014-10-27,440128
514,2014-10-28,440128
515,2014-10-29,440128
516,2014-10-30,440128
517,2014-10-31,440128
518,2014-11-01,441139
519,2014-11-02,441139
520,2014-11-03,441139
521,2014-11-04,441139
522,2014-11-05,441139
523,2014-11-06,441139
524,2014-11-07,441139
525,2014-11-08,441139
526,2014-11-09,441139
527,2014-11-10,441139
528,2014-11-11,441139
529,2014-11-12,441139
530,2014-11-13,441139
531,2014-11-14,441139
532,2014-11-15,441139
533,2014-11-16,441139
534,2014-11-17,441139
535,2014-11-18,441139
536,2014-11-19,441139
537,2014-11-20,441139
538,2014-11-21,441139
539,2014-11-22,441139
540,2014-11-23,441139
541,2014-11-24,441139
542,2014-11-25,441139
543,2014-11-26,441139
544,2014-11-27,441139
545,2014-11-28,441139
546,2014-11-29,441139
547,2014-11-30,441139
548,2014-12-01,438604
549,2014-12-02,438604
550,2014-12-03,438604
551,2014-12-04,438604
552,2014-12-05,438604
553,2014-12-06,438604
554,2014-12-07,438604
555,2014-12-08,438604
556,2014-12-09,438604
557,2014-12-10,438604
558,2014-12-11,438604
559,2014-12-12,438604
560,2014-12-13,438604
561,2014-12-14,438604
562,2014-12-15,438604
563,2014-12-16,438604
564,2014-12-17,438604
565,2014-12-18,438604
566,2014-12-19,438604
567,2014-12-20,438604
568,2014-12-21,438604
569,2014-12-22,438604
570,2014-12-23,438604
571,2014-12-24,438604
572,2014-12-25,438604
573,2014-12-26,438604
574,2014-12-27,438604
575,2014-12-28,438604
576,2014-12-29,438604
577,2014-12-30,438604
578,2014-12-31,438604
579,2015-01-01,436142
580,2015-01-02,436142
581,2015-01-03,436142
582,2015-01-04,436142
583,2015-01-05,436142
584,2015-01-06,436142
585,2015-01-07,436142
586,2015-01-08,436142
587,2015-01-09,436142
588,2015-01-10,436142
589,2015-01-11,436142
590,2015-01-12,436142
591,2015-01-13,436142
592,2015-01-14,436142
593,2015-01-15,436142
594,2015-01-16,436142
595,2015-01-17,436142
596,2015-01-18,436142
597,2015-01-19,436142
598,2015-01-20,436142
599,2015-01-21,436142
600,2015-01-22,436142
601,2015-01-23,436142
602,2015-01-24,436142
603,2015-01-25,436142
604,2015-01-26,436142
605,2015-01-27,436142
606,2015-01-28,436142
607,2015-01-29,436142
608,2015-01-30,436142
609,2015-01-31,436142
610,2015-02-01,435398
611,2015-02-02,435398
612,2015-02-03,435398
613,2015-02-04,435398
614,2015-02-05,435398
615,2015-02-06,435398
616,2015-02-07,435398
617,2015-02-08,435398
618,2015-02-09,435398
619,2015-02-10,435398
620,2015-02-11,435398
621,2015-02-12,435398
622,2015-02-13,435398
623,2015-02-14,435398
624,2015-02-15,435398
625,2015-02-16,435398
626,2015-02-17,435398
627,2015-02-18,435398
628,2015-02-19,435398
629,2015-02-20,435398
630,2015-02-21,435398
631,2015-02-22,435398
632,2015-02-23,435398
633,2015-02-24,435398
634,2015-02-25,435398
635,2015-02-26,435398
636,2015-02-27,435398
637,2015-02-28,435398
638,2015-03-01,442001
639,2015-03-02,442001
640,2015-03-03,442001
641,2015-03-04,442001
642,2015-03-05,442001
643,2015-03-06,442001
644,2015-03-07,442001
645,2015-03-08,442001
646,2015-03-09,442001
647,2015-03-10,442001
648,2015-03-11,442001
649,2015-03-12,442001
650,2015-03-13,442001
651,2015-03-14,442001
652,2015-03-15,442001
653,2015-03-16,442001
654,2015-03-17,442001
655,2015-03-18,442001
656,2015-03-19,442001
657,2015-03-20,442001
658,2015-03-21,442001
659,2015-03-22,442001
660,2015-03-23,442001
661,2015-03-24,442001
662,2015-03-25,442001
663,2015-03-26,442001
664,2015-03-27,442001
665,2015-03-28,442001
666,2015-03-29,442001
667,2015-03-30,442001
668,2015-03-31,442001
669,2015-04-01,442898
670,2015-04-02,442898
671,2015-04-03,442898
672,2015-04-04,442898
673,2015-04-05,442898
674,2015-04-06,442898
675,2015-04-07,442898
676,2015-04-08,442898
677,2015-04-09,442898
678,2015-04-10,442898
679,2015-04-11,442898
680,2015-04-12,442898
681,2015-04-13,442898
682,2015-04-14,442898
683,2015-04-15,442898
684,2015-04-16,442898
685,2015-04-17,442898
686,2015-04-18,442898
687,2015-04-19,442898
688,2015-04-20,442898
689,2015-04-21,442898
690,2015-04-22,442898
691,2015-04-23,442898
692,2015-04-24,442898
693,2015-04-25,442898
694,2015-04-26,442898
695,2015-04-27,442898
696,2015-04-28,442898
697,2015-04-29,442898
698,2015-04-30,442898
699,2015-05-01,446305
700,2015-05-02,446305
701,2015-05-03,446305
702,2015-05-04,446305
703,2015-05-05,446305
704,2015-05-06,446305
705,2015-05-07,446305
706,2015-05-08,446305
707,2015-05-09,446305
708,2015-05-10,446305
709,2015-05-11,446305
710,2015-05-12,446305
711,2015-05-13,446305
712,2015-05-14,446305
713,2015-05-15,446305
714,2015-05-16,446305
715,2015-05-17,446305
716,2015-05-18,446305
717,2015-05-19,446305
718,2015-05-20,446305
719,2015-05-21,446305
720,2015-05-22,446305
721,2015-05-23,446305
722,2015-05-24,446305
723,2015-05-25,446305
724,2015-05-26,446305
725,2015-05-27,446305
726,2015-05-28,446305
727,2015-05-29,446305
728,2015-05-30,446305
729,2015-05-31,446305
730,2015-06-01,446649
731,2015-06-02,446649
732,2015-06-03,446649
733,2015-06-04,446649
734,2015-06-05,446649
735,2015-06-06,446649
736,2015-06-07,446649
737,2015-06-08,446649
738,2015-06-09,446649
739,2015-06-10,446649
740,2015-06-11,446649
741,2015-06-12,446649
742,2015-06-13,446649
743,2015-06-14,446649
744,2015-06-15,446649
745,2015-06-16,446649
746,2015-06-17,446649
747,2015-06-18,446649
748,2015-06-19,446649
749,2015-06-20,446649
750,2015-06-21,446649
751,2015-06-22,446649
752,2015-06-23,446649
753,2015-06-24,446649
754,2015-06-25,446649
755,2015-06-26,446649
756,2015-06-27,446649
757,2015-06-28,446649
758,2015-06-29,446649
759,2015-06-30,446649
760,2015-07-01,450262
761,2015-07-02,450262
762,2015-07-03,450262
763,2015-07-04,450262
764,2015-07-05,450262
765,2015-07-06,450262
766,2015-07-07,450262
767,2015-07-08,450262
768,2015-07-09,450262
769,2015-07-10,450262
770,2015-07-11,450262
771,2015-07-12,450262
772,2015-07-13,450262
773,2015-07-14,450262
774,2015-07-15,450262
775,2015-07-16,450262
776,2015-07-17,450262
777,2015-07-18,450262
778,2015-07-19,450262
779,2015-07-20,450262
780,2015-07-21,450262
781,2015-07-22,450262
782,2015-07-23,450262
783,2015-07-24,450262
784,2015-07-25,450262
785,2015-07-26,450262
786,2015-07-27,450262
787,2015-07-28,450262
788,2015-07-29,450262
789,2015-07-30,450262
790,2015-07-31,450262
791,2015-08-01,450270
792,2015-08-02,450270
793,2015-08-03,450270
794,2015-08-04,450270
795,2015-08-05,450270
796,2015-08-06,450270
797,2015-08-07,450270
798,2015-08-08,450270
799,2015-08-09,450270
800,2015-08-10,450270
801,2015-08-11,450270
802,2015-08-12,450270
803,2015-08-13,450270
804,2015-08-14,450270
805,2015-08-15,450270
806,2015-08-16,450270
807,2015-08-17,450270
808,2015-08-18,450270
809,2015-08-19,450270
810,2015-08-20,450270
811,2015-08-21,450270
812,2015-08-22,450270
813,2015-08-23,450270
814,2015-08-24,450270
815,2015-08-25,450270
816,2015-08-26,450270
817,2015-08-27,450270
818,2015-08-28,450270
819,2015-08-29,450270
820,2015-08-30,450270
821,2015-08-31,450270
822,2015-09-01,448091
823,2015-09-02,448091
824,2015-09-03,448091
825,2015-09-04,448091
826,2015-09-05,448091
827,2015-09-06,448091
828,2015-09-07,448091
829,2015-09-08,448091
830,2015-09-09,448091
831,2015-09-10,448091
832,2015-09-11,448091
833,2015-09-12,448091
834,2015-09-13,448091
835,2015-09-14,448091
836,2015-09-15,448091
837,2015-09-16,448091
838,2015-09-17,448091
839,2015-09-18,448091
840,2015-09-19,448091
841,2015-09-20,448091
842,2015-09-21,448091
843,2015-09-22,448091
844,2015-09-23,448091
845,2015-09-24,448091
846,2015-09-25,448091
847,2015-09-26,448091
848,2015-09-27,448091
849,2015-09-28,448091
850,2015-09-29,448091
851,2015-09-30,448091
852,2015-10-01,447083
853,2015-10-02,447083
854,2015-10-03,447083
855,2015-10-04,447083
856,2015-10-05,447083
857,2015-10-06,447083
858,2015-10-07,447083
859,2015-10-08,447083
860,2015-10-09,447083
861,2015-10-10,447083
862,2015-10-11,447083
863,2015-10-12,447083
864,2015-10-13,447083
865,2015-10-14,447083
866,2015-10-15,447083
867,2015-10-16,447083
868,2015-10-17,447083
869,2015-10-18,447083
870,2015-10-19,447083
871,2015-10-20,447083
872,2015-10-21,447083
873,2015-10-22,447083
874,2015-10-23,447083
875,2015-10-24,447083
876,2015-10-25,447083
877,2015-10-26,447083
878,2015-10-27,447083
879,2015-10-28,447083
880,2015-10-29,447083
881,2015-10-30,447083
882,2015-10-31,447083
883,2015-11-01,448892
884,2015-11-02,448892
885,2015-11-03,448892
886,2015-11-04,448892
887,2015-11-05,448892
888,2015-11-06,448892
889,2015-11-07,448892
890,2015-11-08,448892
891,2015-11-09,448892
892,2015-11-10,448892
893,2015-11-11,448892
894,2015-11-12,448892
895,2015-11-13,448892
896,2015-11-14,448892
897,2015-11-15,448892
898,2015-11-16,448892
899,2015-11-17,448892
900,2015-11-18,448892
901,2015-11-19,448892
902,2015-11-20,448892
903,2015-11-21,448892
904,2015-11-22,448892
905,2015-11-23,448892
906,2015-11-24,448892
907,2015-11-25,448892
908,2015-11-26,448892
909,2015-11-27,448892
910,2015-11-28,448892
911,2015-11-29,448892
912,2015-11-30,448892
913,2015-12-01,450611
914,2015-12-02,450611
915,2015-12-03,450611
916,2015-12-04,450611
917,2015-12-05,450611
918,2015-12-06,450611
919,2015-12-07,450611
920,2015-12-08,450611
921,2015-12-09,450611
922,2015-12-10,450611
923,2015-12-11,450611
924,2015-12-12,450611
925,2015-12-13,450611
926,2015-12-14,450611
927,2015-12-15,450611
928,2015-12-16,450611
929,2015-12-17,450611
930,2015-12-18,450611
931,2015-12-19,450611
932,2015-12-20,450611
933,2015-12-21,450611
934,2015-12-22,450611
935,2015-12-23,450611
936,2015-12-24,450611
937,2015-12-25,450611
938,2015-12-26,450611
939,2015-12-27,450611
940,2015-12-28,450611
941,2015-12-29,450611
942,2015-12-30,450611
943,2015-12-31,450611
944,2016-01-01,447561
945,2016-01-02,447561
946,2016-01-03,447561
947,2016-01-04,447561
948,2016-01-05,447561
949,2016-01-06,447561
950,2016-01-07,447561
951,2016-01-08,447561
952,2016-01-09,447561
953,2016-01-10,447561
954,2016-01-11,447561
955,2016-01-12,447561
956,2016-01-13,447561
957,2016-01-14,447561
958,2016-01-15,447561
959,2016-01-16,447561
960,2016-01-17,447561
961,2016-01-18,447561
962,2016-01-19,447561
963,2016-01-20,447561
964,2016-01-21,447561
965,2016-01-22,447561
966,2016-01-23,447561
967,2016-01-24,447561
968,2016-01-25,447561
969,2016-01-26,447561
970,2016-01-27,447561
971,2016-01-28,447561
972,2016-01-29,447561
973,2016-01-30,447561
974,2016-01-31,447561
975,2016-02-01,451821
976,2016-02-02,451821
977,2016-02-03,451821
978,2016-02-04,451821
979,2016-02-05,451821
980,2016-02-06,451821
981,2016-02-07,451821
982,2016-02-08,451821
983,2016-02-09,451821
984,2016-02-10,451821
985,2016-02-11,451821
986,2016-02-12,451821
987,2016-02-13,451821
988,2016-02-14,451821
989,2016-02-15,451821
990,2016-02-16,451821
991,2016-02-17,451821
992,2016-02-18,451821
993,2016-02-19,451821
994,2016-02-20,451821
995,2016-02-21,451821
996,2016-02-22,451821
997,2016-02-23,451821
998,2016-02-24,451821
999,2016-02-25,451821
1000,2016-02-26,451821
1001,2016-02-27,451821
1002,2016-02-28,451821
1003,2016-02-29,451821
1004,2016-03-01,450561
1005,2016-03-02,450561
1006,2016-03-03,450561
1007,2016-03-04,450561
1008,2016-03-05,450561
1009,2016-03-06,450561
1010,2016-03-07,450561
1011,2016-03-08,450561
1012,2016-03-09,450561
1013,2016-03-10,450561
1014,2016-03-11,450561
1015,2016-03-12,450561
1016,2016-03-13,450561
1017,2016-03-14,450561
1018,2016-03-15,450561
1019,2016-03-16,450561
1020,2016-03-17,450561
1021,2016-03-18,450561
1022,2016-03-19,450561
1023,2016-03-20,450561
1024,2016-03-21,450561
1025,2016-03-22,450561
1026,2016-03-23,450561
1027,2016-03-24,450561
1028,2016-03-25,450561
1029,2016-03-26,450561
1030,2016-03-27,450561
1031,2016-03-28,450561
1032,2016-03-29,450561
1033,2016-03-30,450561
1034,2016-03-31,450561
1035,2016-04-01,452443
1036,2016-04-02,452443
1037,2016-04-03,452443
1038,2016-04-04,452443
1039,2016-04-05,452443
1040,2016-04-06,452443
1041,2016-04-07,452443
1042,2016-04-08,452443
1043,2016-04-09,452443
1044,2016-04-10,452443
1045,2016-04-11,452443
1046,2016-04-12,452443
1047,2016-04-13,452443
1048,2016-04-14,452443
1049,2016-04-15,452443
1050,2016-04-16,452443
1051,2016-04-17,452443
1052,2016-04-18,452443
1053,2016-04-19,452443
1054,2016-04-20,452443
1055,2016-04-21,452443
1056,2016-04-22,452443
1057,2016-04-23,452443
1058,2016-04-24,452443
1059,2016-04-25,452443
1060,2016-04-26,452443
1061,2016-04-27,452443
1062,2016-04-28,452443
1063,2016-04-29,452443
1064,2016-04-30,452443
1065,2016-05-01,454003
1066,2016-05-02,454003
1067,2016-05-03,454003
1068,2016-05-04,454003
1069,2016-05-05,454003
1070,2016-05-06,454003
1071,2016-05-07,454003
1072,2016-05-08,454003
1073,2016-05-09,454003
1074,2016-05-10,454003
1075,2016-05-11,454003
1076,2016-05-12,454003
1077,2016-05-13,454003
1078,2016-05-14,454003
1079,2016-05-15,454003
1080,2016-05-16,454003
1081,2016-05-17,454003
1082,2016-05-18,454003
1083,2016-05-19,454003
1084,2016-05-20,454003
1085,2016-05-21,454003
1086,2016-05-22,454003
1087,2016-05-23,454003
1088,2016-05-24,454003
1089,2016-05-25,454003
1090,2016-05-26,454003
1091,2016-05-27,454003
1092,2016-05-28,454003
1093,2016-05-29,454003
1094,2016-05-30,454003
1095,2016-05-31,454003
1096,2016-06-01,458757
1097,2016-06-02,458757
1098,2016-06-03,458757
1099,2016-06-04,458757
1100,2016-06-05,458757
1101,2016-06-06,458757
1102,2016-06-07,458757
1103,2016-06-08,458757
1104,2016-06-09,458757
1105,2016-06-10,458757
1106,2016-06-11,458757
1107,2016-06-12,458757
1108,2016-06-13,458757
1109,2016-06-14,458757
1110,2016-06-15,458757
1111,2016-06-16,458757
1112,2016-06-17,458757
1113,2016-06-18,458757
1114,2016-06-19,458757
1115,2016-06-20,458757
1116,2016-06-21,458757
1117,2016-06-22,458757
1118,2016-06-23,458757
1119,2016-06-24,458757
1120,2016-06-25,458757
1121,2016-06-26,458757
1122,2016-06-27,458757
1123,2016-06-28,458757
1124,2016-06-29,458757
1125,2016-06-30,458757
1126,2016-07-01,458192
1127,2016-07-02,458192
1128,2016-07-03,458192
1129,2016-07-04,458192
1130,2016-07-05,458192
1131,2016-07-06,458192
1132,2016-07-07,458192
1133,2016-07-08,458192
1134,2016-07-09,458192
1135,2016-07-10,458192
1136,2016-07-11,458192
1137,2016-07-12,458192
1138,2016-07-13,458192
1139,2016-07-14,458192
1140,2016-07-15,458192
1141,2016-07-16,458192
1142,2016-07-17,458192
1143,2016-07-18,458192
1144,2016-07-19,458192
1145,2016-07-20,458192
1146,2016-07-21,458192
1147,2016-07-22,458192
1148,2016-07-23,458192
1149,2016-07-24,458192
1150,2016-07-25,458192
1151,2016-07-26,458192
1152,2016-07-27,458192
1153,2016-07-28,458192
1154,2016-07-29,458192
1155,2016-07-30,458192
1156,2016-07-31,458192
1157,2016-08-01,458505
1158,2016-08-02,458505
1159,2016-08-03,458505
1160,2016-08-04,458505
1161,2016-08-05,458505
1162,2016-08-06,458505
1163,2016-08-07,458505
1164,2016-08-08,458505
1165,2016-08-09,458505
1166,2016-08-10,458505
1167,2016-08-11,458505
1168,2016-08-12,458505
1169,2016-08-13,458505
1170,2016-08-14,458505
1171,2016-08-15,458505
1172,2016-08-16,458505
1173,2016-08-17,458505
1174,2016-08-18,458505
1175,2016-08-19,458505
1176,2016-08-20,458505
1177,2016-08-21,458505
1178,2016-08-22,458505
1179,2016-08-23,458505
1180,2016-08-24,458505
1181,2016-08-25,458505
1182,2016-08-26,458505
1183,2016-08-27,458505
1184,2016-08-28,458505
1185,2016-08-29,458505
1186,2016-08-30,458505
1187,2016-08-31,458505
1188,2016-09-01,461454
1189,2016-09-02,461454
1190,2016-09-03,461454
1191,2016-09-04,461454
1192,2016-09-05,461454
1193,2016-09-06,461454
1194,2016-09-07,461454
1195,2016-09-08,461454
1196,2016-09-09,461454
1197,2016-09-10,461454
1198,2016-09-11,461454
1199,2016-09-12,461454
1200,2016-09-13,461454
1201,2016-09-14,461454
1202,2016-09-15,461454
1203,2016-09-16,461454
1204,2016-09-17,461454
1205,2016-09-18,461454
1206,2016-09-19,461454
1207,2016-09-20,461454
1208,2016-09-21,461454
1209,2016-09-22,461454
1210,2016-09-23,461454
1211,2016-09-24,461454
1212,2016-09-25,461454
1213,2016-09-26,461454
1214,2016-09-27,461454
1215,2016-09-28,461454
1216,2016-09-29,461454
1217,2016-09-30,461454
1218,2016-10-01,462455
1219,2016-10-02,462455
1220,2016-10-03,462455
1221,2016-10-04,462455
1222,2016-10-05,462455
1223,2016-10-06,462455
1224,2016-10-07,462455
1225,2016-10-08,462455
1226,2016-10-09,462455
1227,2016-10-10,462455
1228,2016-10-11,462455
1229,2016-10-12,462455
1230,2016-10-13,462455
1231,2016-10-14,462455
1232,2016-10-15,462455
1233,2016-10-16,462455
1234,2016-10-17,462455
1235,2016-10-18,462455
1236,2016-10-19,462455
1237,2016-10-20,462455
1238,2016-10-21,462455
1239,2016-10-22,462455
1240,2016-10-23,462455
1241,2016-10-24,462455
1242,2016-10-25,462455
1243,2016-10-26,462455
1244,2016-10-27,462455
1245,2016-10-28,462455
1246,2016-10-29,462455
1247,2016-10-30,462455
1248,2016-10-31,462455
1249,2016-11-01,462288
1250,2016-11-02,462288
1251,2016-11-03,462288
1252,2016-11-04,462288
1253,2016-11-05,462288
1254,2016-11-06,462288
1255,2016-11-07,462288
1256,2016-11-08,462288
1257,2016-11-09,462288
1258,2016-11-10,462288
1259,2016-11-11,462288
1260,2016-11-12,462288
1261,2016-11-13,462288
1262,2016-11-14,462288
1263,2016-11-15,462288
1264,2016-11-16,462288
1265,2016-11-17,462288
1266,2016-11-18,462288
1267,2016-11-19,462288
1268,2016-11-20,462288
1269,2016-11-21,462288
1270,2016-11-22,462288
1271,2016-11-23,462288
1272,2016-11-24,462288
1273,2016-11-25,462288
1274,2016-11-26,462288
1275,2016-11-27,462288
1276,2016-11-28,462288
1277,2016-11-29,462288
1278,2016-11-30,462288
1279,2016-12-01,467979
1280,2016-12-02,467979
1281,2016-12-03,467979
1282,2016-12-04,467979
1283,2016-12-05,467979
1284,2016-12-06,467979
1285,2016-12-07,467979
1286,2016-12-08,467979
1287,2016-12-09,467979
1288,2016-12-10,467979
1289,2016-12-11,467979
1290,2016-12-12,467979
1291,2016-12-13,467979
1292,2016-12-14,467979
1293,2016-12-15,467979
1294,2016-12-16,467979
1295,2016-12-17,467979
1296,2016-12-18,467979
1297,2016-12-19,467979
1298,2016-12-20,467979
1299,2016-12-21,467979
1300,2016-12-22,467979
1301,2016-12-23,467979
1302,2016-12-24,467979
1303,2016-12-25,467979
1304,2016-12-26,467979
1305,2016-12-27,467979
1306,2016-12-28,467979
1307,2016-12-29,467979
1308,2016-12-30,467979
1309,2016-12-31,467979
1310,2017-01-01,473101
1311,2017-01-02,473101
1312,2017-01-03,473101
1313,2017-01-04,473101
1314,2017-01-05,473101
1315,2017-01-06,473101
1316,2017-01-07,473101
1317,2017-01-08,473101
1318,2017-01-09,473101
1319,2017-01-10,473101
1320,2017-01-11,473101
1321,2017-01-12,473101
1322,2017-01-13,473101
1323,2017-01-14,473101
1324,2017-01-15,473101
1325,2017-01-16,473101
1326,2017-01-17,473101
1327,2017-01-18,473101
1328,2017-01-19,473101
1329,2017-01-20,473101
1330,2017-01-21,473101
1331,2017-01-22,473101
1332,2017-01-23,473101
1333,2017-01-24,473101
1334,2017-01-25,473101
1335,2017-01-26,473101
1336,2017-01-27,473101
1337,2017-01-28,473101
1338,2017-01-29,473101
1339,2017-01-30,473101
1340,2017-01-31,473101
1341,2017-02-01,472927
1342,2017-02-02,472927
1343,2017-02-03,472927
1344,2017-02-04,472927
1345,2017-02-05,472927
1346,2017-02-06,472927
1347,2017-02-07,472927
1348,2017-02-08,472927
1349,2017-02-09,472927
1350,2017-02-10,472927
1351,2017-02-11,472927
1352,2017-02-12,472927
1353,2017-02-13,472927
1354,2017-02-14,472927
1355,2017-02-15,472927
1356,2017-02-16,472927
1357,2017-02-17,472927
1358,2017-02-18,472927
1359,2017-02-19,472927
1360,2017-02-20,472927
1361,2017-02-21,472927
1362,2017-02-22,472927
1363,2017-02-23,472927
1364,2017-02-24,472927
1365,2017-02-25,472927
1366,2017-02-26,472927
1367,2017-02-27,472927
1368,2017-02-28,472927
1369,2017-03-01,472170
1370,2017-03-02,472170
1371,2017-03-03,472170
1372,2017-03-04,472170
1373,2017-03-05,472170
1374,2017-03-06,472170
1375,2017-03-07,472170
1376,2017-03-08,472170
1377,2017-03-09,472170
1378,2017-03-10,472170
1379,2017-03-11,472170
1380,2017-03-12,472170
1381,2017-03-13,472170
1382,2017-03-14,472170
1383,2017-03-15,472170
1384,2017-03-16,472170
1385,2017-03-17,472170
1386,2017-03-18,472170
1387,2017-03-19,472170
1388,2017-03-20,472170
1389,2017-03-21,472170
1390,2017-03-22,472170
1391,2017-03-23,472170
1392,2017-03-24,472170
1393,2017-03-25,472170
1394,2017-03-26,472170
1395,2017-03-27,472170
1396,2017-03-28,472170
1397,2017-03-29,472170
1398,2017-03-30,472170
1399,2017-03-31,472170
1400,2017-04-01,473916
1401,2017-04-02,473916
1402,2017-04-03,473916
1403,2017-04-04,473916
1404,2017-04-05,473916
1405,2017-04-06,473916
1406,2017-04-07,473916
1407,2017-04-08,473916
1408,2017-04-09,473916
1409,2017-04-10,473916
1410,2017-04-11,473916
1411,2017-04-12,473916
1412,2017-04-13,473916
1413,2017-04-14,473916
1414,2017-04-15,473916
1415,2017-04-16,473916
1416,2017-04-17,473916
1417,2017-04-18,473916
1418,2017-04-19,473916
1419,2017-04-20,473916
1420,2017-04-21,473916
1421,2017-04-22,473916
1422,2017-04-23,473916
1423,2017-04-24,473916
1424,2017-04-25,473916
1425,2017-04-26,473916
1426,2017-04-27,473916
1427,2017-04-28,473916
1428,2017-04-29,473916
1429,2017-04-30,473916
1430,2017-05-01,471486
1431,2017-05-02,471486
1432,2017-05-03,471486
1433,2017-05-04,471486
1434,2017-05-05,471486
1435,2017-05-06,471486
1436,2017-05-07,471486
1437,2017-05-08,471486
1438,2017-05-09,471486
1439,2017-05-10,471486
1440,2017-05-11,471486
1441,2017-05-12,471486
1442,2017-05-13,471486
1443,2017-05-14,471486
1444,2017-05-15,471486
1445,2017-05-16,471486
1446,2017-05-17,471486
1447,2017-05-18,471486
1448,2017-05-19,471486
1449,2017-05-20,471486
1450,2017-05-21,471486
1451,2017-05-22,471486
1452,2017-05-23,471486
1453,2017-05-24,471486
1454,2017-05-25,471486
1455,2017-05-26,471486
1456,2017-05-27,471486
1457,2017-05-28,471486
1458,2017-05-29,471486
1459,2017-05-30,471486
1460,2017-05-31,471486
1461,2017-06-01,473538
1462,2017-06-02,473538
1463,2017-06-03,473538
1464,2017-06-04,473538
1465,2017-06-05,473538
1466,2017-06-06,473538
1467,2017-06-07,473538
1468,2017-06-08,473538
1469,2017-06-09,473538
1470,2017-06-10,473538
1471,2017-06-11,473538
1472,2017-06-12,473538
1473,2017-06-13,473538
1474,2017-06-14,473538
1475,2017-06-15,473538
1476,2017-06-16,473538
1477,2017-06-17,473538
1478,2017-06-18,473538
1479,2017-06-19,473538
1480,2017-06-20,473538
1481,2017-06-21,473538
1482,2017-06-22,473538
1483,2017-06-23,473538
1484,2017-06-24,473538
1485,2017-06-25,473538
1486,2017-06-26,473538
1487,2017-06-27,473538
1488,2017-06-28,473538
1489,2017-06-29,473538
1490,2017-06-30,473538
1491,2017-07-01,473583
1492,2017-07-02,473583
1493,2017-07-03,473583
1494,2017-07-04,473583
1495,2017-07-05,473583
1496,2017-07-06,473583
1497,2017-07-07,473583
1498,2017-07-08,473583
1499,2017-07-09,473583
1500,2017-07-10,473583
1501,2017-07-11,473583
1502,2017-07-12,473583
1503,2017-07-13,473583
1504,2017-07-14,473583
1505,2017-07-15,473583
1506,2017-07-16,473583
1507,2017-07-17,473583
1508,2017-07-18,473583
1509,2017-07-19,473583
1510,2017-07-20,473583
1511,2017-07-21,473583
1512,2017-07-22,473583
1513,2017-07-23,473583
1514,2017-07-24,473583
1515,2017-07-25,473583
1516,2017-07-26,473583
1517,2017-07-27,473583
1518,2017-07-28,473583
1519,2017-07-29,473583
1520,2017-07-30,473583
1521,2017-07-31,473583
1522,2017-08-01,474421
1523,2017-08-02,474421
1524,2017-08-03,474421
1525,2017-08-04,474421
1526,2017-08-05,474421
1527,2017-08-06,474421
1528,2017-08-07,474421
1529,2017-08-08,474421
1530,2017-08-09,474421
1531,2017-08-10,474421
1532,2017-08-11,474421
1533,2017-08-12,474421
1534,2017-08-13,474421
1535,2017-08-14,474421
1536,2017-08-15,474421
1537,2017-08-16,474421
1538,2017-08-17,474421
1539,2017-08-18,474421
1540,2017-08-19,474421
1541,2017-08-20,474421
1542,2017-08-21,474421
1543,2017-08-22,474421
1544,2017-08-23,474421
1545,2017-08-24,474421
1546,2017-08-25,474421
1547,2017-08-26,474421
1548,2017-08-27,474421
1549,2017-08-28,474421
1550,2017-08-29,474421
1551,2017-08-30,474421
1552,2017-08-31,474421
1553,2017-09-01,484107
1554,2017-09-02,484107
1555,2017-09-03,484107
1556,2017-09-04,484107
1557,2017-09-05,484107
1558,2017-09-06,484107
1559,2017-09-07,484107
1560,2017-09-08,484107
1561,2017-09-09,484107
1562,2017-09-10,484107
1563,2017-09-11,484107
1564,2017-09-12,484107
1565,2017-09-13,484107
1566,2017-09-14,484107
1567,2017-09-15,484107
1568,2017-09-16,484107
1569,2017-09-17,484107
1570,2017-09-18,484107
1571,2017-09-19,484107
1572,2017-09-20,484107
1573,2017-09-21,484107
1574,2017-09-22,484107
1575,2017-09-23,484107
1576,2017-09-24,484107
1577,2017-09-25,484107
1578,2017-09-26,484107
1579,2017-09-27,484107
1580,2017-09-28,484107
1581,2017-09-29,484107
1582,2017-09-30,484107
1583,2017-10-01,485016
1584,2017-10-02,485016
1585,2017-10-03,485016
1586,2017-10-04,485016
1587,2017-10-05,485016
1588,2017-10-06,485016
1589,2017-10-07,485016
1590,2017-10-08,485016
1591,2017-10-09,485016
1592,2017-10-10,485016
1593,2017-10-11,485016
1594,2017-10-12,485016
1595,2017-10-13,485016
1596,2017-10-14,485016
1597,2017-10-15,485016
1598,2017-10-16,485016
1599,2017-10-17,485016
1600,2017-10-18,485016
1601,2017-10-19,485016
1602,2017-10-20,485016
1603,2017-10-21,485016
1604,2017-10-22,485016
1605,2017-10-23,485016
1606,2017-10-24,485016
1607,2017-10-25,485016
1608,2017-10-26,485016
1609,2017-10-27,485016
1610,2017-10-28,485016
1611,2017-10-29,485016
1612,2017-10-30,485016
1613,2017-10-31,485016
1614,2017-11-01,489917
1615,2017-11-02,489917
1616,2017-11-03,489917
1617,2017-11-04,489917
1618,2017-11-05,489917
1619,2017-11-06,489917
1620,2017-11-07,489917
1621,2017-11-08,489917
1622,2017-11-09,489917
1623,2017-11-10,489917
1624,2017-11-11,489917
1625,2017-11-12,489917
1626,2017-11-13,489917
1627,2017-11-14,489917
1628,2017-11-15,489917
1629,2017-11-16,489917
1630,2017-11-17,489917
1631,2017-11-18,489917
1632,2017-11-19,489917
1633,2017-11-20,489917
1634,2017-11-21,489917
1635,2017-11-22,489917
1636,2017-11-23,489917
1637,2017-11-24,489917
1638,2017-11-25,489917
1639,2017-11-26,489917
1640,2017-11-27,489917
1641,2017-11-28,489917
1642,2017-11-29,489917
1643,2017-11-30,489917
1644,2017-12-01,492859
1645,2017-12-02,492859
1646,2017-12-03,492859
1647,2017-12-04,492859
1648,2017-12-05,492859
1649,2017-12-06,492859
1650,2017-12-07,492859
1651,2017-12-08,492859
1652,2017-12-09,492859
1653,2017-12-10,492859
1654,2017-12-11,492859
1655,2017-12-12,492859
1656,2017-12-13,492859
1657,2017-12-14,492859
1658,2017-12-15,492859
1659,2017-12-16,492859
1660,2017-12-17,492859
1661,2017-12-18,492859
1662,2017-12-19,492859
1663,2017-12-20,492859
1664,2017-12-21,492859
1665,2017-12-22,492859
1666,2017-12-23,492859
1667,2017-12-24,492859
1668,2017-12-25,492859
1669,2017-12-26,492859
1670,2017-12-27,492859
1671,2017-12-28,492859
1672,2017-12-29,492859
1673,2017-12-30,492859
1674,2017-12-31,492859
1675,2018-01-01,490447
1676,2018-01-02,490447
1677,2018-01-03,490447
1678,2018-01-04,490447
1679,2018-01-05,490447
1680,2018-01-06,490447
1681,2018-01-07,490447
1682,2018-01-08,490447
1683,2018-01-09,490447
1684,2018-01-10,490447
1685,2018-01-11,490447
1686,2018-01-12,490447
1687,2018-01-13,490447
1688,2018-01-14,490447
1689,2018-01-15,490447
1690,2018-01-16,490447
1691,2018-01-17,490447
1692,2018-01-18,490447
1693,2018-01-19,490447
1694,2018-01-20,490447
1695,2018-01-21,490447
1696,2018-01-22,490447
1697,2018-01-23,490447
1698,2018-01-24,490447
1699,2018-01-25,490447
1700,2018-01-26,490447
1701,2018-01-27,490447
1702,2018-01-28,490447
1703,2018-01-29,490447
1704,2018-01-30,490447
1705,2018-01-31,490447
1706,2018-02-01,493422
1707,2018-02-02,493422
1708,2018-02-03,493422
1709,2018-02-04,493422
1710,2018-02-05,493422
1711,2018-02-06,493422
1712,2018-02-07,493422
1713,2018-02-08,493422
1714,2018-02-09,493422
1715,2018-02-10,493422
1716,2018-02-11,493422
1717,2018-02-12,493422
1718,2018-02-13,493422
1719,2018-02-14,493422
1720,2018-02-15,493422
1721,2018-02-16,493422
1722,2018-02-17,493422
1723,2018-02-18,493422
1724,2018-02-19,493422
1725,2018-02-20,493422
1726,2018-02-21,493422
1727,2018-02-22,493422
1728,2018-02-23,493422
1729,2018-02-24,493422
1730,2018-02-25,493422
1731,2018-02-26,493422
1732,2018-02-27,493422
1733,2018-02-28,493422
1734,2018-03-01,493123
1735,2018-03-02,493123
1736,2018-03-03,493123
1737,2018-03-04,493123
1738,2018-03-05,493123
1739,2018-03-06,493123
1740,2018-03-07,493123
1741,2018-03-08,493123
1742,2018-03-09,493123
1743,2018-03-10,493123
1744,2018-03-11,493123
1745,2018-03-12,493123
1746,2018-03-13,493123
1747,2018-03-14,493123
1748,2018-03-15,493123
1749,2018-03-16,493123
1750,2018-03-17,493123
1751,2018-03-18,493123
1752,2018-03-19,493123
1753,2018-03-20,493123
1754,2018-03-21,493123
1755,2018-03-22,493123
1756,2018-03-23,493123
1757,2018-03-24,493123
1758,2018-03-25,493123
1759,2018-03-26,493123
1760,2018-03-27,493123
1761,2018-03-28,493123
1762,2018-03-29,493123
1763,2018-03-30,493123
1764,2018-03-31,493123
1765,2018-04-01,494303
1766,2018-04-02,494303
1767,2018-04-03,494303
1768,2018-04-04,494303
1769,2018-04-05,494303
1770,2018-04-06,494303
1771,2018-04-07,494303
1772,2018-04-08,494303
1773,2018-04-09,494303
1774,2018-04-10,494303
1775,2018-04-11,494303
1776,2018-04-12,494303
1777,2018-04-13,494303
1778,2018-04-14,494303
1779,2018-04-15,494303
1780,2018-04-16,494303
1781,2018-04-17,494303
1782,2018-04-18,494303
1783,2018-04-19,494303
1784,2018-04-20,494303
1785,2018-04-21,494303
1786,2018-04-22,494303
1787,2018-04-23,494303
1788,2018-04-24,494303
1789,2018-04-25,494303
1790,2018-04-26,494303
1791,2018-04-27,494303
1792,2018-04-28,494303
1793,2018-04-29,494303
1794,2018-04-30,494303
1795,2018-05-01,500585
1796,2018-05-02,500585
1797,2018-05-03,500585
1798,2018-05-04,500585
1799,2018-05-05,500585
1800,2018-05-06,500585
1801,2018-05-07,500585
1802,2018-05-08,500585
1803,2018-05-09,500585
1804,2018-05-10,500585
1805,2018-05-11,500585
1806,2018-05-12,500585
1807,2018-05-13,500585
1808,2018-05-14,500585
1809,2018-05-15,500585
1810,2018-05-16,500585
1811,2018-05-17,500585
1812,2018-05-18,500585
1813,2018-05-19,500585
1814,2018-05-20,500585
1815,2018-05-21,500585
1816,2018-05-22,500585
1817,2018-05-23,500585
1818,2018-05-24,500585
1819,2018-05-25,500585
1820,2018-05-26,500585
1821,2018-05-27,500585
1822,2018-05-28,500585
1823,2018-05-29,500585
1824,2018-05-30,500585
1825,2018-05-31,500585
1826,2018-06-01,498989
1827,2018-06-02,498989
1828,2018-06-03,498989
1829,2018-06-04,498989
1830,2018-06-05,498989
1831,2018-06-06,498989
1832,2018-06-07,498989
1833,2018-06-08,498989
1834,2018-06-09,498989
1835,2018-06-10,498989
1836,2018-06-11,498989
1837,2018-06-12,498989
1838,2018-06-13,498989
1839,2018-06-14,498989
1840,2018-06-15,498989
1841,2018-06-16,498989
1842,2018-06-17,498989
1843,2018-06-18,498989
1844,2018-06-19,498989
1845,2018-06-20,498989
1846,2018-06-21,498989
1847,2018-06-22,498989
1848,2018-06-23,498989
1849,2018-06-24,498989
1850,2018-06-25,498989
1851,2018-06-26,498989
1852,2018-06-27,498989
1853,2018-06-28,498989
1854,2018-06-29,498989
1855,2018-06-30,498989
1856,2018-07-01,502441
1857,2018-07-02,502441
1858,2018-07-03,502441
1859,2018-07-04,502441
1860,2018-07-05,502441
1861,2018-07-06,502441
1862,2018-07-07,502441
1863,2018-07-08,502441
1864,2018-07-09,502441
1865,2018-07-10,502441
1866,2018-07-11,502441
1867,2018-07-12,502441
1868,2018-07-13,502441
1869,2018-07-14,502441
1870,2018-07-15,502441
1871,2018-07-16,502441
1872,2018-07-17,502441
1873,2018-07-18,502441
1874,2018-07-19,502441
1875,2018-07-20,502441
1876,2018-07-21,502441
1877,2018-07-22,502441
1878,2018-07-23,502441
1879,2018-07-24,502441
1880,2018-07-25,502441
1881,2018-07-26,502441
1882,2018-07-27,502441
1883,2018-07-28,502441
1884,2018-07-29,502441
1885,2018-07-30,502441
1886,2018-07-31,502441
1887,2018-08-01,502076
1888,2018-08-02,502076
1889,2018-08-03,502076
1890,2018-08-04,502076
1891,2018-08-05,502076
1892,2018-08-06,502076
1893,2018-08-07,502076
1894,2018-08-08,502076
1895,2018-08-09,502076
1896,2018-08-10,502076
1897,2018-08-11,502076
1898,2018-08-12,502076
1899,2018-08-13,502076
1900,2018-08-14,502076
1901,2018-08-15,502076
1902,2018-08-16,502076
1903,2018-08-17,502076
1904,2018-08-18,502076
1905,2018-08-19,502076
1906,2018-08-20,502076
1907,2018-08-21,502076
1908,2018-08-22,502076
1909,2018-08-23,502076
1910,2018-08-24,502076
1911,2018-08-25,502076
1912,2018-08-26,502076
1913,2018-08-27,502076
1914,2018-08-28,502076
1915,2018-08-29,502076
1916,2018-08-30,502076
1917,2018-08-31,502076
1918,2018-09-01,499995
1919,2018-09-02,499995
1920,2018-09-03,499995
1921,2018-09-04,499995
1922,2018-09-05,499995
1923,2018-09-06,499995
1924,2018-09-07,499995
1925,2018-09-08,499995
1926,2018-09-09,499995
1927,2018-09-10,499995
1928,2018-09-11,499995
1929,2018-09-12,499995
1930,2018-09-13,499995
1931,2018-09-14,499995
1932,2018-09-15,499995
1933,2018-09-16,499995
1934,2018-09-17,499995
1935,2018-09-18,499995
1936,2018-09-19,499995
1937,2018-09-20,499995
1938,2018-09-21,499995
1939,2018-09-22,499995
1940,2018-09-23,499995
1941,2018-09-24,499995
1942,2018-09-25,499995
1943,2018-09-26,499995
1944,2018-09-27,499995
1945,2018-09-28,499995
1946,2018-09-29,499995
1947,2018-09-30,499995
1948,2018-10-01,505338
1949,2018-10-02,505338
1950,2018-10-03,505338
1951,2018-10-04,505338
1952,2018-10-05,505338
1953,2018-10-06,505338
1954,2018-10-07,505338
1955,2018-10-08,505338
1956,2018-10-09,505338
1957,2018-10-10,505338
1958,2018-10-11,505338
1959,2018-10-12,505338
1960,2018-10-13,505338
1961,2018-10-14,505338
1962,2018-10-15,505338
1963,2018-10-16,505338
1964,2018-10-17,505338
1965,2018-10-18,505338
1966,2018-10-19,505338
1967,2018-10-20,505338
1968,2018-10-21,505338
1969,2018-10-22,505338
1970,2018-10-23,505338
1971,2018-10-24,505338
1972,2018-10-25,505338
1973,2018-10-26,505338
1974,2018-10-27,505338
1975,2018-10-28,505338
1976,2018-10-29,505338
1977,2018-10-30,505338
1978,2018-10-31,505338
1979,2018-11-01,507073
1980,2018-11-02,507073
1981,2018-11-03,507073
1982,2018-11-04,507073
1983,2018-11-05,507073
1984,2018-11-06,507073
1985,2018-11-07,507073
1986,2018-11-08,507073
1987,2018-11-09,507073
1988,2018-11-10,507073
1989,2018-11-11,507073
1990,2018-11-12,507073
1991,2018-11-13,507073
1992,2018-11-14,507073
1993,2018-11-15,507073
1994,2018-11-16,507073
1995,2018-11-17,507073
1996,2018-11-18,507073
1997,2018-11-19,507073
1998,2018-11-20,507073
1999,2018-11-21,507073
2000,2018-11-22,507073
2001,2018-11-23,507073
2002,2018-11-24,507073
2003,2018-11-25,507073
2004,2018-11-26,507073
2005,2018-11-27,507073
2006,2018-11-28,507073
2007,2018-11-29,507073
2008,2018-11-30,507073
2009,2018-12-01,496683
2010,2018-12-02,496683
2011,2018-12-03,496683
2012,2018-12-04,496683
2013,2018-12-05,496683
2014,2018-12-06,496683
2015,2018-12-07,496683
2016,2018-12-08,496683
2017,2018-12-09,496683
2018,2018-12-10,496683
2019,2018-12-11,496683
2020,2018-12-12,496683
2021,2018-12-13,496683
2022,2018-12-14,496683
2023,2018-12-15,496683
2024,2018-12-16,496683
2025,2018-12-17,496683
2026,2018-12-18,496683
2027,2018-12-19,496683
2028,2018-12-20,496683
2029,2018-12-21,496683
2030,2018-12-22,496683
2031,2018-12-23,496683
2032,2018-12-24,496683
2033,2018-12-25,496683
2034,2018-12-26,496683
2035,2018-12-27,496683
2036,2018-12-28,496683
2037,2018-12-29,496683
2038,2018-12-30,496683
2039,2018-12-31,496683
2040,2019-01-01,499639
2041,2019-01-02,499639
2042,2019-01-03,499639
2043,2019-01-04,499639
2044,2019-01-05,499639
2045,2019-01-06,499639
2046,2019-01-07,499639
2047,2019-01-08,499639
2048,2019-01-09,499639
2049,2019-01-10,499639
2050,2019-01-11,499639
2051,2019-01-12,499639
2052,2019-01-13,499639
2053,2019-01-14,499639
2054,2019-01-15,499639
2055,2019-01-16,499639
2056,2019-01-17,499639
2057,2019-01-18,499639
2058,2019-01-19,499639
2059,2019-01-20,499639
2060,2019-01-21,499639
2061,2019-01-22,499639
2062,2019-01-23,499639
2063,2019-01-24,499639
2064,2019-01-25,499639
2065,2019-01-26,499639
2066,2019-01-27,499639
2067,2019-01-28,499639
2068,2019-01-29,499639
2069,2019-01-30,499639
2070,2019-01-31,499639
2071,2019-02-01,500570
2072,2019-02-02,500570
2073,2019-02-03,500570
2074,2019-02-04,500570
2075,2019-02-05,500570
2076,2019-02-06,500570
2077,2019-02-07,500570
2078,2019-02-08,500570
2079,2019-02-09,500570
2080,2019-02-10,500570
2081,2019-02-11,500570
2082,2019-02-12,500570
2083,2019-02-13,500570
2084,2019-02-14,500570
2085,2019-02-15,500570
2086,2019-02-16,500570
2087,2019-02-17,500570
2088,2019-02-18,500570
2089,2019-02-19,500570
2090,2019-02-20,500570
2091,2019-02-21,500570
2092,2019-02-22,500570
2093,2019-02-23,500570
2094,2019-02-24,500570
2095,2019-02-25,500570
2096,2019-02-26,500570
2097,2019-02-27,500570
2098,2019-02-28,500570
2099,2019-03-01,508402
2100,2019-03-02,508402
2101,2019-03-03,508402
2102,2019-03-04,508402
2103,2019-03-05,508402
2104,2019-03-06,508402
2105,2019-03-07,508402
2106,2019-03-08,508402
2107,2019-03-09,508402
2108,2019-03-10,508402
2109,2019-03-11,508402
2110,2019-03-12,508402
2111,2019-03-13,508402
2112,2019-03-14,508402
2113,2019-03-15,508402
2114,2019-03-16,508402
2115,2019-03-17,508402
2116,2019-03-18,508402
2117,2019-03-19,508402
2118,2019-03-20,508402
2119,2019-03-21,508402
2120,2019-03-22,508402
2121,2019-03-23,508402
2122,2019-03-24,508402
2123,2019-03-25,508402
2124,2019-03-26,508402
2125,2019-03-27,508402
2126,2019-03-28,508402
2127,2019-03-29,508402
2128,2019-03-30,508402
2129,2019-03-31,508402
2130,2019-04-01,508687
2131,2019-04-02,508687
2132,2019-04-03,508687
2133,2019-04-04,508687
2134,2019-04-05,508687
2135,2019-04-06,508687
2136,2019-04-07,508687
2137,2019-04-08,508687
2138,2019-04-09,508687
2139,2019-04-10,508687
2140,2019-04-11,508687
2141,2019-04-12,508687
2142,2019-04-13,508687
2143,2019-04-14,508687
2144,2019-04-15,508687
2145,2019-04-16,508687
2146,2019-04-17,508687
2147,2019-04-18,508687
2148,2019-04-19,508687
2149,2019-04-20,508687
2150,2019-04-21,508687
2151,2019-04-22,508687
2152,2019-04-23,508687
2153,2019-04-24,508687
2154,2019-04-25,508687
2155,2019-04-26,508687
2156,2019-04-27,508687
2157,2019-04-28,508687
2158,2019-04-29,508687
2159,2019-04-30,508687
2160,2019-05-01,512334
2161,2019-05-02,512334
2162,2019-05-03,512334
2163,2019-05-04,512334
2164,2019-05-05,512334
2165,2019-05-06,512334
2166,2019-05-07,512334
2167,2019-05-08,512334
2168,2019-05-09,512334
2169,2019-05-10,512334
2170,2019-05-11,512334
2171,2019-05-12,512334
2172,2019-05-13,512334
2173,2019-05-14,512334
2174,2019-05-15,512334
2175,2019-05-16,512334
2176,2019-05-17,512334
2177,2019-05-18,512334
2178,2019-05-19,512334
2179,2019-05-20,512334
2180,2019-05-21,512334
2181,2019-05-22,512334
2182,2019-05-23,512334
2183,2019-05-24,512334
2184,2019-05-25,512334
2185,2019-05-26,512334
2186,2019-05-27,512334
2187,2019-05-28,512334
2188,2019-05-29,512334
2189,2019-05-30,512334
2190,2019-05-31,512334
2191,2019-06-01,513162
2192,2019-06-02,513162
2193,2019-06-03,513162
2194,2019-06-04,513162
2195,2019-06-05,513162
2196,2019-06-06,513162
2197,2019-06-07,513162
2198,2019-06-08,513162
2199,2019-06-09,513162
2200,2019-06-10,513162
2201,2019-06-11,513162
2202,2019-06-12,513162
2203,2019-06-13,513162
2204,2019-06-14,513162
2205,2019-06-15,513162
2206,2019-06-16,513162
2207,2019-06-17,513162
2208,2019-06-18,513162
2209,2019-06-19,513162
2210,2019-06-20,513162
2211,2019-06-21,513162
2212,2019-06-22,513162
2213,2019-06-23,513162
2214,2019-06-24,513162
2215,2019-06-25,513162
2216,2019-06-26,513162
2217,2019-06-27,513162
2218,2019-06-28,513162
2219,2019-06-29,513162
2220,2019-06-30,513162
2221,2019-07-01,517547
2222,2019-07-02,517547
2223,2019-07-03,517547
2224,2019-07-04,517547
2225,2019-07-05,517547
2226,2019-07-06,517547
2227,2019-07-07,517547
2228,2019-07-08,517547
2229,2019-07-09,517547
2230,2019-07-10,517547
2231,2019-07-11,517547
2232,2019-07-12,517547
2233,2019-07-13,517547
2234,2019-07-14,517547
2235,2019-07-15,517547
2236,2019-07-16,517547
2237,2019-07-17,517547
2238,2019-07-18,517547
2239,2019-07-19,517547
2240,2019-07-20,517547
2241,2019-07-21,517547
2242,2019-07-22,517547
2243,2019-07-23,517547
2244,2019-07-24,517547
2245,2019-07-25,517547
2246,2019-07-26,517547
2247,2019-07-27,517547
2248,2019-07-28,517547
2249,2019-07-29,517547
2250,2019-07-30,517547
2251,2019-07-31,517547
2252,2019-08-01,521011
2253,2019-08-02,521011
2254,2019-08-03,521011
2255,2019-08-04,521011
2256,2019-08-05,521011
2257,2019-08-06,521011
2258,2019-08-07,521011
2259,2019-08-08,521011
2260,2019-08-09,521011
2261,2019-08-10,521011
2262,2019-08-11,521011
2263,2019-08-12,521011
2264,2019-08-13,521011
2265,2019-08-14,521011
2266,2019-08-15,521011
2267,2019-08-16,521011
2268,2019-08-17,521011
2269,2019-08-18,521011
2270,2019-08-19,521011
2271,2019-08-20,521011
2272,2019-08-21,521011
2273,2019-08-22,521011
2274,2019-08-23,521011
2275,2019-08-24,521011
2276,2019-08-25,521011
2277,2019-08-26,521011
2278,2019-08-27,521011
2279,2019-08-28,521011
2280,2019-08-29,521011
2281,2019-08-30,521011
2282,2019-08-31,521011
2283,2019-09-01,518121
2284,2019-09-02,518121
2285,2019-09-03,518121
2286,2019-09-04,518121
2287,2019-09-05,518121
2288,2019-09-06,518121
2289,2019-09-07,518121
2290,2019-09-08,518121
2291,2019-09-09,518121
2292,2019-09-10,518121
2293,2019-09-11,518121
2294,2019-09-12,518121
2295,2019-09-13,518121
2296,2019-09-14,518121
2297,2019-09-15,518121
2298,2019-09-16,518121
2299,2019-09-17,518121
2300,2019-09-18,518121
2301,2019-09-19,518121
2302,2019-09-20,518121
2303,2019-09-21,518121
2304,2019-09-22,518121
2305,2019-09-23,518121
2306,2019-09-24,518121
2307,2019-09-25,518121
2308,2019-09-26,518121
2309,2019-09-27,518121
2310,2019-09-28,518121
2311,2019-09-29,518121
2312,2019-09-30,518121
2313,2019-10-01,519530
2314,2019-10-02,519530
2315,2019-10-03,519530
2316,2019-10-04,519530
2317,2019-10-05,519530
2318,2019-10-06,519530
2319,2019-10-07,519530
2320,2019-10-08,519530
2321,2019-10-09,519530
2322,2019-10-10,519530
2323,2019-10-11,519530
2324,2019-10-12,519530
2325,2019-10-13,519530
2326,2019-10-14,519530
2327,2019-10-15,519530
2328,2019-10-16,519530
2329,2019-10-17,519530
2330,2019-10-18,519530
2331,2019-10-19,519530
2332,2019-10-20,519530
2333,2019-10-21,519530
2334,2019-10-22,519530
2335,2019-10-23,519530
2336,2019-10-24,519530
2337,2019-10-25,519530
2338,2019-10-26,519530
2339,2019-10-27,519530
2340,2019-10-28,519530
2341,2019-10-29,519530
2342,2019-10-30,519530
2343,2019-10-31,519530
2344,2019-11-01,523313
2345,2019-11-02,523313
2346,2019-11-03,523313
2347,2019-11-04,523313
2348,2019-11-05,523313
2349,2019-11-06,523313
2350,2019-11-07,523313
2351,2019-11-08,523313
2352,2019-11-09,523313
2353,2019-11-10,523313
2354,2019-11-11,523313
2355,2019-11-12,523313
2356,2019-11-13,523313
2357,2019-11-14,523313
2358,2019-11-15,523313
2359,2019-11-16,523313
2360,2019-11-17,523313
2361,2019-11-18,523313
2362,2019-11-19,523313
2363,2019-11-20,523313
2364,2019-11-21,523313
2365,2019-11-22,523313
2366,2019-11-23,523313
2367,2019-11-24,523313
2368,2019-11-25,523313
2369,2019-11-26,523313
2370,2019-11-27,523313
2371,2019-11-28,523313
2372,2019-11-29,523313
2373,2019-11-30,523313
2374,2019-12-01,525405
2375,2019-12-02,525405
2376,2019-12-03,525405
2377,2019-12-04,525405
2378,2019-12-05,525405
2379,2019-12-06,525405
2380,2019-12-07,525405
2381,2019-12-08,525405
2382,2019-12-09,525405
2383,2019-12-10,525405
2384,2019-12-11,525405
2385,2019-12-12,525405
2386,2019-12-13,525405
2387,2019-12-14,525405
2388,2019-12-15,525405
2389,2019-12-16,525405
2390,2019-12-17,525405
2391,2019-12-18,525405
2392,2019-12-19,525405
2393,2019-12-20,525405
2394,2019-12-21,525405
2395,2019-12-22,525405
2396,2019-12-23,525405
2397,2019-12-24,525405
2398,2019-12-25,525405
2399,2019-12-26,525405
2400,2019-12-27,525405
2401,2019-12-28,525405
2402,2019-12-29,525405
2403,2019-12-30,525405
2404,2019-12-31,525405
2405,2020-01-01,524991
2406,2020-01-02,524991
2407,2020-01-03,524991
2408,2020-01-04,524991
2409,2020-01-05,524991
2410,2020-01-06,524991
2411,2020-01-07,524991
2412,2020-01-08,524991
2413,2020-01-09,524991
2414,2020-01-10,524991
2415,2020-01-11,524991
2416,2020-01-12,524991
2417,2020-01-13,524991
2418,2020-01-14,524991
2419,2020-01-15,524991
2420,2020-01-16,524991
2421,2020-01-17,524991
2422,2020-01-18,524991
2423,2020-01-19,524991
2424,2020-01-20,524991
2425,2020-01-21,524991
2426,2020-01-22,524991
2427,2020-01-23,524991
2428,2020-01-24,524991
2429,2020-01-25,524991
2430,2020-01-26,524991
2431,2020-01-27,524991
2432,2020-01-28,524991
2433,2020-01-29,524991
2434,2020-01-30,524991
2435,2020-01-31,524991
2436,2020-02-01,525359
2437,2020-02-02,525359
2438,2020-02-03,525359
2439,2020-02-04,525359
2440,2020-02-05,525359
2441,2020-02-06,525359
2442,2020-02-07,525359
2443,2020-02-08,525359
2444,2020-02-09,525359
2445,2020-02-10,525359
2446,2020-02-11,525359
2447,2020-02-12,525359
2448,2020-02-13,525359
2449,2020-02-14,525359
2450,2020-02-15,525359
2451,2020-02-16,525359
2452,2020-02-17,525359
2453,2020-02-18,525359
2454,2020-02-19,525359
2455,2020-02-20,525359
2456,2020-02-21,525359
2457,2020-02-22,525359
2458,2020-02-23,525359
2459,2020-02-24,525359
2460,2020-02-25,525359
2461,2020-02-26,525359
2462,2020-02-27,525359
2463,2020-02-28,525359
2464,2020-02-29,525359
2465,2020-03-01,478099
2466,2020-03-02,478099
2467,2020-03-03,478099
2468,2020-03-04,478099
2469,2020-03-05,478099
2470,2020-03-06,478099
2471,2020-03-07,478099
2472,2020-03-08,478099
2473,2020-03-09,478099
2474,2020-03-10,478099
2475,2020-03-11,478099
2476,2020-03-12,478099
2477,2020-03-13,478099
2478,2020-03-14,478099
2479,2020-03-15,478099
2480,2020-03-16,478099
2481,2020-03-17,478099
2482,2020-03-18,478099
2483,2020-03-19,478099
2484,2020-03-20,478099
2485,2020-03-21,478099
2486,2020-03-22,478099
2487,2020-03-23,478099
2488,2020-03-24,478099
2489,2020-03-25,478099
2490,2020-03-26,478099
2491,2020-03-27,478099
2492,2020-03-28,478099
2493,2020-03-29,478099
2494,2020-03-30,478099
2495,2020-03-31,478099
2496,2020-04-01,408187
2497,2020-04-02,408187
2498,2020-04-03,408187
2499,2020-04-04,408187
2500,2020-04-05,408187
2501,2020-04-06,408187
2502,2020-04-07,408187
2503,2020-04-08,408187
2504,2020-04-09,408187
2505,2020-04-10,408187
2506,2020-04-11,408187
2507,2020-04-12,408187
2508,2020-04-13,408187
2509,2020-04-14,408187
2510,2020-04-15,408187
2511,2020-04-16,408187
2512,2020-04-17,408187
2513,2020-04-18,408187
2514,2020-04-19,408187
2515,2020-04-20,408187
2516,2020-04-21,408187
2517,2020-04-22,408187
2518,2020-04-23,408187
2519,2020-04-24,408187
2520,2020-04-25,408187
2521,2020-04-26,408187
2522,2020-04-27,408187
2523,2020-04-28,408187
2524,2020-04-29,408187
2525,2020-04-30,408187
2526,2020-05-01,485791
2527,2020-05-02,485791
2528,2020-05-03,485791
2529,2020-05-04,485791
2530,2020-05-05,485791
2531,2020-05-06,485791
2532,2020-05-07,485791
2533,2020-05-08,485791
2534,2020-05-09,485791
2535,2020-05-10,485791
2536,2020-05-11,485791
2537,2020-05-12,485791
2538,2020-05-13,485791
2539,2020-05-14,485791
2540,2020-05-15,485791
2541,2020-05-16,485791
2542,2020-05-17,485791
2543,2020-05-18,485791
2544,2020-05-19,485791
2545,2020-05-20,485791
2546,2020-05-21,485791
2547,2020-05-22,485791
2548,2020-05-23,485791
2549,2020-05-24,485791
2550,2020-05-25,485791
2551,2020-05-26,485791
2552,2020-05-27,485791
2553,2020-05-28,485791
2554,2020-05-29,485791
2555,2020-05-30,485791
2556,2020-05-31,485791
2557,2020-06-01,527459
2558,2020-06-02,527459
2559,2020-06-03,527459
2560,2020-06-04,527459
2561,2020-06-05,527459
2562,2020-06-06,527459
2563,2020-06-07,527459
2564,2020-06-08,527459
2565,2020-06-09,527459
2566,2020-06-10,527459
2567,2020-06-11,527459
2568,2020-06-12,527459
2569,2020-06-13,527459
2570,2020-06-14,527459
2571,2020-06-15,527459
2572,2020-06-16,527459
2573,2020-06-17,527459
2574,2020-06-18,527459
2575,2020-06-19,527459
2576,2020-06-20,527459
2577,2020-06-21,527459
2578,2020-06-22,527459
2579,2020-06-23,527459
2580,2020-06-24,527459
2581,2020-06-25,527459
2582,2020-06-26,527459
2583,2020-06-27,527459
2584,2020-06-28,527459
2585,2020-06-29,527459
2586,2020-06-30,527459
2587,2020-07-01,535844
2588,2020-07-02,535844
2589,2020-07-03,535844
2590,2020-07-04,535844
2591,2020-07-05,535844
2592,2020-07-06,535844
2593,2020-07-07,535844
2594,2020-07-08,535844
2595,2020-07-09,535844
2596,2020-07-10,535844
2597,2020-07-11,535844
2598,2020-07-12,535844
2599,2020-07-13,535844
2600,2020-07-14,535844
2601,2020-07-15,535844
2602,2020-07-16,535844
2603,2020-07-17,535844
2604,2020-07-18,535844
2605,2020-07-19,535844
2606,2020-07-20,535844
2607,2020-07-21,535844
2608,2020-07-22,535844
2609,2020-07-23,535844
2610,2020-07-24,535844
2611,2020-07-25,535844
2612,2020-07-26,535844
2613,2020-07-27,535844
2614,2020-07-28,535844
2615,2020-07-29,535844
2616,2020-07-30,535844
2617,2020-07-31,535844
2618,2020-08-01,541193
2619,2020-08-02,541193
2620,2020-08-03,541193
2621,2020-08-04,541193
2622,2020-08-05,541193
2623,2020-08-06,541193
2624,2020-08-07,541193
2625,2020-08-08,541193
2626,2020-08-09,541193
2627,2020-08-10,541193
2628,2020-08-11,541193
2629,2020-08-12,541193
2630,2020-08-13,541193
2631,2020-08-14,541193
2632,2020-08-15,541193
2633,2020-08-16,541193
2634,2020-08-17,541193
2635,2020-08-18,541193
2636,2020-08-19,541193
2637,2020-08-20,541193
2638,2020-08-21,541193
2639,2020-08-22,541193
2640,2020-08-23,541193
2641,2020-08-24,541193
2642,2020-08-25,541193
2643,2020-08-26,541193
2644,2020-08-27,541193
2645,2020-08-28,541193
2646,2020-08-29,541193
2647,2020-08-30,541193
2648,2020-08-31,541193
2649,2020-09-01,551970
2650,2020-09-02,551970
2651,2020-09-03,551970
2652,2020-09-04,551970
2653,2020-09-05,551970
2654,2020-09-06,551970
2655,2020-09-07,551970
2656,2020-09-08,551970
2657,2020-09-09,551970
2658,2020-09-10,551970
2659,2020-09-11,551970
2660,2020-09-12,551970
2661,2020-09-13,551970
2662,2020-09-14,551970
2663,2020-09-15,551970
2664,2020-09-16,551970
2665,2020-09-17,551970
2666,2020-09-18,551970
2667,2020-09-19,551970
2668,2020-09-20,551970
2669,2020-09-21,551970
2670,2020-09-22,551970
2671,2020-09-23,551970
2672,2020-09-24,551970
2673,2020-09-25,551970
2674,2020-09-26,551970
2675,2020-09-27,551970
2676,2020-09-28,551970
2677,2020-09-29,551970
2678,2020-09-30,551970
2679,2020-10-01,549765
2680,2020-10-02,549765
2681,2020-10-03,549765
2682,2020-10-04,549765
2683,2020-10-05,549765
2684,2020-10-06,549765
2685,2020-10-07,549765
2686,2020-10-08,549765
2687,2020-10-09,549765
2688,2020-10-10,549765
2689,2020-10-11,549765
2690,2020-10-12,549765
2691,2020-10-13,549765
2692,2020-10-14,549765
2693,2020-10-15,549765
2694,2020-10-16,549765
2695,2020-10-17,549765
2696,2020-10-18,549765
2697,2020-10-19,549765
2698,2020-10-20,549765
2699,2020-10-21,549765
2700,2020-10-22,549765
2701,2020-10-23,549765
2702,2020-10-24,549765
2703,2020-10-25,549765
2704,2020-10-26,549765
2705,2020-10-27,549765
2706,2020-10-28,549765
2707,2020-10-29,549765
2708,2020-10-30,549765
2709,2020-10-31,549765
2710,2020-11-01,544839
2711,2020-11-02,544839
2712,2020-11-03,544839
2713,2020-11-04,544839
2714,2020-11-05,544839
2715,2020-11-06,544839
2716,2020-11-07,544839
2717,2020-11-08,544839
2718,2020-11-09,544839
2719,2020-11-10,544839
2720,2020-11-11,544839
2721,2020-11-12,544839
2722,2020-11-13,544839
2723,2020-11-14,544839
2724,2020-11-15,544839
2725,2020-11-16,544839
2726,2020-11-17,544839
2727,2020-11-18,544839
2728,2020-11-19,544839
2729,2020-11-20,544839
2730,2020-11-21,544839
2731,2020-11-22,544839
2732,2020-11-23,544839
2733,2020-11-24,544839
2734,2020-11-25,544839
2735,2020-11-26,544839
2736,2020-11-27,544839
2737,2020-11-28,544839
2738,2020-11-29,544839
2739,2020-11-30,544839
2740,2020-12-01,550198
2741,2020-12-02,550198
2742,2020-12-03,550198
2743,2020-12-04,550198
2744,2020-12-05,550198
2745,2020-12-06,550198
2746,2020-12-07,550198
2747,2020-12-08,550198
2748,2020-12-09,550198
2749,2020-12-10,550198
2750,2020-12-11,550198
2751,2020-12-12,550198
2752,2020-12-13,550198
2753,2020-12-14,550198
2754,2020-12-15,550198
2755,2020-12-16,550198
2756,2020-12-17,550198
2757,2020-12-18,550198
2758,2020-12-19,550198
2759,2020-12-20,550198
2760,2020-12-21,550198
2761,2020-12-22,550198
2762,2020-12-23,550198
2763,2020-12-24,550198
2764,2020-12-25,550198
2765,2020-12-26,550198
2766,2020-12-27,550198
2767,2020-12-28,550198
2768,2020-12-29,550198
2769,2020-12-30,550198
2770,2020-12-31,550198
2771,2021-01-01,569309
2772,2021-01-02,569309
2773,2021-01-03,569309
2774,2021-01-04,569309
2775,2021-01-05,569309
2776,2021-01-06,569309
2777,2021-01-07,569309
2778,2021-01-08,569309
2779,2021-01-09,569309
2780,2021-01-10,569309
2781,2021-01-11,569309
2782,2021-01-12,569309
2783,2021-01-13,569309
2784,2021-01-14,569309
2785,2021-01-15,569309
2786,2021-01-16,569309
2787,2021-01-17,569309
2788,2021-01-18,569309
2789,2021-01-19,569309
2790,2021-01-20,569309
2791,2021-01-21,569309
2792,2021-01-22,569309
2793,2021-01-23,569309
2794,2021-01-24,569309
2795,2021-01-25,569309
2796,2021-01-26,569309
2797,2021-01-27,569309
2798,2021-01-28,569309
2799,2021-01-29,569309
2800,2021-01-30,569309
2801,2021-01-31,569309
2802,2021-02-01,554929
2803,2021-02-02,554929
2804,2021-02-03,554929
2805,2021-02-04,554929
2806,2021-02-05,554929
2807,2021-02-06,554929
2808,2021-02-07,554929
2809,2021-02-08,554929
2810,2021-02-09,554929
2811,2021-02-10,554929
2812,2021-02-11,554929
2813,2021-02-12,554929
2814,2021-02-13,554929
2815,2021-02-14,554929
2816,2021-02-15,554929
2817,2021-02-16,554929
2818,2021-02-17,554929
2819,2021-02-18,554929
2820,2021-02-19,554929
2821,2021-02-20,554929
2822,2021-02-21,554929
2823,2021-02-22,554929
2824,2021-02-23,554929
2825,2021-02-24,554929
2826,2021-02-25,554929
2827,2021-02-26,554929
2828,2021-02-27,554929
2829,2021-02-28,554929
2830,2021-03-01,615573
2831,2021-03-02,615573
2832,2021-03-03,615573
2833,2021-03-04,615573
2834,2021-03-05,615573
2835,2021-03-06,615573
2836,2021-03-07,615573
2837,2021-03-08,615573
2838,2021-03-09,615573
2839,2021-03-10,615573
2840,2021-03-11,615573
2841,2021-03-12,615573
2842,2021-03-13,615573
2843,2021-03-14,615573
2844,2021-03-15,615573
2845,2021-03-16,615573
2846,2021-03-17,615573
2847,2021-03-18,615573
2848,2021-03-19,615573
2849,2021-03-20,615573
2850,2021-03-21,615573
2851,2021-03-22,615573
2852,2021-03-23,615573
2853,2021-03-24,615573
2854,2021-03-25,615573
2855,2021-03-26,615573
2856,2021-03-27,615573
2857,2021-03-28,615573
2858,2021-03-29,615573
2859,2021-03-30,615573
2860,2021-03-31,615573
2861,2021-04-01,620556
2862,2021-04-02,620556
2863,2021-04-03,620556
2864,2021-04-04,620556
2865,2021-04-05,620556
2866,2021-04-06,620556
2867,2021-04-07,620556
2868,2021-04-08,620556
2869,2021-04-09,620556
2870,2021-04-10,620556
2871,2021-04-11,620556
2872,2021-04-12,620556
2873,2021-04-13,620556
2874,2021-04-14,620556
2875,2021-04-15,620556
2876,2021-04-16,620556
2877,2021-04-17,620556
2878,2021-04-18,620556
2879,2021-04-19,620556
2880,2021-04-20,620556
2881,2021-04-21,620556
2882,2021-04-22,620556
2883,2021-04-23,620556
2884,2021-04-24,620556
2885,2021-04-25,620556
2886,2021-04-26,620556
2887,2021-04-27,620556
2888,2021-04-28,620556
2889,2021-04-29,620556
2890,2021-04-30,620556
2891,2021-05-01,615378
2892,2021-05-02,615378
2893,2021-05-03,615378
2894,2021-05-04,615378
2895,2021-05-05,615378
2896,2021-05-06,615378
2897,2021-05-07,615378
2898,2021-05-08,615378
2899,2021-05-09,615378
2900,2021-05-10,615378
2901,2021-05-11,615378
2902,2021-05-12,615378
2903,2021-05-13,615378
2904,2021-05-14,615378
2905,2021-05-15,615378
2906,2021-05-16,615378
2907,2021-05-17,615378
2908,2021-05-18,615378
2909,2021-05-19,615378
2910,2021-05-20,615378
2911,2021-05-21,615378
2912,2021-05-22,615378
2913,2021-05-23,615378
2914,2021-05-24,615378
2915,2021-05-25,615378
2916,2021-05-26,615378
2917,2021-05-27,615378
2918,2021-05-28,615378
2919,2021-05-29,615378
2920,2021-05-30,615378
2921,2021-05-31,615378
2922,2021-06-01,621612
2923,2021-06-02,621612
2924,2021-06-03,621612
2925,2021-06-04,621612
2926,2021-06-05,621612
2927,2021-06-06,621612
2928,2021-06-07,621612
2929,2021-06-08,621612
2930,2021-06-09,621612
2931,2021-06-10,621612
2932,2021-06-11,621612
2933,2021-06-12,621612
2934,2021-06-13,621612
2935,2021-06-14,621612
2936,2021-06-15,621612
2937,2021-06-16,621612
2938,2021-06-17,621612
2939,2021-06-18,621612
2940,2021-06-19,621612
2941,2021-06-20,621612
2942,2021-06-21,621612
2943,2021-06-22,621612
2944,2021-06-23,621612
2945,2021-06-24,621612
2946,2021-06-25,621612
2947,2021-06-26,621612
2948,2021-06-27,621612
2949,2021-06-28,621612
2950,2021-06-29,621612
2951,2021-06-30,621612
2952,2021-07-01,612394
2953,2021-07-02,612394
2954,2021-07-03,612394
2955,2021-07-04,612394
2956,2021-07-05,612394
2957,2021-07-06,612394
2958,2021-07-07,612394
2959,2021-07-08,612394
2960,2021-07-09,612394
2961,2021-07-10,612394
2962,2021-07-11,612394
2963,2021-07-12,612394
2964,2021-07-13,612394
2965,2021-07-14,612394
2966,2021-07-15,612394
2967,2021-07-16,612394
2968,2021-07-17,612394
2969,2021-07-18,612394
2970,2021-07-19,612394
2971,2021-07-20,612394
2972,2021-07-21,612394
2973,2021-07-22,612394
2974,2021-07-23,612394
2975,2021-07-24,612394
2976,2021-07-25,612394
2977,2021-07-26,612394
2978,2021-07-27,612394
2979,2021-07-28,612394
2980,2021-07-29,612394
2981,2021-07-30,612394
2982,2021-07-31,612394
2983,2021-08-01,617658
2984,2021-08-02,617658
2985,2021-08-03,617658
2986,2021-08-04,617658
2987,2021-08-05,617658
2988,2021-08-06,617658
2989,2021-08-07,617658
2990,2021-08-08,617658
2991,2021-08-09,617658
2992,2021-08-10,617658
2993,2021-08-11,617658
2994,2021-08-12,617658
2995,2021-08-13,617658
2996,2021-08-14,617658
2997,2021-08-15,617658
2998,2021-08-16,617658
2999,2021-08-17,617658
3000,2021-08-18,617658
3001,2021-08-19,617658
3002,2021-08-20,617658
3003,2021-08-21,617658
3004,2021-08-22,617658
3005,2021-08-23,617658
3006,2021-08-24,617658
3007,2021-08-25,617658
3008,2021-08-26,617658
3009,2021-08-27,617658
3010,2021-08-28,617658
3011,2021-08-29,617658
3012,2021-08-30,617658
3013,2021-08-31,617658
3014,2021-09-01,622104
3015,2021-09-02,622104
3016,2021-09-03,622104
3017,2021-09-04,622104
3018,2021-09-05,622104
3019,2021-09-06,622104
3020,2021-09-07,622104
3021,2021-09-08,622104
3022,2021-09-09,622104
3023,2021-09-10,622104
3024,2021-09-11,622104
3025,2021-09-12,622104
3026,2021-09-13,622104
3027,2021-09-14,622104
3028,2021-09-15,622104
3029,2021-09-16,622104
3030,2021-09-17,622104
3031,2021-09-18,622104
3032,2021-09-19,622104
3033,2021-09-20,622104
3034,2021-09-21,622104
3035,2021-09-22,622104
3036,2021-09-23,622104
3037,2021-09-24,622104
3038,2021-09-25,622104
3039,2021-09-26,622104
3040,2021-09-27,622104
3041,2021-09-28,622104
3042,2021-09-29,622104
3043,2021-09-30,622104
3044,2021-10-01,632065
3045,2021-10-02,632065
3046,2021-10-03,632065
3047,2021-10-04,632065
3048,2021-10-05,632065
3049,2021-10-06,632065
3050,2021-10-07,632065
3051,2021-10-08,632065
3052,2021-10-09,632065
3053,2021-10-10,632065
3054,2021-10-11,632065
3055,2021-10-12,632065
3056,2021-10-13,632065
3057,2021-10-14,632065
3058,2021-10-15,632065
3059,2021-10-16,632065
3060,2021-10-17,632065
3061,2021-10-18,632065
3062,2021-10-19,632065
3063,2021-10-20,632065
3064,2021-10-21,632065
3065,2021-10-22,632065
3066,2021-10-23,632065
3067,2021-10-24,632065
3068,2021-10-25,632065
3069,2021-10-26,632065
3070,2021-10-27,632065
3071,2021-10-28,632065
3072,2021-10-29,632065
3073,2021-10-30,632065
3074,2021-10-31,632065
3075,2021-11-01,639228
3076,2021-11-02,639228
3077,2021-11-03,639228
3078,2021-11-04,639228
3079,2021-11-05,639228
3080,2021-11-06,639228
3081,2021-11-07,639228
3082,2021-11-08,639228
3083,2021-11-09,639228
3084,2021-11-10,639228
3085,2021-11-11,639228
3086,2021-11-12,639228
3087,2021-11-13,639228
3088,2021-11-14,639228
3089,2021-11-15,639228
3090,2021-11-16,639228
3091,2021-11-17,639228
3092,2021-11-18,639228
3093,2021-11-19,639228
3094,2021-11-20,639228
3095,2021-11-21,639228
3096,2021-11-22,639228
3097,2021-11-23,639228
3098,2021-11-24,639228
3099,2021-11-25,639228
3100,2021-11-26,639228
3101,2021-11-27,639228
3102,2021-11-28,639228
3103,2021-11-29,639228
3104,2021-11-30,639228
3105,2021-12-01,635598
3106,2021-12-02,635598
3107,2021-12-03,635598
3108,2021-12-04,635598
3109,2021-12-05,635598
3110,2021-12-06,635598
3111,2021-12-07,635598
3112,2021-12-08,635598
3113,2021-12-09,635598
3114,2021-12-10,635598
3115,2021-12-11,635598
3116,2021-12-12,635598
3117,2021-12-13,635598
3118,2021-12-14,635598
3119,2021-12-15,635598
3120,2021-12-16,635598
3121,2021-12-17,635598
3122,2021-12-18,635598
3123,2021-12-19,635598
3124,2021-12-20,635598
3125,2021-12-21,635598
3126,2021-12-22,635598
3127,2021-12-23,635598
3128,2021-12-24,635598
3129,2021-12-25,635598
3130,2021-12-26,635598
3131,2021-12-27,635598
3132,2021-12-28,635598
3133,2021-12-29,635598
3134,2021-12-30,635598
3135,2021-12-31,635598
3136,2022-01-01,644750
3137,2022-01-02,644750
3138,2022-01-03,644750
3139,2022-01-04,644750
3140,2022-01-05,644750
3141,2022-01-06,644750
3142,2022-01-07,644750
3143,2022-01-08,644750
3144,2022-01-09,644750
3145,2022-01-10,644750
3146,2022-01-11,644750
3147,2022-01-12,644750
3148,2022-01-13,644750
3149,2022-01-14,644750
3150,2022-01-15,644750
3151,2022-01-16,644750
3152,2022-01-17,644750
3153,2022-01-18,644750
3154,2022-01-19,644750
3155,2022-01-20,644750
3156,2022-01-21,644750
3157,2022-01-22,644750
3158,2022-01-23,644750
3159,2022-01-24,644750
3160,2022-01-25,644750
3161,2022-01-26,644750
3162,2022-01-27,644750
3163,2022-01-28,644750
3164,2022-01-29,644750
3165,2022-01-30,644750
3166,2022-01-31,644750
3167,2022-02-01,653552
3168,2022-02-02,653552
3169,2022-02-03,653552
3170,2022-02-04,653552
3171,2022-02-05,653552
3172,2022-02-06,653552
3173,2022-02-07,653552
3174,2022-02-08,653552
3175,2022-02-09,653552
3176,2022-02-10,653552
3177,2022-02-11,653552
3178,2022-02-12,653552
3179,2022-02-13,653552
3180,2022-02-14,653552
3181,2022-02-15,653552
3182,2022-02-16,653552
3183,2022-02-17,653552
3184,2022-02-18,653552
3185,2022-02-19,653552
3186,2022-02-20,653552
3187,2022-02-21,653552
3188,2022-02-22,653552
3189,2022-02-23,653552
3190,2022-02-24,653552
3191,2022-02-25,653552
3192,2022-02-26,653552
3193,2022-02-27,653552
3194,2022-02-28,653552
3195,2022-03-01,667050
3196,2022-03-02,667050
3197,2022-03-03,667050
3198,2022-03-04,667050
3199,2022-03-05,667050
3200,2022-03-06,667050
3201,2022-03-07,667050
3202,2022-03-08,667050
3203,2022-03-09,667050
3204,2022-03-10,667050
3205,2022-03-11,667050
3206,2022-03-12,667050
3207,2022-03-13,667050
3208,2022-03-14,667050
3209,2022-03-15,667050
3210,2022-03-16,667050
3211,2022-03-17,667050
3212,2022-03-18,667050
3213,2022-03-19,667050
3214,2022-03-20,667050
3215,2022-03-21,667050
3216,2022-03-22,667050
3217,2022-03-23,667050
3218,2022-03-24,667050
3219,2022-03-25,667050
3220,2022-03-26,667050
3221,2022-03-27,667050
3222,2022-03-28,667050
3223,2022-03-29,667050
3224,2022-03-30,667050
3225,2022-03-31,667050
3226,2022-04-01,675277
3227,2022-04-02,675277
3228,2022-04-03,675277
3229,2022-04-04,675277
3230,2022-04-05,675277
3231,2022-04-06,675277
3232,2022-04-07,675277
3233,2022-04-08,675277
3234,2022-04-09,675277
3235,2022-04-10,675277
3236,2022-04-11,675277
3237,2022-04-12,675277
3238,2022-04-13,675277
3239,2022-04-14,675277
3240,2022-04-15,675277
3241,2022-04-16,675277
3242,2022-04-17,675277
3243,2022-04-18,675277
3244,2022-04-19,675277
3245,2022-04-20,675277
3246,2022-04-21,675277
3247,2022-04-22,675277
3248,2022-04-23,675277
3249,2022-04-24,675277
3250,2022-04-25,675277
3251,2022-04-26,675277
3252,2022-04-27,675277
3253,2022-04-28,675277
3254,2022-04-29,675277
3255,2022-04-30,675277
3256,2022-05-01,675323
3257,2022-05-02,675323
3258,2022-05-03,675323
3259,2022-05-04,675323
3260,2022-05-05,675323
3261,2022-05-06,675323
3262,2022-05-07,675323
3263,2022-05-08,675323
3264,2022-05-09,675323
3265,2022-05-10,675323
3266,2022-05-11,675323
3267,2022-05-12,675323
3268,2022-05-13,675323
3269,2022-05-14,675323
3270,2022-05-15,675323
3271,2022-05-16,675323
3272,2022-05-17,675323
3273,2022-05-18,675323
3274,2022-05-19,675323
3275,2022-05-20,675323
3276,2022-05-21,675323
3277,2022-05-22,675323
3278,2022-05-23,675323
3279,2022-05-24,675323
3280,2022-05-25,675323
3281,2022-05-26,675323
3282,2022-05-27,675323
3283,2022-05-28,675323
3284,2022-05-29,675323
3285,2022-05-30,675323
3286,2022-05-31,675323
3287,2022-06-01,679165
3288,2022-06-02,679165
3289,2022-06-03,679165
3290,2022-06-04,679165
3291,2022-06-05,679165
3292,2022-06-06,679165
3293,2022-06-07,679165
3294,2022-06-08,679165
3295,2022-06-09,679165
3296,2022-06-10,679165
3297,2022-06-11,679165
3298,2022-06-12,679165
3299,2022-06-13,679165
3300,2022-06-14,679165
3301,2022-06-15,679165
3302,2022-06-16,679165
3303,2022-06-17,679165
3304,2022-06-18,679165
3305,2022-06-19,679165
3306,2022-06-20,679165
3307,2022-06-21,679165
3308,2022-06-22,679165
3309,2022-06-23,679165
3310,2022-06-24,679165
3311,2022-06-25,679165
3312,2022-06-26,679165
3313,2022-06-27,679165
3314,2022-06-28,679165
3315,2022-06-29,679165
3316,2022-06-30,679165
3317,2022-07-01,675740
3318,2022-07-02,675740
3319,2022-07-03,675740
3320,2022-07-04,675740
3321,2022-07-05,675740
3322,2022-07-06,675740
3323,2022-07-07,675740
3324,2022-07-08,675740
3325,2022-07-09,675740
3326,2022-07-10,675740
3327,2022-07-11,675740
3328,2022-07-12,675740
3329,2022-07-13,675740
3330,2022-07-14,675740
3331,2022-07-15,675740
3332,2022-07-16,675740
3333,2022-07-17,675740
3334,2022-07-18,675740
3335,2022-07-19,675740
3336,2022-07-20,675740
3337,2022-07-21,675740
3338,2022-07-22,675740
3339,2022-07-23,675740
3340,2022-07-24,675740
3341,2022-07-25,675740
3342,2022-07-26,675740
3343,2022-07-27,675740
3344,2022-07-28,675740
3345,2022-07-29,675740
3346,2022-07-30,675740
3347,2022-07-31,675740
3348,2022-08-01,680500
3349,2022-08-02,680500
3350,2022-08-03,680500
3351,2022-08-04,680500
3352,2022-08-05,680500
3353,2022-08-06,680500
3354,2022-08-07,680500
3355,2022-08-08,680500
3356,2022-08-09,680500
3357,2022-08-10,680500
3358,2022-08-11,680500
3359,2022-08-12,680500
3360,2022-08-13,680500
3361,2022-08-14,680500
3362,2022-08-15,680500
3363,2022-08-16,680500
3364,2022-08-17,680500
3365,2022-08-18,680500
3366,2022-08-19,680500
3367,2022-08-20,680500
3368,2022-08-21,680500
3369,2022-08-22,680500
3370,2022-08-23,680500
3371,2022-08-24,680500
3372,2022-08-25,680500
3373,2022-08-26,680500
3374,2022-08-27,680500
3375,2022-08-28,680500
3376,2022-08-29,680500
3377,2022-08-30,680500
3378,2022-08-31,680500
3379,2022-09-01,680387
3380,2022-09-02,680387
3381,2022-09-03,680387
3382,2022-09-04,680387
3383,2022-09-05,680387
3384,2022-09-06,680387
3385,2022-09-07,680387
3386,2022-09-08,680387
3387,2022-09-09,680387
3388,2022-09-10,680387
3389,2022-09-11,680387
3390,2022-09-12,680387
3391,2022-09-13,680387
3392,2022-09-14,680387
3393,2022-09-15,680387
3394,2022-09-16,680387
3395,2022-09-17,680387
3396,2022-09-18,680387
3397,2022-09-19,680387
3398,2022-09-20,680387
3399,2022-09-21,680387
3400,2022-09-22,680387
3401,2022-09-23,680387
3402,2022-09-24,680387
3403,2022-09-25,680387
3404,2022-09-26,680387
3405,2022-09-27,680387
3406,2022-09-28,680387
3407,2022-09-29,680387
3408,2022-09-30,680387
3409,2022-10-01,687498
3410,2022-10-02,687498
3411,2022-10-03,687498
3412,2022-10-04,687498
3413,2022-10-05,687498
3414,2022-10-06,687498
3415,2022-10-07,687498
3416,2022-10-08,687498
3417,2022-10-09,687498
3418,2022-10-10,687498
3419,2022-10-11,687498
3420,2022-10-12,687498
3421,2022-10-13,687498
3422,2022-10-14,687498
3423,2022-10-15,687498
3424,2022-10-16,687498
3425,2022-10-17,687498
3426,2022-10-18,687498
3427,2022-10-19,687498
3428,2022-10-20,687498
3429,2022-10-21,687498
3430,2022-10-22,687498
3431,2022-10-23,687498
3432,2022-10-24,687498
3433,2022-10-25,687498
3434,2022-10-26,687498
3435,2022-10-27,687498
3436,2022-10-28,687498
3437,2022-10-29,687498
3438,2022-10-30,687498
3439,2022-10-31,687498
3440,2022-11-01,678482
3441,2022-11-02,678482
3442,2022-11-03,678482
3443,2022-11-04,678482
3444,2022-11-05,678482
3445,2022-11-06,678482
3446,2022-11-07,678482
3447,2022-11-08,678482
3448,2022-11-09,678482
3449,2022-11-10,678482
3450,2022-11-11,678482
3451,2022-11-12,678482
3452,2022-11-13,678482
3453,2022-11-14,678482
3454,2022-11-15,678482
3455,2022-11-16,678482
3456,2022-11-17,678482
3457,2022-11-18,678482
3458,2022-11-19,678482
3459,2022-11-20,678482
3460,2022-11-21,678482
3461,2022-11-22,678482
3462,2022-11-23,678482
3463,2022-11-24,678482
3464,2022-11-25,678482
3465,2022-11-26,678482
3466,2022-11-27,678482
3467,2022-11-28,678482
3468,2022-11-29,678482
3469,2022-11-30,678482
3470,2022-12-01,673619
3471,2022-12-02,673619
3472,2022-12-03,673619
3473,2022-12-04,673619
3474,2022-12-05,673619
3475,2022-12-06,673619
3476,2022-12-07,673619
3477,2022-12-08,673619
3478,2022-12-09,673619
3479,2022-12-10,673619
3480,2022-12-11,673619
3481,2022-12-12,673619
3482,2022-12-13,673619
3483,2022-12-14,673619
3484,2022-12-15,673619
3485,2022-12-16,673619
3486,2022-12-17,673619
3487,2022-12-18,673619
3488,2022-12-19,673619
3489,2022-12-20,673619
3490,2022-12-21,673619
3491,2022-12-22,673619
3492,2022-12-23,673619
3493,2022-12-24,673619
3494,2022-12-25,673619
3495,2022-12-26,673619
3496,2022-12-27,673619
3497,2022-12-28,673619
3498,2022-12-29,673619
3499,2022-12-30,673619
3500,2022-12-31,673619
3501,2023-01-01,692501
3502,2023-01-02,692501
3503,2023-01-03,692501
3504,2023-01-04,692501
3505,2023-01-05,692501
3506,2023-01-06,692501
3507,2023-01-07,692501
3508,2023-01-08,692501
3509,2023-01-09,692501
3510,2023-01-10,692501
3511,2023-01-11,692501
3512,2023-01-12,692501
3513,2023-01-13,692501
3514,2023-01-14,692501
3515,2023-01-15,692501
3516,2023-01-16,692501
3517,2023-01-17,692501
3518,2023-01-18,692501
3519,2023-01-19,692501
3520,2023-01-20,692501
3521,2023-01-21,692501
3522,2023-01-22,692501
3523,2023-01-23,692501
3524,2023-01-24,692501
3525,2023-01-25,692501
3526,2023-01-26,692501
3527,2023-01-27,692501
3528,2023-01-28,692501
3529,2023-01-29,692501
3530,2023-01-30,692501
3531,2023-01-31,692501
3532,2023-02-01,687942
3533,2023-02-02,687942
3534,2023-02-03,687942
3535,2023-02-04,687942
3536,2023-02-05,687942
3537,2023-02-06,687942
3538,2023-02-07,687942
3539,2023-02-08,687942
3540,2023-02-09,687942
3541,2023-02-10,687942
3542,2023-02-11,687942
3543,2023-02-12,687942
3544,2023-02-13,687942
3545,2023-02-14,687942
3546,2023-02-15,687942
3547,2023-02-16,687942
3548,2023-02-17,687942
3549,2023-02-18,687942
3550,2023-02-19,687942
3551,2023-02-20,687942
3552,2023-02-21,687942
3553,2023-02-22,687942
3554,2023-02-23,687942
3555,2023-02-24,687942
3556,2023-02-25,687942
3557,2023-02-26,687942
3558,2023-02-27,687942
3559,2023-02-28,687942
3560,2023-03-01,683179
