,DATE,DGS10
0,2013-05-31,2.16
1,2013-06-03,2.13
2,2013-06-04,2.14
3,2013-06-05,2.1
4,2013-06-06,2.08
5,2013-06-07,2.17
6,2013-06-10,2.22
7,2013-06-11,2.2
8,2013-06-12,2.25
9,2013-06-13,2.19
10,2013-06-14,2.14
11,2013-06-17,2.19
12,2013-06-18,2.2
13,2013-06-19,2.33
14,2013-06-20,2.41
15,2013-06-21,2.52
16,2013-06-24,2.57
17,2013-06-25,2.6
18,2013-06-26,2.55
19,2013-06-27,2.49
20,2013-06-28,2.52
21,2013-07-01,2.5
22,2013-07-02,2.48
23,2013-07-03,2.52
24,2013-07-04,2.52
25,2013-07-05,2.73
26,2013-07-08,2.65
27,2013-07-09,2.65
28,2013-07-10,2.7
29,2013-07-11,2.6
30,2013-07-12,2.61
31,2013-07-15,2.57
32,2013-07-16,2.55
33,2013-07-17,2.52
34,2013-07-18,2.56
35,2013-07-19,2.5
36,2013-07-22,2.5
37,2013-07-23,2.53
38,2013-07-24,2.61
39,2013-07-25,2.61
40,2013-07-26,2.58
41,2013-07-29,2.61
42,2013-07-30,2.63
43,2013-07-31,2.6
44,2013-08-01,2.74
45,2013-08-02,2.63
46,2013-08-05,2.67
47,2013-08-06,2.67
48,2013-08-07,2.61
49,2013-08-08,2.58
50,2013-08-09,2.57
51,2013-08-12,2.61
52,2013-08-13,2.71
53,2013-08-14,2.71
54,2013-08-15,2.77
55,2013-08-16,2.84
56,2013-08-19,2.88
57,2013-08-20,2.82
58,2013-08-21,2.87
59,2013-08-22,2.9
60,2013-08-23,2.82
61,2013-08-26,2.79
62,2013-08-27,2.72
63,2013-08-28,2.78
64,2013-08-29,2.75
65,2013-08-30,2.78
66,2013-09-02,2.78
67,2013-09-03,2.86
68,2013-09-04,2.9
69,2013-09-05,2.98
70,2013-09-06,2.94
71,2013-09-09,2.9
72,2013-09-10,2.96
73,2013-09-11,2.93
74,2013-09-12,2.92
75,2013-09-13,2.9
76,2013-09-16,2.88
77,2013-09-17,2.86
78,2013-09-18,2.69
79,2013-09-19,2.76
80,2013-09-20,2.75
81,2013-09-23,2.72
82,2013-09-24,2.67
83,2013-09-25,2.63
84,2013-09-26,2.66
85,2013-09-27,2.64
86,2013-09-30,2.64
87,2013-10-01,2.66
88,2013-10-02,2.63
89,2013-10-03,2.62
90,2013-10-04,2.66
91,2013-10-07,2.65
92,2013-10-08,2.66
93,2013-10-09,2.68
94,2013-10-10,2.71
95,2013-10-11,2.7
96,2013-10-14,2.7
97,2013-10-15,2.75
98,2013-10-16,2.69
99,2013-10-17,2.61
100,2013-10-18,2.6
101,2013-10-21,2.63
102,2013-10-22,2.54
103,2013-10-23,2.51
104,2013-10-24,2.53
105,2013-10-25,2.53
106,2013-10-28,2.54
107,2013-10-29,2.53
108,2013-10-30,2.55
109,2013-10-31,2.57
110,2013-11-01,2.65
111,2013-11-04,2.63
112,2013-11-05,2.69
113,2013-11-06,2.67
114,2013-11-07,2.63
115,2013-11-08,2.77
116,2013-11-11,2.77
117,2013-11-12,2.8
118,2013-11-13,2.75
119,2013-11-14,2.69
120,2013-11-15,2.71
121,2013-11-18,2.67
122,2013-11-19,2.71
123,2013-11-20,2.8
124,2013-11-21,2.79
125,2013-11-22,2.75
126,2013-11-25,2.74
127,2013-11-26,2.71
128,2013-11-27,2.74
129,2013-11-28,2.74
130,2013-11-29,2.75
131,2013-12-02,2.81
132,2013-12-03,2.79
133,2013-12-04,2.84
134,2013-12-05,2.88
135,2013-12-06,2.88
136,2013-12-09,2.86
137,2013-12-10,2.81
138,2013-12-11,2.86
139,2013-12-12,2.89
140,2013-12-13,2.88
141,2013-12-16,2.89
142,2013-12-17,2.85
143,2013-12-18,2.89
144,2013-12-19,2.94
145,2013-12-20,2.89
146,2013-12-23,2.94
147,2013-12-24,2.99
148,2013-12-25,2.99
149,2013-12-26,3.0
150,2013-12-27,3.02
151,2013-12-30,2.99
152,2013-12-31,3.04
153,2014-01-01,3.04
154,2014-01-02,3.0
155,2014-01-03,3.01
156,2014-01-06,2.98
157,2014-01-07,2.96
158,2014-01-08,3.01
159,2014-01-09,2.97
160,2014-01-10,2.88
161,2014-01-13,2.84
162,2014-01-14,2.88
163,2014-01-15,2.9
164,2014-01-16,2.86
165,2014-01-17,2.84
166,2014-01-20,2.84
167,2014-01-21,2.85
168,2014-01-22,2.87
169,2014-01-23,2.79
170,2014-01-24,2.75
171,2014-01-27,2.78
172,2014-01-28,2.77
173,2014-01-29,2.69
174,2014-01-30,2.72
175,2014-01-31,2.67
176,2014-02-03,2.61
177,2014-02-04,2.64
178,2014-02-05,2.7
179,2014-02-06,2.73
180,2014-02-07,2.71
181,2014-02-10,2.7
182,2014-02-11,2.75
183,2014-02-12,2.8
184,2014-02-13,2.73
185,2014-02-14,2.75
186,2014-02-17,2.75
187,2014-02-18,2.71
188,2014-02-19,2.73
189,2014-02-20,2.76
190,2014-02-21,2.73
191,2014-02-24,2.75
192,2014-02-25,2.7
193,2014-02-26,2.67
194,2014-02-27,2.65
195,2014-02-28,2.66
196,2014-03-03,2.6
197,2014-03-04,2.7
198,2014-03-05,2.7
199,2014-03-06,2.74
200,2014-03-07,2.8
201,2014-03-10,2.79
202,2014-03-11,2.77
203,2014-03-12,2.73
204,2014-03-13,2.66
205,2014-03-14,2.65
206,2014-03-17,2.7
207,2014-03-18,2.68
208,2014-03-19,2.78
209,2014-03-20,2.79
210,2014-03-21,2.75
211,2014-03-24,2.74
212,2014-03-25,2.75
213,2014-03-26,2.71
214,2014-03-27,2.69
215,2014-03-28,2.73
216,2014-03-31,2.73
217,2014-04-01,2.77
218,2014-04-02,2.82
219,2014-04-03,2.8
220,2014-04-04,2.74
221,2014-04-07,2.71
222,2014-04-08,2.69
223,2014-04-09,2.71
224,2014-04-10,2.65
225,2014-04-11,2.63
226,2014-04-14,2.65
227,2014-04-15,2.64
228,2014-04-16,2.65
229,2014-04-17,2.73
230,2014-04-18,2.73
231,2014-04-21,2.73
232,2014-04-22,2.73
233,2014-04-23,2.7
234,2014-04-24,2.7
235,2014-04-25,2.68
236,2014-04-28,2.7
237,2014-04-29,2.71
238,2014-04-30,2.67
239,2014-05-01,2.63
240,2014-05-02,2.6
241,2014-05-05,2.63
242,2014-05-06,2.61
243,2014-05-07,2.62
244,2014-05-08,2.61
245,2014-05-09,2.62
246,2014-05-12,2.66
247,2014-05-13,2.61
248,2014-05-14,2.54
249,2014-05-15,2.5
250,2014-05-16,2.52
251,2014-05-19,2.54
252,2014-05-20,2.52
253,2014-05-21,2.54
254,2014-05-22,2.56
255,2014-05-23,2.54
256,2014-05-26,2.54
257,2014-05-27,2.52
258,2014-05-28,2.44
259,2014-05-29,2.45
260,2014-05-30,2.48
261,2014-06-02,2.54
262,2014-06-03,2.6
263,2014-06-04,2.61
264,2014-06-05,2.59
265,2014-06-06,2.6
266,2014-06-09,2.62
267,2014-06-10,2.64
268,2014-06-11,2.65
269,2014-06-12,2.58
270,2014-06-13,2.6
271,2014-06-16,2.61
272,2014-06-17,2.66
273,2014-06-18,2.61
274,2014-06-19,2.64
275,2014-06-20,2.63
276,2014-06-23,2.63
277,2014-06-24,2.59
278,2014-06-25,2.57
279,2014-06-26,2.53
280,2014-06-27,2.54
281,2014-06-30,2.53
282,2014-07-01,2.58
283,2014-07-02,2.64
284,2014-07-03,2.65
285,2014-07-04,2.65
286,2014-07-07,2.63
287,2014-07-08,2.58
288,2014-07-09,2.57
289,2014-07-10,2.55
290,2014-07-11,2.53
291,2014-07-14,2.55
292,2014-07-15,2.56
293,2014-07-16,2.55
294,2014-07-17,2.47
295,2014-07-18,2.5
296,2014-07-21,2.49
297,2014-07-22,2.48
298,2014-07-23,2.48
299,2014-07-24,2.52
300,2014-07-25,2.48
301,2014-07-28,2.5
302,2014-07-29,2.47
303,2014-07-30,2.57
304,2014-07-31,2.58
305,2014-08-01,2.52
306,2014-08-04,2.51
307,2014-08-05,2.49
308,2014-08-06,2.49
309,2014-08-07,2.43
310,2014-08-08,2.44
311,2014-08-11,2.44
312,2014-08-12,2.46
313,2014-08-13,2.43
314,2014-08-14,2.4
315,2014-08-15,2.34
316,2014-08-18,2.39
317,2014-08-19,2.4
318,2014-08-20,2.43
319,2014-08-21,2.41
320,2014-08-22,2.4
321,2014-08-25,2.39
322,2014-08-26,2.39
323,2014-08-27,2.37
324,2014-08-28,2.34
325,2014-08-29,2.35
326,2014-09-01,2.35
327,2014-09-02,2.42
328,2014-09-03,2.41
329,2014-09-04,2.45
330,2014-09-05,2.46
331,2014-09-08,2.48
332,2014-09-09,2.5
333,2014-09-10,2.54
334,2014-09-11,2.54
335,2014-09-12,2.62
336,2014-09-15,2.6
337,2014-09-16,2.6
338,2014-09-17,2.62
339,2014-09-18,2.63
340,2014-09-19,2.59
341,2014-09-22,2.57
342,2014-09-23,2.54
343,2014-09-24,2.57
344,2014-09-25,2.52
345,2014-09-26,2.54
346,2014-09-29,2.5
347,2014-09-30,2.52
348,2014-10-01,2.42
349,2014-10-02,2.44
350,2014-10-03,2.45
351,2014-10-06,2.43
352,2014-10-07,2.36
353,2014-10-08,2.35
354,2014-10-09,2.34
355,2014-10-10,2.31
356,2014-10-13,2.31
357,2014-10-14,2.21
358,2014-10-15,2.15
359,2014-10-16,2.17
360,2014-10-17,2.22
361,2014-10-20,2.2
362,2014-10-21,2.23
363,2014-10-22,2.25
364,2014-10-23,2.29
365,2014-10-24,2.29
366,2014-10-27,2.27
367,2014-10-28,2.3
368,2014-10-29,2.34
369,2014-10-30,2.32
370,2014-10-31,2.35
371,2014-11-03,2.36
372,2014-11-04,2.35
373,2014-11-05,2.36
374,2014-11-06,2.39
375,2014-11-07,2.32
376,2014-11-10,2.38
377,2014-11-11,2.38
378,2014-11-12,2.37
379,2014-11-13,2.35
380,2014-11-14,2.32
381,2014-11-17,2.34
382,2014-11-18,2.32
383,2014-11-19,2.36
384,2014-11-20,2.34
385,2014-11-21,2.31
386,2014-11-24,2.3
387,2014-11-25,2.27
388,2014-11-26,2.24
389,2014-11-27,2.24
390,2014-11-28,2.18
391,2014-12-01,2.22
392,2014-12-02,2.28
393,2014-12-03,2.29
394,2014-12-04,2.25
395,2014-12-05,2.31
396,2014-12-08,2.26
397,2014-12-09,2.22
398,2014-12-10,2.18
399,2014-12-11,2.19
400,2014-12-12,2.1
401,2014-12-15,2.12
402,2014-12-16,2.07
403,2014-12-17,2.14
404,2014-12-18,2.22
405,2014-12-19,2.17
406,2014-12-22,2.17
407,2014-12-23,2.26
408,2014-12-24,2.27
409,2014-12-25,2.27
410,2014-12-26,2.25
411,2014-12-29,2.22
412,2014-12-30,2.2
413,2014-12-31,2.17
414,2015-01-01,2.17
415,2015-01-02,2.12
416,2015-01-05,2.04
417,2015-01-06,1.97
418,2015-01-07,1.96
419,2015-01-08,2.03
420,2015-01-09,1.98
421,2015-01-12,1.92
422,2015-01-13,1.91
423,2015-01-14,1.86
424,2015-01-15,1.77
425,2015-01-16,1.83
426,2015-01-19,1.83
427,2015-01-20,1.82
428,2015-01-21,1.87
429,2015-01-22,1.9
430,2015-01-23,1.81
431,2015-01-26,1.83
432,2015-01-27,1.83
433,2015-01-28,1.73
434,2015-01-29,1.77
435,2015-01-30,1.68
436,2015-02-02,1.68
437,2015-02-03,1.79
438,2015-02-04,1.81
439,2015-02-05,1.83
440,2015-02-06,1.95
441,2015-02-09,1.96
442,2015-02-10,2.01
443,2015-02-11,2.0
444,2015-02-12,1.99
445,2015-02-13,2.02
446,2015-02-16,2.02
447,2015-02-17,2.14
448,2015-02-18,2.07
449,2015-02-19,2.11
450,2015-02-20,2.13
451,2015-02-23,2.06
452,2015-02-24,1.99
453,2015-02-25,1.96
454,2015-02-26,2.03
455,2015-02-27,2.0
456,2015-03-02,2.08
457,2015-03-03,2.12
458,2015-03-04,2.12
459,2015-03-05,2.11
460,2015-03-06,2.24
461,2015-03-09,2.2
462,2015-03-10,2.14
463,2015-03-11,2.11
464,2015-03-12,2.1
465,2015-03-13,2.13
466,2015-03-16,2.1
467,2015-03-17,2.06
468,2015-03-18,1.93
469,2015-03-19,1.98
470,2015-03-20,1.93
471,2015-03-23,1.92
472,2015-03-24,1.88
473,2015-03-25,1.93
474,2015-03-26,2.01
475,2015-03-27,1.95
476,2015-03-30,1.96
477,2015-03-31,1.94
478,2015-04-01,1.87
479,2015-04-02,1.92
480,2015-04-03,1.85
481,2015-04-06,1.92
482,2015-04-07,1.89
483,2015-04-08,1.92
484,2015-04-09,1.97
485,2015-04-10,1.96
486,2015-04-13,1.94
487,2015-04-14,1.9
488,2015-04-15,1.91
489,2015-04-16,1.9
490,2015-04-17,1.87
491,2015-04-20,1.9
492,2015-04-21,1.92
493,2015-04-22,1.99
494,2015-04-23,1.96
495,2015-04-24,1.93
496,2015-04-27,1.94
497,2015-04-28,2.0
498,2015-04-29,2.06
499,2015-04-30,2.05
500,2015-05-01,2.12
501,2015-05-04,2.16
502,2015-05-05,2.19
503,2015-05-06,2.25
504,2015-05-07,2.18
505,2015-05-08,2.16
506,2015-05-11,2.28
507,2015-05-12,2.28
508,2015-05-13,2.27
509,2015-05-14,2.23
510,2015-05-15,2.14
511,2015-05-18,2.23
512,2015-05-19,2.27
513,2015-05-20,2.26
514,2015-05-21,2.19
515,2015-05-22,2.21
516,2015-05-25,2.21
517,2015-05-26,2.14
518,2015-05-27,2.14
519,2015-05-28,2.13
520,2015-05-29,2.12
521,2015-06-01,2.19
522,2015-06-02,2.27
523,2015-06-03,2.38
524,2015-06-04,2.31
525,2015-06-05,2.41
526,2015-06-08,2.39
527,2015-06-09,2.42
528,2015-06-10,2.5
529,2015-06-11,2.39
530,2015-06-12,2.39
531,2015-06-15,2.36
532,2015-06-16,2.32
533,2015-06-17,2.32
534,2015-06-18,2.35
535,2015-06-19,2.26
536,2015-06-22,2.37
537,2015-06-23,2.42
538,2015-06-24,2.38
539,2015-06-25,2.4
540,2015-06-26,2.49
541,2015-06-29,2.33
542,2015-06-30,2.35
543,2015-07-01,2.43
544,2015-07-02,2.4
545,2015-07-03,2.4
546,2015-07-06,2.3
547,2015-07-07,2.27
548,2015-07-08,2.22
549,2015-07-09,2.32
550,2015-07-10,2.42
551,2015-07-13,2.44
552,2015-07-14,2.41
553,2015-07-15,2.36
554,2015-07-16,2.36
555,2015-07-17,2.34
556,2015-07-20,2.38
557,2015-07-21,2.35
558,2015-07-22,2.33
559,2015-07-23,2.28
560,2015-07-24,2.27
561,2015-07-27,2.23
562,2015-07-28,2.26
563,2015-07-29,2.29
564,2015-07-30,2.28
565,2015-07-31,2.2
566,2015-08-03,2.16
567,2015-08-04,2.23
568,2015-08-05,2.28
569,2015-08-06,2.23
570,2015-08-07,2.18
571,2015-08-10,2.24
572,2015-08-11,2.15
573,2015-08-12,2.14
574,2015-08-13,2.19
575,2015-08-14,2.2
576,2015-08-17,2.16
577,2015-08-18,2.2
578,2015-08-19,2.12
579,2015-08-20,2.09
580,2015-08-21,2.05
581,2015-08-24,2.01
582,2015-08-25,2.12
583,2015-08-26,2.18
584,2015-08-27,2.18
585,2015-08-28,2.19
586,2015-08-31,2.21
587,2015-09-01,2.17
588,2015-09-02,2.2
589,2015-09-03,2.18
590,2015-09-04,2.13
591,2015-09-07,2.13
592,2015-09-08,2.2
593,2015-09-09,2.21
594,2015-09-10,2.23
595,2015-09-11,2.2
596,2015-09-14,2.18
597,2015-09-15,2.28
598,2015-09-16,2.3
599,2015-09-17,2.21
600,2015-09-18,2.13
601,2015-09-21,2.2
602,2015-09-22,2.14
603,2015-09-23,2.16
604,2015-09-24,2.13
605,2015-09-25,2.17
606,2015-09-28,2.1
607,2015-09-29,2.05
608,2015-09-30,2.06
609,2015-10-01,2.05
610,2015-10-02,1.99
611,2015-10-05,2.07
612,2015-10-06,2.05
613,2015-10-07,2.08
614,2015-10-08,2.12
615,2015-10-09,2.12
616,2015-10-12,2.12
617,2015-10-13,2.06
618,2015-10-14,1.99
619,2015-10-15,2.04
620,2015-10-16,2.04
621,2015-10-19,2.04
622,2015-10-20,2.08
623,2015-10-21,2.04
624,2015-10-22,2.04
625,2015-10-23,2.09
626,2015-10-26,2.07
627,2015-10-27,2.05
628,2015-10-28,2.1
629,2015-10-29,2.19
630,2015-10-30,2.16
631,2015-11-02,2.2
632,2015-11-03,2.23
633,2015-11-04,2.25
634,2015-11-05,2.26
635,2015-11-06,2.34
636,2015-11-09,2.36
637,2015-11-10,2.32
638,2015-11-11,2.32
639,2015-11-12,2.32
640,2015-11-13,2.28
641,2015-11-16,2.27
642,2015-11-17,2.25
643,2015-11-18,2.27
644,2015-11-19,2.24
645,2015-11-20,2.26
646,2015-11-23,2.25
647,2015-11-24,2.24
648,2015-11-25,2.23
649,2015-11-26,2.23
650,2015-11-27,2.22
651,2015-11-30,2.21
652,2015-12-01,2.15
653,2015-12-02,2.18
654,2015-12-03,2.33
655,2015-12-04,2.28
656,2015-12-07,2.23
657,2015-12-08,2.24
658,2015-12-09,2.22
659,2015-12-10,2.24
660,2015-12-11,2.13
661,2015-12-14,2.23
662,2015-12-15,2.28
663,2015-12-16,2.3
664,2015-12-17,2.24
665,2015-12-18,2.19
666,2015-12-21,2.2
667,2015-12-22,2.24
668,2015-12-23,2.27
669,2015-12-24,2.25
670,2015-12-25,2.25
671,2015-12-28,2.24
672,2015-12-29,2.32
673,2015-12-30,2.31
674,2015-12-31,2.27
675,2016-01-01,2.27
676,2016-01-04,2.24
677,2016-01-05,2.25
678,2016-01-06,2.18
679,2016-01-07,2.16
680,2016-01-08,2.13
681,2016-01-11,2.17
682,2016-01-12,2.12
683,2016-01-13,2.08
684,2016-01-14,2.1
685,2016-01-15,2.03
686,2016-01-18,2.03
687,2016-01-19,2.06
688,2016-01-20,2.01
689,2016-01-21,2.02
690,2016-01-22,2.07
691,2016-01-25,2.03
692,2016-01-26,2.01
693,2016-01-27,2.02
694,2016-01-28,2.0
695,2016-01-29,1.94
696,2016-02-01,1.97
697,2016-02-02,1.87
698,2016-02-03,1.88
699,2016-02-04,1.87
700,2016-02-05,1.86
701,2016-02-08,1.75
702,2016-02-09,1.74
703,2016-02-10,1.71
704,2016-02-11,1.63
705,2016-02-12,1.74
706,2016-02-15,1.74
707,2016-02-16,1.78
708,2016-02-17,1.81
709,2016-02-18,1.75
710,2016-02-19,1.76
711,2016-02-22,1.77
712,2016-02-23,1.74
713,2016-02-24,1.75
714,2016-02-25,1.71
715,2016-02-26,1.76
716,2016-02-29,1.74
717,2016-03-01,1.83
718,2016-03-02,1.84
719,2016-03-03,1.83
720,2016-03-04,1.88
721,2016-03-07,1.91
722,2016-03-08,1.83
723,2016-03-09,1.9
724,2016-03-10,1.93
725,2016-03-11,1.98
726,2016-03-14,1.97
727,2016-03-15,1.97
728,2016-03-16,1.94
729,2016-03-17,1.91
730,2016-03-18,1.88
731,2016-03-21,1.92
732,2016-03-22,1.94
733,2016-03-23,1.88
734,2016-03-24,1.91
735,2016-03-25,1.91
736,2016-03-28,1.89
737,2016-03-29,1.81
738,2016-03-30,1.83
739,2016-03-31,1.78
740,2016-04-01,1.79
741,2016-04-04,1.78
742,2016-04-05,1.73
743,2016-04-06,1.76
744,2016-04-07,1.7
745,2016-04-08,1.72
746,2016-04-11,1.73
747,2016-04-12,1.79
748,2016-04-13,1.77
749,2016-04-14,1.8
750,2016-04-15,1.76
751,2016-04-18,1.78
752,2016-04-19,1.79
753,2016-04-20,1.85
754,2016-04-21,1.88
755,2016-04-22,1.89
756,2016-04-25,1.91
757,2016-04-26,1.94
758,2016-04-27,1.87
759,2016-04-28,1.84
760,2016-04-29,1.83
761,2016-05-02,1.88
762,2016-05-03,1.81
763,2016-05-04,1.79
764,2016-05-05,1.76
765,2016-05-06,1.79
766,2016-05-09,1.77
767,2016-05-10,1.77
768,2016-05-11,1.73
769,2016-05-12,1.75
770,2016-05-13,1.71
771,2016-05-16,1.75
772,2016-05-17,1.76
773,2016-05-18,1.87
774,2016-05-19,1.85
775,2016-05-20,1.85
776,2016-05-23,1.84
777,2016-05-24,1.86
778,2016-05-25,1.87
779,2016-05-26,1.83
780,2016-05-27,1.85
781,2016-05-30,1.85
782,2016-05-31,1.84
783,2016-06-01,1.85
784,2016-06-02,1.81
785,2016-06-03,1.71
786,2016-06-06,1.73
787,2016-06-07,1.72
788,2016-06-08,1.71
789,2016-06-09,1.68
790,2016-06-10,1.64
791,2016-06-13,1.62
792,2016-06-14,1.62
793,2016-06-15,1.6
794,2016-06-16,1.57
795,2016-06-17,1.62
796,2016-06-20,1.67
797,2016-06-21,1.71
798,2016-06-22,1.69
799,2016-06-23,1.74
800,2016-06-24,1.57
801,2016-06-27,1.46
802,2016-06-28,1.46
803,2016-06-29,1.5
804,2016-06-30,1.49
805,2016-07-01,1.46
806,2016-07-04,1.46
807,2016-07-05,1.37
808,2016-07-06,1.38
809,2016-07-07,1.4
810,2016-07-08,1.37
811,2016-07-11,1.43
812,2016-07-12,1.53
813,2016-07-13,1.48
814,2016-07-14,1.53
815,2016-07-15,1.6
816,2016-07-18,1.59
817,2016-07-19,1.56
818,2016-07-20,1.59
819,2016-07-21,1.57
820,2016-07-22,1.57
821,2016-07-25,1.58
822,2016-07-26,1.57
823,2016-07-27,1.52
824,2016-07-28,1.52
825,2016-07-29,1.46
826,2016-08-01,1.51
827,2016-08-02,1.55
828,2016-08-03,1.55
829,2016-08-04,1.51
830,2016-08-05,1.59
831,2016-08-08,1.59
832,2016-08-09,1.55
833,2016-08-10,1.5
834,2016-08-11,1.57
835,2016-08-12,1.51
836,2016-08-15,1.55
837,2016-08-16,1.57
838,2016-08-17,1.56
839,2016-08-18,1.53
840,2016-08-19,1.58
841,2016-08-22,1.55
842,2016-08-23,1.55
843,2016-08-24,1.56
844,2016-08-25,1.58
845,2016-08-26,1.62
846,2016-08-29,1.57
847,2016-08-30,1.57
848,2016-08-31,1.58
849,2016-09-01,1.57
850,2016-09-02,1.6
851,2016-09-05,1.6
852,2016-09-06,1.55
853,2016-09-07,1.54
854,2016-09-08,1.61
855,2016-09-09,1.67
856,2016-09-12,1.68
857,2016-09-13,1.73
858,2016-09-14,1.7
859,2016-09-15,1.71
860,2016-09-16,1.7
861,2016-09-19,1.7
862,2016-09-20,1.69
863,2016-09-21,1.66
864,2016-09-22,1.63
865,2016-09-23,1.62
866,2016-09-26,1.59
867,2016-09-27,1.56
868,2016-09-28,1.57
869,2016-09-29,1.56
870,2016-09-30,1.6
871,2016-10-03,1.63
872,2016-10-04,1.69
873,2016-10-05,1.72
874,2016-10-06,1.75
875,2016-10-07,1.73
876,2016-10-10,1.73
877,2016-10-11,1.77
878,2016-10-12,1.79
879,2016-10-13,1.75
880,2016-10-14,1.8
881,2016-10-17,1.77
882,2016-10-18,1.75
883,2016-10-19,1.76
884,2016-10-20,1.76
885,2016-10-21,1.74
886,2016-10-24,1.77
887,2016-10-25,1.77
888,2016-10-26,1.79
889,2016-10-27,1.85
890,2016-10-28,1.86
891,2016-10-31,1.84
892,2016-11-01,1.83
893,2016-11-02,1.81
894,2016-11-03,1.82
895,2016-11-04,1.79
896,2016-11-07,1.83
897,2016-11-08,1.88
898,2016-11-09,2.07
899,2016-11-10,2.15
900,2016-11-11,2.15
901,2016-11-14,2.23
902,2016-11-15,2.23
903,2016-11-16,2.22
904,2016-11-17,2.29
905,2016-11-18,2.34
906,2016-11-21,2.33
907,2016-11-22,2.31
908,2016-11-23,2.36
909,2016-11-24,2.36
910,2016-11-25,2.36
911,2016-11-28,2.32
912,2016-11-29,2.3
913,2016-11-30,2.37
914,2016-12-01,2.45
915,2016-12-02,2.4
916,2016-12-05,2.39
917,2016-12-06,2.39
918,2016-12-07,2.34
919,2016-12-08,2.4
920,2016-12-09,2.47
921,2016-12-12,2.49
922,2016-12-13,2.48
923,2016-12-14,2.54
924,2016-12-15,2.6
925,2016-12-16,2.6
926,2016-12-19,2.54
927,2016-12-20,2.57
928,2016-12-21,2.55
929,2016-12-22,2.55
930,2016-12-23,2.55
931,2016-12-26,2.55
932,2016-12-27,2.57
933,2016-12-28,2.51
934,2016-12-29,2.49
935,2016-12-30,2.45
936,2017-01-02,2.45
937,2017-01-03,2.45
938,2017-01-04,2.46
939,2017-01-05,2.37
940,2017-01-06,2.42
941,2017-01-09,2.38
942,2017-01-10,2.38
943,2017-01-11,2.38
944,2017-01-12,2.36
945,2017-01-13,2.4
946,2017-01-16,2.4
947,2017-01-17,2.33
948,2017-01-18,2.42
949,2017-01-19,2.47
950,2017-01-20,2.48
951,2017-01-23,2.41
952,2017-01-24,2.47
953,2017-01-25,2.53
954,2017-01-26,2.51
955,2017-01-27,2.49
956,2017-01-30,2.49
957,2017-01-31,2.45
958,2017-02-01,2.48
959,2017-02-02,2.48
960,2017-02-03,2.49
961,2017-02-06,2.42
962,2017-02-07,2.4
963,2017-02-08,2.34
964,2017-02-09,2.4
965,2017-02-10,2.41
966,2017-02-13,2.43
967,2017-02-14,2.47
968,2017-02-15,2.51
969,2017-02-16,2.45
970,2017-02-17,2.42
971,2017-02-20,2.42
972,2017-02-21,2.43
973,2017-02-22,2.42
974,2017-02-23,2.38
975,2017-02-24,2.31
976,2017-02-27,2.36
977,2017-02-28,2.36
978,2017-03-01,2.46
979,2017-03-02,2.49
980,2017-03-03,2.49
981,2017-03-06,2.49
982,2017-03-07,2.52
983,2017-03-08,2.57
984,2017-03-09,2.6
985,2017-03-10,2.58
986,2017-03-13,2.62
987,2017-03-14,2.6
988,2017-03-15,2.51
989,2017-03-16,2.53
990,2017-03-17,2.5
991,2017-03-20,2.47
992,2017-03-21,2.43
993,2017-03-22,2.4
994,2017-03-23,2.41
995,2017-03-24,2.4
996,2017-03-27,2.38
997,2017-03-28,2.42
998,2017-03-29,2.39
999,2017-03-30,2.42
1000,2017-03-31,2.4
1001,2017-04-03,2.35
1002,2017-04-04,2.36
1003,2017-04-05,2.34
1004,2017-04-06,2.34
1005,2017-04-07,2.38
1006,2017-04-10,2.37
1007,2017-04-11,2.32
1008,2017-04-12,2.28
1009,2017-04-13,2.24
1010,2017-04-14,2.24
1011,2017-04-17,2.26
1012,2017-04-18,2.18
1013,2017-04-19,2.21
1014,2017-04-20,2.24
1015,2017-04-21,2.24
1016,2017-04-24,2.28
1017,2017-04-25,2.35
1018,2017-04-26,2.32
1019,2017-04-27,2.3
1020,2017-04-28,2.29
1021,2017-05-01,2.33
1022,2017-05-02,2.29
1023,2017-05-03,2.33
1024,2017-05-04,2.36
1025,2017-05-05,2.36
1026,2017-05-08,2.39
1027,2017-05-09,2.42
1028,2017-05-10,2.41
1029,2017-05-11,2.39
1030,2017-05-12,2.33
1031,2017-05-15,2.34
1032,2017-05-16,2.33
1033,2017-05-17,2.22
1034,2017-05-18,2.23
1035,2017-05-19,2.23
1036,2017-05-22,2.25
1037,2017-05-23,2.29
1038,2017-05-24,2.26
1039,2017-05-25,2.25
1040,2017-05-26,2.25
1041,2017-05-29,2.25
1042,2017-05-30,2.21
1043,2017-05-31,2.21
1044,2017-06-01,2.21
1045,2017-06-02,2.15
1046,2017-06-05,2.18
1047,2017-06-06,2.14
1048,2017-06-07,2.18
1049,2017-06-08,2.19
1050,2017-06-09,2.21
1051,2017-06-12,2.21
1052,2017-06-13,2.21
1053,2017-06-14,2.15
1054,2017-06-15,2.16
1055,2017-06-16,2.16
1056,2017-06-19,2.19
1057,2017-06-20,2.16
1058,2017-06-21,2.16
1059,2017-06-22,2.15
1060,2017-06-23,2.15
1061,2017-06-26,2.14
1062,2017-06-27,2.21
1063,2017-06-28,2.22
1064,2017-06-29,2.27
1065,2017-06-30,2.31
1066,2017-07-03,2.35
1067,2017-07-04,2.35
1068,2017-07-05,2.33
1069,2017-07-06,2.37
1070,2017-07-07,2.39
1071,2017-07-10,2.38
1072,2017-07-11,2.37
1073,2017-07-12,2.33
1074,2017-07-13,2.35
1075,2017-07-14,2.33
1076,2017-07-17,2.31
1077,2017-07-18,2.27
1078,2017-07-19,2.27
1079,2017-07-20,2.27
1080,2017-07-21,2.24
1081,2017-07-24,2.26
1082,2017-07-25,2.33
1083,2017-07-26,2.29
1084,2017-07-27,2.32
1085,2017-07-28,2.3
1086,2017-07-31,2.3
1087,2017-08-01,2.26
1088,2017-08-02,2.27
1089,2017-08-03,2.24
1090,2017-08-04,2.27
1091,2017-08-07,2.26
1092,2017-08-08,2.29
1093,2017-08-09,2.24
1094,2017-08-10,2.2
1095,2017-08-11,2.19
1096,2017-08-14,2.22
1097,2017-08-15,2.27
1098,2017-08-16,2.23
1099,2017-08-17,2.19
1100,2017-08-18,2.19
1101,2017-08-21,2.18
1102,2017-08-22,2.22
1103,2017-08-23,2.17
1104,2017-08-24,2.19
1105,2017-08-25,2.17
1106,2017-08-28,2.16
1107,2017-08-29,2.13
1108,2017-08-30,2.15
1109,2017-08-31,2.12
1110,2017-09-01,2.16
1111,2017-09-04,2.16
1112,2017-09-05,2.07
1113,2017-09-06,2.1
1114,2017-09-07,2.05
1115,2017-09-08,2.06
1116,2017-09-11,2.14
1117,2017-09-12,2.17
1118,2017-09-13,2.2
1119,2017-09-14,2.2
1120,2017-09-15,2.2
1121,2017-09-18,2.23
1122,2017-09-19,2.24
1123,2017-09-20,2.28
1124,2017-09-21,2.27
1125,2017-09-22,2.26
1126,2017-09-25,2.22
1127,2017-09-26,2.24
1128,2017-09-27,2.31
1129,2017-09-28,2.31
1130,2017-09-29,2.33
1131,2017-10-02,2.34
1132,2017-10-03,2.33
1133,2017-10-04,2.33
1134,2017-10-05,2.35
1135,2017-10-06,2.37
1136,2017-10-09,2.37
1137,2017-10-10,2.35
1138,2017-10-11,2.35
1139,2017-10-12,2.33
1140,2017-10-13,2.28
1141,2017-10-16,2.3
1142,2017-10-17,2.3
1143,2017-10-18,2.34
1144,2017-10-19,2.33
1145,2017-10-20,2.39
1146,2017-10-23,2.38
1147,2017-10-24,2.42
1148,2017-10-25,2.44
1149,2017-10-26,2.46
1150,2017-10-27,2.42
1151,2017-10-30,2.37
1152,2017-10-31,2.38
1153,2017-11-01,2.37
1154,2017-11-02,2.35
1155,2017-11-03,2.34
1156,2017-11-06,2.32
1157,2017-11-07,2.32
1158,2017-11-08,2.32
1159,2017-11-09,2.33
1160,2017-11-10,2.4
1161,2017-11-13,2.4
1162,2017-11-14,2.38
1163,2017-11-15,2.33
1164,2017-11-16,2.37
1165,2017-11-17,2.35
1166,2017-11-20,2.37
1167,2017-11-21,2.36
1168,2017-11-22,2.32
1169,2017-11-23,2.32
1170,2017-11-24,2.34
1171,2017-11-27,2.32
1172,2017-11-28,2.34
1173,2017-11-29,2.37
1174,2017-11-30,2.42
1175,2017-12-01,2.37
1176,2017-12-04,2.37
1177,2017-12-05,2.36
1178,2017-12-06,2.33
1179,2017-12-07,2.37
1180,2017-12-08,2.38
1181,2017-12-11,2.39
1182,2017-12-12,2.4
1183,2017-12-13,2.36
1184,2017-12-14,2.35
1185,2017-12-15,2.35
1186,2017-12-18,2.39
1187,2017-12-19,2.46
1188,2017-12-20,2.49
1189,2017-12-21,2.48
1190,2017-12-22,2.48
1191,2017-12-25,2.48
1192,2017-12-26,2.47
1193,2017-12-27,2.42
1194,2017-12-28,2.43
1195,2017-12-29,2.4
1196,2018-01-01,2.4
1197,2018-01-02,2.46
1198,2018-01-03,2.44
1199,2018-01-04,2.46
1200,2018-01-05,2.47
1201,2018-01-08,2.49
1202,2018-01-09,2.55
1203,2018-01-10,2.55
1204,2018-01-11,2.54
1205,2018-01-12,2.55
1206,2018-01-15,2.55
1207,2018-01-16,2.54
1208,2018-01-17,2.57
1209,2018-01-18,2.62
1210,2018-01-19,2.64
1211,2018-01-22,2.66
1212,2018-01-23,2.63
1213,2018-01-24,2.65
1214,2018-01-25,2.63
1215,2018-01-26,2.66
1216,2018-01-29,2.7
1217,2018-01-30,2.73
1218,2018-01-31,2.72
1219,2018-02-01,2.78
1220,2018-02-02,2.84
1221,2018-02-05,2.77
1222,2018-02-06,2.79
1223,2018-02-07,2.84
1224,2018-02-08,2.85
1225,2018-02-09,2.83
1226,2018-02-12,2.86
1227,2018-02-13,2.83
1228,2018-02-14,2.91
1229,2018-02-15,2.9
1230,2018-02-16,2.87
1231,2018-02-19,2.87
1232,2018-02-20,2.88
1233,2018-02-21,2.94
1234,2018-02-22,2.92
1235,2018-02-23,2.88
1236,2018-02-26,2.86
1237,2018-02-27,2.9
1238,2018-02-28,2.87
1239,2018-03-01,2.81
1240,2018-03-02,2.86
1241,2018-03-05,2.88
1242,2018-03-06,2.88
1243,2018-03-07,2.89
1244,2018-03-08,2.86
1245,2018-03-09,2.9
1246,2018-03-12,2.87
1247,2018-03-13,2.84
1248,2018-03-14,2.81
1249,2018-03-15,2.82
1250,2018-03-16,2.85
1251,2018-03-19,2.85
1252,2018-03-20,2.89
1253,2018-03-21,2.89
1254,2018-03-22,2.83
1255,2018-03-23,2.82
1256,2018-03-26,2.85
1257,2018-03-27,2.78
1258,2018-03-28,2.77
1259,2018-03-29,2.74
1260,2018-03-30,2.74
1261,2018-04-02,2.73
1262,2018-04-03,2.79
1263,2018-04-04,2.79
1264,2018-04-05,2.83
1265,2018-04-06,2.77
1266,2018-04-09,2.78
1267,2018-04-10,2.8
1268,2018-04-11,2.79
1269,2018-04-12,2.83
1270,2018-04-13,2.82
1271,2018-04-16,2.83
1272,2018-04-17,2.82
1273,2018-04-18,2.87
1274,2018-04-19,2.92
1275,2018-04-20,2.96
1276,2018-04-23,2.98
1277,2018-04-24,3.0
1278,2018-04-25,3.03
1279,2018-04-26,3.0
1280,2018-04-27,2.96
1281,2018-04-30,2.95
1282,2018-05-01,2.97
1283,2018-05-02,2.97
1284,2018-05-03,2.94
1285,2018-05-04,2.95
1286,2018-05-07,2.95
1287,2018-05-08,2.97
1288,2018-05-09,3.0
1289,2018-05-10,2.97
1290,2018-05-11,2.97
1291,2018-05-14,3.0
1292,2018-05-15,3.08
1293,2018-05-16,3.09
1294,2018-05-17,3.11
1295,2018-05-18,3.06
1296,2018-05-21,3.06
1297,2018-05-22,3.06
1298,2018-05-23,3.01
1299,2018-05-24,2.98
1300,2018-05-25,2.93
1301,2018-05-28,2.93
1302,2018-05-29,2.77
1303,2018-05-30,2.84
1304,2018-05-31,2.83
1305,2018-06-01,2.89
1306,2018-06-04,2.94
1307,2018-06-05,2.92
1308,2018-06-06,2.97
1309,2018-06-07,2.93
1310,2018-06-08,2.93
1311,2018-06-11,2.96
1312,2018-06-12,2.96
1313,2018-06-13,2.98
1314,2018-06-14,2.94
1315,2018-06-15,2.93
1316,2018-06-18,2.92
1317,2018-06-19,2.89
1318,2018-06-20,2.93
1319,2018-06-21,2.9
1320,2018-06-22,2.9
1321,2018-06-25,2.87
1322,2018-06-26,2.88
1323,2018-06-27,2.83
1324,2018-06-28,2.84
1325,2018-06-29,2.85
1326,2018-07-02,2.87
1327,2018-07-03,2.83
1328,2018-07-04,2.83
1329,2018-07-05,2.84
1330,2018-07-06,2.82
1331,2018-07-09,2.86
1332,2018-07-10,2.87
1333,2018-07-11,2.85
1334,2018-07-12,2.85
1335,2018-07-13,2.83
1336,2018-07-16,2.85
1337,2018-07-17,2.86
1338,2018-07-18,2.88
1339,2018-07-19,2.84
1340,2018-07-20,2.89
1341,2018-07-23,2.96
1342,2018-07-24,2.95
1343,2018-07-25,2.94
1344,2018-07-26,2.98
1345,2018-07-27,2.96
1346,2018-07-30,2.98
1347,2018-07-31,2.96
1348,2018-08-01,3.0
1349,2018-08-02,2.98
1350,2018-08-03,2.95
1351,2018-08-06,2.94
1352,2018-08-07,2.98
1353,2018-08-08,2.96
1354,2018-08-09,2.93
1355,2018-08-10,2.87
1356,2018-08-13,2.88
1357,2018-08-14,2.89
1358,2018-08-15,2.86
1359,2018-08-16,2.87
1360,2018-08-17,2.87
1361,2018-08-20,2.82
1362,2018-08-21,2.85
1363,2018-08-22,2.82
1364,2018-08-23,2.82
1365,2018-08-24,2.82
1366,2018-08-27,2.85
1367,2018-08-28,2.88
1368,2018-08-29,2.89
1369,2018-08-30,2.86
1370,2018-08-31,2.86
1371,2018-09-03,2.86
1372,2018-09-04,2.9
1373,2018-09-05,2.9
1374,2018-09-06,2.88
1375,2018-09-07,2.94
1376,2018-09-10,2.94
1377,2018-09-11,2.98
1378,2018-09-12,2.97
1379,2018-09-13,2.97
1380,2018-09-14,2.99
1381,2018-09-17,2.99
1382,2018-09-18,3.05
1383,2018-09-19,3.08
1384,2018-09-20,3.07
1385,2018-09-21,3.07
1386,2018-09-24,3.08
1387,2018-09-25,3.1
1388,2018-09-26,3.06
1389,2018-09-27,3.06
1390,2018-09-28,3.05
1391,2018-10-01,3.09
1392,2018-10-02,3.05
1393,2018-10-03,3.15
1394,2018-10-04,3.19
1395,2018-10-05,3.23
1396,2018-10-08,3.23
1397,2018-10-09,3.21
1398,2018-10-10,3.22
1399,2018-10-11,3.14
1400,2018-10-12,3.15
1401,2018-10-15,3.16
1402,2018-10-16,3.16
1403,2018-10-17,3.19
1404,2018-10-18,3.17
1405,2018-10-19,3.2
1406,2018-10-22,3.2
1407,2018-10-23,3.17
1408,2018-10-24,3.1
1409,2018-10-25,3.14
1410,2018-10-26,3.08
1411,2018-10-29,3.08
1412,2018-10-30,3.12
1413,2018-10-31,3.15
1414,2018-11-01,3.14
1415,2018-11-02,3.22
1416,2018-11-05,3.2
1417,2018-11-06,3.22
1418,2018-11-07,3.22
1419,2018-11-08,3.24
1420,2018-11-09,3.19
1421,2018-11-12,3.19
1422,2018-11-13,3.14
1423,2018-11-14,3.12
1424,2018-11-15,3.11
1425,2018-11-16,3.08
1426,2018-11-19,3.06
1427,2018-11-20,3.06
1428,2018-11-21,3.06
1429,2018-11-22,3.06
1430,2018-11-23,3.05
1431,2018-11-26,3.07
1432,2018-11-27,3.06
1433,2018-11-28,3.06
1434,2018-11-29,3.03
1435,2018-11-30,3.01
1436,2018-12-03,2.98
1437,2018-12-04,2.91
1438,2018-12-05,2.91
1439,2018-12-06,2.87
1440,2018-12-07,2.85
1441,2018-12-10,2.85
1442,2018-12-11,2.89
1443,2018-12-12,2.91
1444,2018-12-13,2.91
1445,2018-12-14,2.89
1446,2018-12-17,2.86
1447,2018-12-18,2.82
1448,2018-12-19,2.77
1449,2018-12-20,2.79
1450,2018-12-21,2.79
1451,2018-12-24,2.74
1452,2018-12-25,2.74
1453,2018-12-26,2.81
1454,2018-12-27,2.77
1455,2018-12-28,2.72
1456,2018-12-31,2.69
1457,2019-01-01,2.69
1458,2019-01-02,2.66
1459,2019-01-03,2.56
1460,2019-01-04,2.67
1461,2019-01-07,2.7
1462,2019-01-08,2.73
1463,2019-01-09,2.74
1464,2019-01-10,2.74
1465,2019-01-11,2.71
1466,2019-01-14,2.71
1467,2019-01-15,2.72
1468,2019-01-16,2.73
1469,2019-01-17,2.75
1470,2019-01-18,2.79
1471,2019-01-21,2.79
1472,2019-01-22,2.74
1473,2019-01-23,2.76
1474,2019-01-24,2.72
1475,2019-01-25,2.76
1476,2019-01-28,2.75
1477,2019-01-29,2.72
1478,2019-01-30,2.7
1479,2019-01-31,2.63
1480,2019-02-01,2.7
1481,2019-02-04,2.73
1482,2019-02-05,2.71
1483,2019-02-06,2.7
1484,2019-02-07,2.65
1485,2019-02-08,2.63
1486,2019-02-11,2.65
1487,2019-02-12,2.68
1488,2019-02-13,2.71
1489,2019-02-14,2.66
1490,2019-02-15,2.66
1491,2019-02-18,2.66
1492,2019-02-19,2.65
1493,2019-02-20,2.65
1494,2019-02-21,2.69
1495,2019-02-22,2.65
1496,2019-02-25,2.67
1497,2019-02-26,2.64
1498,2019-02-27,2.69
1499,2019-02-28,2.73
1500,2019-03-01,2.76
1501,2019-03-04,2.72
1502,2019-03-05,2.72
1503,2019-03-06,2.69
1504,2019-03-07,2.64
1505,2019-03-08,2.62
1506,2019-03-11,2.64
1507,2019-03-12,2.61
1508,2019-03-13,2.61
1509,2019-03-14,2.63
1510,2019-03-15,2.59
1511,2019-03-18,2.6
1512,2019-03-19,2.61
1513,2019-03-20,2.54
1514,2019-03-21,2.54
1515,2019-03-22,2.44
1516,2019-03-25,2.43
1517,2019-03-26,2.41
1518,2019-03-27,2.39
1519,2019-03-28,2.39
1520,2019-03-29,2.41
1521,2019-04-01,2.49
1522,2019-04-02,2.48
1523,2019-04-03,2.52
1524,2019-04-04,2.51
1525,2019-04-05,2.5
1526,2019-04-08,2.52
1527,2019-04-09,2.51
1528,2019-04-10,2.48
1529,2019-04-11,2.51
1530,2019-04-12,2.56
1531,2019-04-15,2.55
1532,2019-04-16,2.6
1533,2019-04-17,2.59
1534,2019-04-18,2.57
1535,2019-04-19,2.57
1536,2019-04-22,2.59
1537,2019-04-23,2.57
1538,2019-04-24,2.53
1539,2019-04-25,2.54
1540,2019-04-26,2.51
1541,2019-04-29,2.54
1542,2019-04-30,2.51
1543,2019-05-01,2.52
1544,2019-05-02,2.55
1545,2019-05-03,2.54
1546,2019-05-06,2.51
1547,2019-05-07,2.45
1548,2019-05-08,2.49
1549,2019-05-09,2.45
1550,2019-05-10,2.47
1551,2019-05-13,2.4
1552,2019-05-14,2.42
1553,2019-05-15,2.37
1554,2019-05-16,2.4
1555,2019-05-17,2.39
1556,2019-05-20,2.41
1557,2019-05-21,2.43
1558,2019-05-22,2.39
1559,2019-05-23,2.31
1560,2019-05-24,2.32
1561,2019-05-27,2.32
1562,2019-05-28,2.26
1563,2019-05-29,2.25
1564,2019-05-30,2.22
1565,2019-05-31,2.14
1566,2019-06-03,2.07
1567,2019-06-04,2.12
1568,2019-06-05,2.12
1569,2019-06-06,2.12
1570,2019-06-07,2.09
1571,2019-06-10,2.15
1572,2019-06-11,2.15
1573,2019-06-12,2.13
1574,2019-06-13,2.1
1575,2019-06-14,2.09
1576,2019-06-17,2.09
1577,2019-06-18,2.06
1578,2019-06-19,2.03
1579,2019-06-20,2.01
1580,2019-06-21,2.07
1581,2019-06-24,2.02
1582,2019-06-25,2.0
1583,2019-06-26,2.05
1584,2019-06-27,2.01
1585,2019-06-28,2.0
1586,2019-07-01,2.03
1587,2019-07-02,1.98
1588,2019-07-03,1.96
1589,2019-07-04,1.96
1590,2019-07-05,2.04
1591,2019-07-08,2.05
1592,2019-07-09,2.07
1593,2019-07-10,2.07
1594,2019-07-11,2.13
1595,2019-07-12,2.12
1596,2019-07-15,2.09
1597,2019-07-16,2.13
1598,2019-07-17,2.06
1599,2019-07-18,2.04
1600,2019-07-19,2.05
1601,2019-07-22,2.05
1602,2019-07-23,2.08
1603,2019-07-24,2.05
1604,2019-07-25,2.08
1605,2019-07-26,2.08
1606,2019-07-29,2.06
1607,2019-07-30,2.06
1608,2019-07-31,2.02
1609,2019-08-01,1.9
1610,2019-08-02,1.86
1611,2019-08-05,1.75
1612,2019-08-06,1.73
1613,2019-08-07,1.71
1614,2019-08-08,1.72
1615,2019-08-09,1.74
1616,2019-08-12,1.65
1617,2019-08-13,1.68
1618,2019-08-14,1.59
1619,2019-08-15,1.52
1620,2019-08-16,1.55
1621,2019-08-19,1.6
1622,2019-08-20,1.55
1623,2019-08-21,1.59
1624,2019-08-22,1.62
1625,2019-08-23,1.52
1626,2019-08-26,1.54
1627,2019-08-27,1.49
1628,2019-08-28,1.47
1629,2019-08-29,1.5
1630,2019-08-30,1.5
1631,2019-09-02,1.5
1632,2019-09-03,1.47
1633,2019-09-04,1.47
1634,2019-09-05,1.57
1635,2019-09-06,1.55
1636,2019-09-09,1.63
1637,2019-09-10,1.72
1638,2019-09-11,1.75
1639,2019-09-12,1.79
1640,2019-09-13,1.9
1641,2019-09-16,1.84
1642,2019-09-17,1.81
1643,2019-09-18,1.8
1644,2019-09-19,1.79
1645,2019-09-20,1.74
1646,2019-09-23,1.72
1647,2019-09-24,1.64
1648,2019-09-25,1.73
1649,2019-09-26,1.7
1650,2019-09-27,1.69
1651,2019-09-30,1.68
1652,2019-10-01,1.65
1653,2019-10-02,1.6
1654,2019-10-03,1.54
1655,2019-10-04,1.52
1656,2019-10-07,1.56
1657,2019-10-08,1.54
1658,2019-10-09,1.59
1659,2019-10-10,1.67
1660,2019-10-11,1.76
1661,2019-10-14,1.76
1662,2019-10-15,1.77
1663,2019-10-16,1.75
1664,2019-10-17,1.76
1665,2019-10-18,1.76
1666,2019-10-21,1.8
1667,2019-10-22,1.78
1668,2019-10-23,1.77
1669,2019-10-24,1.77
1670,2019-10-25,1.8
1671,2019-10-28,1.85
1672,2019-10-29,1.84
1673,2019-10-30,1.78
1674,2019-10-31,1.69
1675,2019-11-01,1.73
1676,2019-11-04,1.79
1677,2019-11-05,1.86
1678,2019-11-06,1.81
1679,2019-11-07,1.92
1680,2019-11-08,1.94
1681,2019-11-11,1.94
1682,2019-11-12,1.92
1683,2019-11-13,1.88
1684,2019-11-14,1.82
1685,2019-11-15,1.84
1686,2019-11-18,1.81
1687,2019-11-19,1.79
1688,2019-11-20,1.73
1689,2019-11-21,1.77
1690,2019-11-22,1.77
1691,2019-11-25,1.76
1692,2019-11-26,1.74
1693,2019-11-27,1.77
1694,2019-11-28,1.77
1695,2019-11-29,1.78
1696,2019-12-02,1.83
1697,2019-12-03,1.72
1698,2019-12-04,1.77
1699,2019-12-05,1.8
1700,2019-12-06,1.84
1701,2019-12-09,1.83
1702,2019-12-10,1.85
1703,2019-12-11,1.79
1704,2019-12-12,1.9
1705,2019-12-13,1.82
1706,2019-12-16,1.89
1707,2019-12-17,1.89
1708,2019-12-18,1.92
1709,2019-12-19,1.92
1710,2019-12-20,1.92
1711,2019-12-23,1.93
1712,2019-12-24,1.9
1713,2019-12-25,1.9
1714,2019-12-26,1.9
1715,2019-12-27,1.88
1716,2019-12-30,1.9
1717,2019-12-31,1.92
1718,2020-01-01,1.92
1719,2020-01-02,1.88
1720,2020-01-03,1.8
1721,2020-01-06,1.81
1722,2020-01-07,1.83
1723,2020-01-08,1.87
1724,2020-01-09,1.85
1725,2020-01-10,1.83
1726,2020-01-13,1.85
1727,2020-01-14,1.82
1728,2020-01-15,1.79
1729,2020-01-16,1.81
1730,2020-01-17,1.84
1731,2020-01-20,1.84
1732,2020-01-21,1.78
1733,2020-01-22,1.77
1734,2020-01-23,1.74
1735,2020-01-24,1.7
1736,2020-01-27,1.61
1737,2020-01-28,1.65
1738,2020-01-29,1.6
1739,2020-01-30,1.57
1740,2020-01-31,1.51
1741,2020-02-03,1.54
1742,2020-02-04,1.61
1743,2020-02-05,1.66
1744,2020-02-06,1.65
1745,2020-02-07,1.59
1746,2020-02-10,1.56
1747,2020-02-11,1.59
1748,2020-02-12,1.62
1749,2020-02-13,1.61
1750,2020-02-14,1.59
1751,2020-02-17,1.59
1752,2020-02-18,1.55
1753,2020-02-19,1.56
1754,2020-02-20,1.52
1755,2020-02-21,1.46
1756,2020-02-24,1.38
1757,2020-02-25,1.33
1758,2020-02-26,1.33
1759,2020-02-27,1.3
1760,2020-02-28,1.13
1761,2020-03-02,1.1
1762,2020-03-03,1.02
1763,2020-03-04,1.02
1764,2020-03-05,0.92
1765,2020-03-06,0.74
1766,2020-03-09,0.54
1767,2020-03-10,0.76
1768,2020-03-11,0.82
1769,2020-03-12,0.88
1770,2020-03-13,0.94
1771,2020-03-16,0.73
1772,2020-03-17,1.02
1773,2020-03-18,1.18
1774,2020-03-19,1.12
1775,2020-03-20,0.92
1776,2020-03-23,0.76
1777,2020-03-24,0.84
1778,2020-03-25,0.88
1779,2020-03-26,0.83
1780,2020-03-27,0.72
1781,2020-03-30,0.7
1782,2020-03-31,0.7
1783,2020-04-01,0.62
1784,2020-04-02,0.63
1785,2020-04-03,0.62
1786,2020-04-06,0.67
1787,2020-04-07,0.75
1788,2020-04-08,0.77
1789,2020-04-09,0.73
1790,2020-04-10,0.73
1791,2020-04-13,0.76
1792,2020-04-14,0.76
1793,2020-04-15,0.63
1794,2020-04-16,0.61
1795,2020-04-17,0.65
1796,2020-04-20,0.63
1797,2020-04-21,0.58
1798,2020-04-22,0.63
1799,2020-04-23,0.61
1800,2020-04-24,0.6
1801,2020-04-27,0.67
1802,2020-04-28,0.62
1803,2020-04-29,0.63
1804,2020-04-30,0.64
1805,2020-05-01,0.64
1806,2020-05-04,0.64
1807,2020-05-05,0.66
1808,2020-05-06,0.72
1809,2020-05-07,0.63
1810,2020-05-08,0.69
1811,2020-05-11,0.73
1812,2020-05-12,0.69
1813,2020-05-13,0.64
1814,2020-05-14,0.63
1815,2020-05-15,0.64
1816,2020-05-18,0.73
1817,2020-05-19,0.7
1818,2020-05-20,0.68
1819,2020-05-21,0.68
1820,2020-05-22,0.66
1821,2020-05-25,0.66
1822,2020-05-26,0.69
1823,2020-05-27,0.68
1824,2020-05-28,0.7
1825,2020-05-29,0.65
1826,2020-06-01,0.66
1827,2020-06-02,0.68
1828,2020-06-03,0.77
1829,2020-06-04,0.82
1830,2020-06-05,0.91
1831,2020-06-08,0.88
1832,2020-06-09,0.84
1833,2020-06-10,0.75
1834,2020-06-11,0.66
1835,2020-06-12,0.71
1836,2020-06-15,0.71
1837,2020-06-16,0.75
1838,2020-06-17,0.74
1839,2020-06-18,0.71
1840,2020-06-19,0.7
1841,2020-06-22,0.71
1842,2020-06-23,0.72
1843,2020-06-24,0.69
1844,2020-06-25,0.68
1845,2020-06-26,0.64
1846,2020-06-29,0.64
1847,2020-06-30,0.66
1848,2020-07-01,0.69
1849,2020-07-02,0.68
1850,2020-07-03,0.68
1851,2020-07-06,0.69
1852,2020-07-07,0.65
1853,2020-07-08,0.67
1854,2020-07-09,0.62
1855,2020-07-10,0.65
1856,2020-07-13,0.64
1857,2020-07-14,0.63
1858,2020-07-15,0.64
1859,2020-07-16,0.62
1860,2020-07-17,0.64
1861,2020-07-20,0.62
1862,2020-07-21,0.61
1863,2020-07-22,0.6
1864,2020-07-23,0.59
1865,2020-07-24,0.59
1866,2020-07-27,0.62
1867,2020-07-28,0.59
1868,2020-07-29,0.58
1869,2020-07-30,0.55
1870,2020-07-31,0.55
1871,2020-08-03,0.56
1872,2020-08-04,0.52
1873,2020-08-05,0.55
1874,2020-08-06,0.55
1875,2020-08-07,0.57
1876,2020-08-10,0.59
1877,2020-08-11,0.64
1878,2020-08-12,0.69
1879,2020-08-13,0.71
1880,2020-08-14,0.71
1881,2020-08-17,0.69
1882,2020-08-18,0.67
1883,2020-08-19,0.68
1884,2020-08-20,0.65
1885,2020-08-21,0.64
1886,2020-08-24,0.65
1887,2020-08-25,0.69
1888,2020-08-26,0.69
1889,2020-08-27,0.74
1890,2020-08-28,0.74
1891,2020-08-31,0.72
1892,2020-09-01,0.68
1893,2020-09-02,0.66
1894,2020-09-03,0.63
1895,2020-09-04,0.72
1896,2020-09-07,0.72
1897,2020-09-08,0.69
1898,2020-09-09,0.71
1899,2020-09-10,0.68
1900,2020-09-11,0.67
1901,2020-09-14,0.68
1902,2020-09-15,0.68
1903,2020-09-16,0.69
1904,2020-09-17,0.69
1905,2020-09-18,0.7
1906,2020-09-21,0.68
1907,2020-09-22,0.68
1908,2020-09-23,0.68
1909,2020-09-24,0.67
1910,2020-09-25,0.66
1911,2020-09-28,0.67
1912,2020-09-29,0.66
1913,2020-09-30,0.69
1914,2020-10-01,0.68
1915,2020-10-02,0.7
1916,2020-10-05,0.78
1917,2020-10-06,0.76
1918,2020-10-07,0.81
1919,2020-10-08,0.78
1920,2020-10-09,0.79
1921,2020-10-12,0.79
1922,2020-10-13,0.74
1923,2020-10-14,0.73
1924,2020-10-15,0.74
1925,2020-10-16,0.76
1926,2020-10-19,0.78
1927,2020-10-20,0.81
1928,2020-10-21,0.83
1929,2020-10-22,0.87
1930,2020-10-23,0.85
1931,2020-10-26,0.81
1932,2020-10-27,0.79
1933,2020-10-28,0.79
1934,2020-10-29,0.85
1935,2020-10-30,0.88
1936,2020-11-02,0.87
1937,2020-11-03,0.9
1938,2020-11-04,0.78
1939,2020-11-05,0.79
1940,2020-11-06,0.83
1941,2020-11-09,0.96
1942,2020-11-10,0.98
1943,2020-11-11,0.98
1944,2020-11-12,0.88
1945,2020-11-13,0.89
1946,2020-11-16,0.91
1947,2020-11-17,0.87
1948,2020-11-18,0.88
1949,2020-11-19,0.86
1950,2020-11-20,0.83
1951,2020-11-23,0.86
1952,2020-11-24,0.88
1953,2020-11-25,0.88
1954,2020-11-26,0.88
1955,2020-11-27,0.84
1956,2020-11-30,0.84
1957,2020-12-01,0.92
1958,2020-12-02,0.95
1959,2020-12-03,0.92
1960,2020-12-04,0.97
1961,2020-12-07,0.94
1962,2020-12-08,0.92
1963,2020-12-09,0.95
1964,2020-12-10,0.92
1965,2020-12-11,0.9
1966,2020-12-14,0.9
1967,2020-12-15,0.92
1968,2020-12-16,0.92
1969,2020-12-17,0.94
1970,2020-12-18,0.95
1971,2020-12-21,0.95
1972,2020-12-22,0.93
1973,2020-12-23,0.96
1974,2020-12-24,0.94
1975,2020-12-25,0.94
1976,2020-12-28,0.94
1977,2020-12-29,0.94
1978,2020-12-30,0.93
1979,2020-12-31,0.93
1980,2021-01-01,0.93
1981,2021-01-04,0.93
1982,2021-01-05,0.96
1983,2021-01-06,1.04
1984,2021-01-07,1.08
1985,2021-01-08,1.13
1986,2021-01-11,1.15
1987,2021-01-12,1.15
1988,2021-01-13,1.1
1989,2021-01-14,1.15
1990,2021-01-15,1.11
1991,2021-01-18,1.11
1992,2021-01-19,1.1
1993,2021-01-20,1.1
1994,2021-01-21,1.12
1995,2021-01-22,1.1
1996,2021-01-25,1.05
1997,2021-01-26,1.05
1998,2021-01-27,1.04
1999,2021-01-28,1.07
2000,2021-01-29,1.11
2001,2021-02-01,1.09
2002,2021-02-02,1.12
2003,2021-02-03,1.15
2004,2021-02-04,1.15
2005,2021-02-05,1.19
2006,2021-02-08,1.19
2007,2021-02-09,1.18
2008,2021-02-10,1.15
2009,2021-02-11,1.16
2010,2021-02-12,1.2
2011,2021-02-15,1.2
2012,2021-02-16,1.3
2013,2021-02-17,1.29
2014,2021-02-18,1.29
2015,2021-02-19,1.34
2016,2021-02-22,1.37
2017,2021-02-23,1.37
2018,2021-02-24,1.38
2019,2021-02-25,1.54
2020,2021-02-26,1.44
2021,2021-03-01,1.45
2022,2021-03-02,1.42
2023,2021-03-03,1.47
2024,2021-03-04,1.54
2025,2021-03-05,1.56
2026,2021-03-08,1.59
2027,2021-03-09,1.55
2028,2021-03-10,1.53
2029,2021-03-11,1.54
2030,2021-03-12,1.64
2031,2021-03-15,1.62
2032,2021-03-16,1.62
2033,2021-03-17,1.63
2034,2021-03-18,1.71
2035,2021-03-19,1.74
2036,2021-03-22,1.69
2037,2021-03-23,1.63
2038,2021-03-24,1.62
2039,2021-03-25,1.63
2040,2021-03-26,1.67
2041,2021-03-29,1.73
2042,2021-03-30,1.73
2043,2021-03-31,1.74
2044,2021-04-01,1.69
2045,2021-04-02,1.72
2046,2021-04-05,1.73
2047,2021-04-06,1.67
2048,2021-04-07,1.68
2049,2021-04-08,1.64
2050,2021-04-09,1.67
2051,2021-04-12,1.69
2052,2021-04-13,1.64
2053,2021-04-14,1.64
2054,2021-04-15,1.56
2055,2021-04-16,1.59
2056,2021-04-19,1.61
2057,2021-04-20,1.58
2058,2021-04-21,1.57
2059,2021-04-22,1.57
2060,2021-04-23,1.58
2061,2021-04-26,1.58
2062,2021-04-27,1.63
2063,2021-04-28,1.63
2064,2021-04-29,1.65
2065,2021-04-30,1.65
2066,2021-05-03,1.63
2067,2021-05-04,1.61
2068,2021-05-05,1.59
2069,2021-05-06,1.58
2070,2021-05-07,1.6
2071,2021-05-10,1.63
2072,2021-05-11,1.64
2073,2021-05-12,1.69
2074,2021-05-13,1.66
2075,2021-05-14,1.63
2076,2021-05-17,1.64
2077,2021-05-18,1.64
2078,2021-05-19,1.68
2079,2021-05-20,1.63
2080,2021-05-21,1.63
2081,2021-05-24,1.61
2082,2021-05-25,1.56
2083,2021-05-26,1.58
2084,2021-05-27,1.61
2085,2021-05-28,1.58
2086,2021-05-31,1.58
2087,2021-06-01,1.62
2088,2021-06-02,1.59
2089,2021-06-03,1.63
2090,2021-06-04,1.56
2091,2021-06-07,1.57
2092,2021-06-08,1.53
2093,2021-06-09,1.5
2094,2021-06-10,1.45
2095,2021-06-11,1.47
2096,2021-06-14,1.51
2097,2021-06-15,1.51
2098,2021-06-16,1.57
2099,2021-06-17,1.52
2100,2021-06-18,1.45
2101,2021-06-21,1.5
2102,2021-06-22,1.48
2103,2021-06-23,1.5
2104,2021-06-24,1.49
2105,2021-06-25,1.54
2106,2021-06-28,1.49
2107,2021-06-29,1.49
2108,2021-06-30,1.45
2109,2021-07-01,1.48
2110,2021-07-02,1.44
2111,2021-07-05,1.44
2112,2021-07-06,1.37
2113,2021-07-07,1.33
2114,2021-07-08,1.3
2115,2021-07-09,1.37
2116,2021-07-12,1.38
2117,2021-07-13,1.42
2118,2021-07-14,1.37
2119,2021-07-15,1.31
2120,2021-07-16,1.31
2121,2021-07-19,1.19
2122,2021-07-20,1.23
2123,2021-07-21,1.3
2124,2021-07-22,1.27
2125,2021-07-23,1.3
2126,2021-07-26,1.29
2127,2021-07-27,1.25
2128,2021-07-28,1.26
2129,2021-07-29,1.28
2130,2021-07-30,1.24
2131,2021-08-02,1.2
2132,2021-08-03,1.19
2133,2021-08-04,1.19
2134,2021-08-05,1.23
2135,2021-08-06,1.31
2136,2021-08-09,1.33
2137,2021-08-10,1.36
2138,2021-08-11,1.35
2139,2021-08-12,1.36
2140,2021-08-13,1.29
2141,2021-08-16,1.26
2142,2021-08-17,1.26
2143,2021-08-18,1.27
2144,2021-08-19,1.24
2145,2021-08-20,1.26
2146,2021-08-23,1.25
2147,2021-08-24,1.29
2148,2021-08-25,1.35
2149,2021-08-26,1.34
2150,2021-08-27,1.31
2151,2021-08-30,1.29
2152,2021-08-31,1.3
2153,2021-09-01,1.31
2154,2021-09-02,1.29
2155,2021-09-03,1.33
2156,2021-09-06,1.33
2157,2021-09-07,1.38
2158,2021-09-08,1.35
2159,2021-09-09,1.3
2160,2021-09-10,1.35
2161,2021-09-13,1.33
2162,2021-09-14,1.28
2163,2021-09-15,1.31
2164,2021-09-16,1.34
2165,2021-09-17,1.37
2166,2021-09-20,1.31
2167,2021-09-21,1.33
2168,2021-09-22,1.32
2169,2021-09-23,1.41
2170,2021-09-24,1.47
2171,2021-09-27,1.48
2172,2021-09-28,1.54
2173,2021-09-29,1.55
2174,2021-09-30,1.52
2175,2021-10-01,1.48
2176,2021-10-04,1.49
2177,2021-10-05,1.54
2178,2021-10-06,1.53
2179,2021-10-07,1.58
2180,2021-10-08,1.61
2181,2021-10-11,1.61
2182,2021-10-12,1.59
2183,2021-10-13,1.56
2184,2021-10-14,1.52
2185,2021-10-15,1.59
2186,2021-10-18,1.59
2187,2021-10-19,1.65
2188,2021-10-20,1.65
2189,2021-10-21,1.68
2190,2021-10-22,1.66
2191,2021-10-25,1.64
2192,2021-10-26,1.63
2193,2021-10-27,1.54
2194,2021-10-28,1.57
2195,2021-10-29,1.55
2196,2021-11-01,1.58
2197,2021-11-02,1.56
2198,2021-11-03,1.6
2199,2021-11-04,1.53
2200,2021-11-05,1.45
2201,2021-11-08,1.51
2202,2021-11-09,1.46
2203,2021-11-10,1.56
2204,2021-11-11,1.56
2205,2021-11-12,1.58
2206,2021-11-15,1.63
2207,2021-11-16,1.63
2208,2021-11-17,1.6
2209,2021-11-18,1.59
2210,2021-11-19,1.54
2211,2021-11-22,1.63
2212,2021-11-23,1.67
2213,2021-11-24,1.64
2214,2021-11-25,1.64
2215,2021-11-26,1.48
2216,2021-11-29,1.52
2217,2021-11-30,1.43
2218,2021-12-01,1.43
2219,2021-12-02,1.44
2220,2021-12-03,1.35
2221,2021-12-06,1.43
2222,2021-12-07,1.48
2223,2021-12-08,1.52
2224,2021-12-09,1.49
2225,2021-12-10,1.48
2226,2021-12-13,1.42
2227,2021-12-14,1.44
2228,2021-12-15,1.47
2229,2021-12-16,1.44
2230,2021-12-17,1.41
2231,2021-12-20,1.43
2232,2021-12-21,1.48
2233,2021-12-22,1.46
2234,2021-12-23,1.5
2235,2021-12-24,1.5
2236,2021-12-27,1.48
2237,2021-12-28,1.49
2238,2021-12-29,1.55
2239,2021-12-30,1.52
2240,2021-12-31,1.52
2241,2022-01-03,1.63
2242,2022-01-04,1.66
2243,2022-01-05,1.71
2244,2022-01-06,1.73
2245,2022-01-07,1.76
2246,2022-01-10,1.78
2247,2022-01-11,1.75
2248,2022-01-12,1.74
2249,2022-01-13,1.7
2250,2022-01-14,1.78
2251,2022-01-17,1.78
2252,2022-01-18,1.87
2253,2022-01-19,1.83
2254,2022-01-20,1.83
2255,2022-01-21,1.75
2256,2022-01-24,1.75
2257,2022-01-25,1.78
2258,2022-01-26,1.85
2259,2022-01-27,1.81
2260,2022-01-28,1.78
2261,2022-01-31,1.79
2262,2022-02-01,1.81
2263,2022-02-02,1.78
2264,2022-02-03,1.82
2265,2022-02-04,1.93
2266,2022-02-07,1.92
2267,2022-02-08,1.96
2268,2022-02-09,1.94
2269,2022-02-10,2.03
2270,2022-02-11,1.92
2271,2022-02-14,1.98
2272,2022-02-15,2.05
2273,2022-02-16,2.03
2274,2022-02-17,1.97
2275,2022-02-18,1.92
2276,2022-02-21,1.92
2277,2022-02-22,1.94
2278,2022-02-23,1.99
2279,2022-02-24,1.96
2280,2022-02-25,1.97
2281,2022-02-28,1.83
2282,2022-03-01,1.72
2283,2022-03-02,1.86
2284,2022-03-03,1.86
2285,2022-03-04,1.74
2286,2022-03-07,1.78
2287,2022-03-08,1.86
2288,2022-03-09,1.94
2289,2022-03-10,1.98
2290,2022-03-11,2.0
2291,2022-03-14,2.14
2292,2022-03-15,2.15
2293,2022-03-16,2.19
2294,2022-03-17,2.2
2295,2022-03-18,2.14
2296,2022-03-21,2.32
2297,2022-03-22,2.38
2298,2022-03-23,2.32
2299,2022-03-24,2.34
2300,2022-03-25,2.48
2301,2022-03-28,2.46
2302,2022-03-29,2.41
2303,2022-03-30,2.35
2304,2022-03-31,2.32
2305,2022-04-01,2.39
2306,2022-04-04,2.42
2307,2022-04-05,2.54
2308,2022-04-06,2.61
2309,2022-04-07,2.66
2310,2022-04-08,2.72
2311,2022-04-11,2.79
2312,2022-04-12,2.72
2313,2022-04-13,2.7
2314,2022-04-14,2.83
2315,2022-04-15,2.83
2316,2022-04-18,2.85
2317,2022-04-19,2.93
2318,2022-04-20,2.85
2319,2022-04-21,2.9
2320,2022-04-22,2.9
2321,2022-04-25,2.81
2322,2022-04-26,2.77
2323,2022-04-27,2.82
2324,2022-04-28,2.85
2325,2022-04-29,2.89
2326,2022-05-02,2.99
2327,2022-05-03,2.97
2328,2022-05-04,2.93
2329,2022-05-05,3.05
2330,2022-05-06,3.12
2331,2022-05-09,3.05
2332,2022-05-10,2.99
2333,2022-05-11,2.91
2334,2022-05-12,2.84
2335,2022-05-13,2.93
2336,2022-05-16,2.88
2337,2022-05-17,2.98
2338,2022-05-18,2.89
2339,2022-05-19,2.84
2340,2022-05-20,2.78
2341,2022-05-23,2.86
2342,2022-05-24,2.76
2343,2022-05-25,2.75
2344,2022-05-26,2.75
2345,2022-05-27,2.74
2346,2022-05-30,2.74
2347,2022-05-31,2.85
2348,2022-06-01,2.94
2349,2022-06-02,2.92
2350,2022-06-03,2.96
2351,2022-06-06,3.04
2352,2022-06-07,2.98
2353,2022-06-08,3.03
2354,2022-06-09,3.04
2355,2022-06-10,3.15
2356,2022-06-13,3.43
2357,2022-06-14,3.49
2358,2022-06-15,3.33
2359,2022-06-16,3.28
2360,2022-06-17,3.25
2361,2022-06-20,3.25
2362,2022-06-21,3.31
2363,2022-06-22,3.16
2364,2022-06-23,3.09
2365,2022-06-24,3.13
2366,2022-06-27,3.2
2367,2022-06-28,3.2
2368,2022-06-29,3.1
2369,2022-06-30,2.98
2370,2022-07-01,2.88
2371,2022-07-04,2.88
2372,2022-07-05,2.82
2373,2022-07-06,2.93
2374,2022-07-07,3.01
2375,2022-07-08,3.09
2376,2022-07-11,2.99
2377,2022-07-12,2.96
2378,2022-07-13,2.91
2379,2022-07-14,2.96
2380,2022-07-15,2.93
2381,2022-07-18,2.96
2382,2022-07-19,3.01
2383,2022-07-20,3.04
2384,2022-07-21,2.91
2385,2022-07-22,2.77
2386,2022-07-25,2.81
2387,2022-07-26,2.81
2388,2022-07-27,2.78
2389,2022-07-28,2.68
2390,2022-07-29,2.67
2391,2022-08-01,2.6
2392,2022-08-02,2.75
2393,2022-08-03,2.73
2394,2022-08-04,2.68
2395,2022-08-05,2.83
2396,2022-08-08,2.77
2397,2022-08-09,2.8
2398,2022-08-10,2.78
2399,2022-08-11,2.87
2400,2022-08-12,2.84
2401,2022-08-15,2.79
2402,2022-08-16,2.82
2403,2022-08-17,2.89
2404,2022-08-18,2.88
2405,2022-08-19,2.98
2406,2022-08-22,3.03
2407,2022-08-23,3.05
2408,2022-08-24,3.11
2409,2022-08-25,3.03
2410,2022-08-26,3.04
2411,2022-08-29,3.12
2412,2022-08-30,3.11
2413,2022-08-31,3.15
2414,2022-09-01,3.26
2415,2022-09-02,3.2
2416,2022-09-05,3.2
2417,2022-09-06,3.33
2418,2022-09-07,3.27
2419,2022-09-08,3.29
2420,2022-09-09,3.33
2421,2022-09-12,3.37
2422,2022-09-13,3.42
2423,2022-09-14,3.41
2424,2022-09-15,3.45
2425,2022-09-16,3.45
2426,2022-09-19,3.49
2427,2022-09-20,3.57
2428,2022-09-21,3.51
2429,2022-09-22,3.7
2430,2022-09-23,3.69
2431,2022-09-26,3.88
2432,2022-09-27,3.97
2433,2022-09-28,3.72
2434,2022-09-29,3.76
2435,2022-09-30,3.83
2436,2022-10-03,3.67
2437,2022-10-04,3.62
2438,2022-10-05,3.76
2439,2022-10-06,3.83
2440,2022-10-07,3.89
2441,2022-10-10,3.89
2442,2022-10-11,3.93
2443,2022-10-12,3.91
2444,2022-10-13,3.97
2445,2022-10-14,4.0
2446,2022-10-17,4.02
2447,2022-10-18,4.01
2448,2022-10-19,4.14
2449,2022-10-20,4.24
2450,2022-10-21,4.21
2451,2022-10-24,4.25
2452,2022-10-25,4.1
2453,2022-10-26,4.04
2454,2022-10-27,3.96
2455,2022-10-28,4.02
2456,2022-10-31,4.1
2457,2022-11-01,4.07
2458,2022-11-02,4.1
2459,2022-11-03,4.14
2460,2022-11-04,4.17
2461,2022-11-07,4.22
2462,2022-11-08,4.14
2463,2022-11-09,4.12
2464,2022-11-10,3.82
2465,2022-11-11,3.82
2466,2022-11-14,3.88
2467,2022-11-15,3.8
2468,2022-11-16,3.67
2469,2022-11-17,3.77
2470,2022-11-18,3.82
2471,2022-11-21,3.83
2472,2022-11-22,3.76
2473,2022-11-23,3.71
2474,2022-11-24,3.71
2475,2022-11-25,3.68
2476,2022-11-28,3.69
2477,2022-11-29,3.75
2478,2022-11-30,3.68
2479,2022-12-01,3.53
2480,2022-12-02,3.51
2481,2022-12-05,3.6
2482,2022-12-06,3.51
2483,2022-12-07,3.42
2484,2022-12-08,3.48
2485,2022-12-09,3.57
2486,2022-12-12,3.61
2487,2022-12-13,3.51
2488,2022-12-14,3.49
2489,2022-12-15,3.44
2490,2022-12-16,3.48
2491,2022-12-19,3.57
2492,2022-12-20,3.69
2493,2022-12-21,3.68
2494,2022-12-22,3.67
2495,2022-12-23,3.75
2496,2022-12-26,3.75
2497,2022-12-27,3.84
2498,2022-12-28,3.88
2499,2022-12-29,3.83
2500,2022-12-30,3.88
2501,2023-01-02,3.88
2502,2023-01-03,3.79
2503,2023-01-04,3.69
2504,2023-01-05,3.71
2505,2023-01-06,3.55
2506,2023-01-09,3.53
2507,2023-01-10,3.61
2508,2023-01-11,3.54
2509,2023-01-12,3.43
2510,2023-01-13,3.49
2511,2023-01-16,3.49
2512,2023-01-17,3.53
2513,2023-01-18,3.37
2514,2023-01-19,3.39
2515,2023-01-20,3.48
2516,2023-01-23,3.52
2517,2023-01-24,3.46
2518,2023-01-25,3.46
2519,2023-01-26,3.49
2520,2023-01-27,3.52
2521,2023-01-30,3.55
2522,2023-01-31,3.52
2523,2023-02-01,3.39
2524,2023-02-02,3.4
2525,2023-02-03,3.53
2526,2023-02-06,3.63
2527,2023-02-07,3.67
2528,2023-02-08,3.63
2529,2023-02-09,3.67
2530,2023-02-10,3.74
2531,2023-02-13,3.72
2532,2023-02-14,3.77
2533,2023-02-15,3.81
2534,2023-02-16,3.86
2535,2023-02-17,3.82
2536,2023-02-20,3.82
2537,2023-02-21,3.95
2538,2023-02-22,3.93
2539,2023-02-23,3.88
2540,2023-02-24,3.95
2541,2023-02-27,3.92
2542,2023-02-28,3.92
2543,2023-03-01,4.01
2544,2023-03-02,4.08
2545,2023-03-03,3.97
2546,2023-03-06,3.98
2547,2023-03-07,3.97
2548,2023-03-08,3.98
2549,2023-03-09,3.93
2550,2023-03-10,3.7
2551,2023-03-13,3.55
2552,2023-03-14,3.64
2553,2023-03-15,3.51
2554,2023-03-16,3.56
2555,2023-03-17,3.39
2556,2023-03-20,3.47
2557,2023-03-21,3.59
2558,2023-03-22,3.48
2559,2023-03-23,3.38
2560,2023-03-24,3.38
2561,2023-03-27,3.53
2562,2023-03-28,3.55
2563,2023-03-29,3.57
2564,2023-03-30,3.55
2565,2023-03-31,3.48
2566,2023-04-03,3.43
2567,2023-04-04,3.35
2568,2023-04-05,3.3
2569,2023-04-06,3.3
2570,2023-04-07,3.39
2571,2023-04-10,3.41
2572,2023-04-11,3.43
2573,2023-04-12,3.41
2574,2023-04-13,3.45
2575,2023-04-14,3.52
2576,2023-04-17,3.6
2577,2023-04-18,3.58
2578,2023-04-19,3.6
2579,2023-04-20,3.54
2580,2023-04-21,3.57
2581,2023-04-24,3.52
2582,2023-04-25,3.4
2583,2023-04-26,3.43
2584,2023-04-27,3.53
2585,2023-04-28,3.44
2586,2023-05-01,3.59
2587,2023-05-02,3.44
2588,2023-05-03,3.38
2589,2023-05-04,3.37
2590,2023-05-05,3.44
2591,2023-05-08,3.52
2592,2023-05-09,3.53
2593,2023-05-10,3.43
2594,2023-05-11,3.39
2595,2023-05-12,3.46
2596,2023-05-15,3.5
2597,2023-05-16,3.54
2598,2023-05-17,3.57
2599,2023-05-18,3.65
2600,2023-05-19,3.7
2601,2023-05-22,3.72
2602,2023-05-23,3.7
2603,2023-05-24,3.73
2604,2023-05-25,3.83
