,DATE,UNRATE
0,2013-06-01,7.5
1,2013-06-02,7.5
2,2013-06-03,7.5
3,2013-06-04,7.5
4,2013-06-05,7.5
5,2013-06-06,7.5
6,2013-06-07,7.5
7,2013-06-08,7.5
8,2013-06-09,7.5
9,2013-06-10,7.5
10,2013-06-11,7.5
11,2013-06-12,7.5
12,2013-06-13,7.5
13,2013-06-14,7.5
14,2013-06-15,7.5
15,2013-06-16,7.5
16,2013-06-17,7.5
17,2013-06-18,7.5
18,2013-06-19,7.5
19,2013-06-20,7.5
20,2013-06-21,7.5
21,2013-06-22,7.5
22,2013-06-23,7.5
23,2013-06-24,7.5
24,2013-06-25,7.5
25,2013-06-26,7.5
26,2013-06-27,7.5
27,2013-06-28,7.5
28,2013-06-29,7.5
29,2013-06-30,7.5
30,2013-07-01,7.3
31,2013-07-02,7.3
32,2013-07-03,7.3
33,2013-07-04,7.3
34,2013-07-05,7.3
35,2013-07-06,7.3
36,2013-07-07,7.3
37,2013-07-08,7.3
38,2013-07-09,7.3
39,2013-07-10,7.3
40,2013-07-11,7.3
41,2013-07-12,7.3
42,2013-07-13,7.3
43,2013-07-14,7.3
44,2013-07-15,7.3
45,2013-07-16,7.3
46,2013-07-17,7.3
47,2013-07-18,7.3
48,2013-07-19,7.3
49,2013-07-20,7.3
50,2013-07-21,7.3
51,2013-07-22,7.3
52,2013-07-23,7.3
53,2013-07-24,7.3
54,2013-07-25,7.3
55,2013-07-26,7.3
56,2013-07-27,7.3
57,2013-07-28,7.3
58,2013-07-29,7.3
59,2013-07-30,7.3
60,2013-07-31,7.3
61,2013-08-01,7.2
62,2013-08-02,7.2
63,2013-08-03,7.2
64,2013-08-04,7.2
65,2013-08-05,7.2
66,2013-08-06,7.2
67,2013-08-07,7.2
68,2013-08-08,7.2
69,2013-08-09,7.2
70,2013-08-10,7.2
71,2013-08-11,7.2
72,2013-08-12,7.2
73,2013-08-13,7.2
74,2013-08-14,7.2
75,2013-08-15,7.2
76,2013-08-16,7.2
77,2013-08-17,7.2
78,2013-08-18,7.2
79,2013-08-19,7.2
80,2013-08-20,7.2
81,2013-08-21,7.2
82,2013-08-22,7.2
83,2013-08-23,7.2
84,2013-08-24,7.2
85,2013-08-25,7.2
86,2013-08-26,7.2
87,2013-08-27,7.2
88,2013-08-28,7.2
89,2013-08-29,7.2
90,2013-08-30,7.2
91,2013-08-31,7.2
92,2013-09-01,7.2
93,2013-09-02,7.2
94,2013-09-03,7.2
95,2013-09-04,7.2
96,2013-09-05,7.2
97,2013-09-06,7.2
98,2013-09-07,7.2
99,2013-09-08,7.2
100,2013-09-09,7.2
101,2013-09-10,7.2
102,2013-09-11,7.2
103,2013-09-12,7.2
104,2013-09-13,7.2
105,2013-09-14,7.2
106,2013-09-15,7.2
107,2013-09-16,7.2
108,2013-09-17,7.2
109,2013-09-18,7.2
110,2013-09-19,7.2
111,2013-09-20,7.2
112,2013-09-21,7.2
113,2013-09-22,7.2
114,2013-09-23,7.2
115,2013-09-24,7.2
116,2013-09-25,7.2
117,2013-09-26,7.2
118,2013-09-27,7.2
119,2013-09-28,7.2
120,2013-09-29,7.2
121,2013-09-30,7.2
122,2013-10-01,7.2
123,2013-10-02,7.2
124,2013-10-03,7.2
125,2013-10-04,7.2
126,2013-10-05,7.2
127,2013-10-06,7.2
128,2013-10-07,7.2
129,2013-10-08,7.2
130,2013-10-09,7.2
131,2013-10-10,7.2
132,2013-10-11,7.2
133,2013-10-12,7.2
134,2013-10-13,7.2
135,2013-10-14,7.2
136,2013-10-15,7.2
137,2013-10-16,7.2
138,2013-10-17,7.2
139,2013-10-18,7.2
140,2013-10-19,7.2
141,2013-10-20,7.2
142,2013-10-21,7.2
143,2013-10-22,7.2
144,2013-10-23,7.2
145,2013-10-24,7.2
146,2013-10-25,7.2
147,2013-10-26,7.2
148,2013-10-27,7.2
149,2013-10-28,7.2
150,2013-10-29,7.2
151,2013-10-30,7.2
152,2013-10-31,7.2
153,2013-11-01,6.9
154,2013-11-02,6.9
155,2013-11-03,6.9
156,2013-11-04,6.9
157,2013-11-05,6.9
158,2013-11-06,6.9
159,2013-11-07,6.9
160,2013-11-08,6.9
161,2013-11-09,6.9
162,2013-11-10,6.9
163,2013-11-11,6.9
164,2013-11-12,6.9
165,2013-11-13,6.9
166,2013-11-14,6.9
167,2013-11-15,6.9
168,2013-11-16,6.9
169,2013-11-17,6.9
170,2013-11-18,6.9
171,2013-11-19,6.9
172,2013-11-20,6.9
173,2013-11-21,6.9
174,2013-11-22,6.9
175,2013-11-23,6.9
176,2013-11-24,6.9
177,2013-11-25,6.9
178,2013-11-26,6.9
179,2013-11-27,6.9
180,2013-11-28,6.9
181,2013-11-29,6.9
182,2013-11-30,6.9
183,2013-12-01,6.7
184,2013-12-02,6.7
185,2013-12-03,6.7
186,2013-12-04,6.7
187,2013-12-05,6.7
188,2013-12-06,6.7
189,2013-12-07,6.7
190,2013-12-08,6.7
191,2013-12-09,6.7
192,2013-12-10,6.7
193,2013-12-11,6.7
194,2013-12-12,6.7
195,2013-12-13,6.7
196,2013-12-14,6.7
197,2013-12-15,6.7
198,2013-12-16,6.7
199,2013-12-17,6.7
200,2013-12-18,6.7
201,2013-12-19,6.7
202,2013-12-20,6.7
203,2013-12-21,6.7
204,2013-12-22,6.7
205,2013-12-23,6.7
206,2013-12-24,6.7
207,2013-12-25,6.7
208,2013-12-26,6.7
209,2013-12-27,6.7
210,2013-12-28,6.7
211,2013-12-29,6.7
212,2013-12-30,6.7
213,2013-12-31,6.7
214,2014-01-01,6.6
215,2014-01-02,6.6
216,2014-01-03,6.6
217,2014-01-04,6.6
218,2014-01-05,6.6
219,2014-01-06,6.6
220,2014-01-07,6.6
221,2014-01-08,6.6
222,2014-01-09,6.6
223,2014-01-10,6.6
224,2014-01-11,6.6
225,2014-01-12,6.6
226,2014-01-13,6.6
227,2014-01-14,6.6
228,2014-01-15,6.6
229,2014-01-16,6.6
230,2014-01-17,6.6
231,2014-01-18,6.6
232,2014-01-19,6.6
233,2014-01-20,6.6
234,2014-01-21,6.6
235,2014-01-22,6.6
236,2014-01-23,6.6
237,2014-01-24,6.6
238,2014-01-25,6.6
239,2014-01-26,6.6
240,2014-01-27,6.6
241,2014-01-28,6.6
242,2014-01-29,6.6
243,2014-01-30,6.6
244,2014-01-31,6.6
245,2014-02-01,6.7
246,2014-02-02,6.7
247,2014-02-03,6.7
248,2014-02-04,6.7
249,2014-02-05,6.7
250,2014-02-06,6.7
251,2014-02-07,6.7
252,2014-02-08,6.7
253,2014-02-09,6.7
254,2014-02-10,6.7
255,2014-02-11,6.7
256,2014-02-12,6.7
257,2014-02-13,6.7
258,2014-02-14,6.7
259,2014-02-15,6.7
260,2014-02-16,6.7
261,2014-02-17,6.7
262,2014-02-18,6.7
263,2014-02-19,6.7
264,2014-02-20,6.7
265,2014-02-21,6.7
266,2014-02-22,6.7
267,2014-02-23,6.7
268,2014-02-24,6.7
269,2014-02-25,6.7
270,2014-02-26,6.7
271,2014-02-27,6.7
272,2014-02-28,6.7
273,2014-03-01,6.7
274,2014-03-02,6.7
275,2014-03-03,6.7
276,2014-03-04,6.7
277,2014-03-05,6.7
278,2014-03-06,6.7
279,2014-03-07,6.7
280,2014-03-08,6.7
281,2014-03-09,6.7
282,2014-03-10,6.7
283,2014-03-11,6.7
284,2014-03-12,6.7
285,2014-03-13,6.7
286,2014-03-14,6.7
287,2014-03-15,6.7
288,2014-03-16,6.7
289,2014-03-17,6.7
290,2014-03-18,6.7
291,2014-03-19,6.7
292,2014-03-20,6.7
293,2014-03-21,6.7
294,2014-03-22,6.7
295,2014-03-23,6.7
296,2014-03-24,6.7
297,2014-03-25,6.7
298,2014-03-26,6.7
299,2014-03-27,6.7
300,2014-03-28,6.7
301,2014-03-29,6.7
302,2014-03-30,6.7
303,2014-03-31,6.7
304,2014-04-01,6.2
305,2014-04-02,6.2
306,2014-04-03,6.2
307,2014-04-04,6.2
308,2014-04-05,6.2
309,2014-04-06,6.2
310,2014-04-07,6.2
311,2014-04-08,6.2
312,2014-04-09,6.2
313,2014-04-10,6.2
314,2014-04-11,6.2
315,2014-04-12,6.2
316,2014-04-13,6.2
317,2014-04-14,6.2
318,2014-04-15,6.2
319,2014-04-16,6.2
320,2014-04-17,6.2
321,2014-04-18,6.2
322,2014-04-19,6.2
323,2014-04-20,6.2
324,2014-04-21,6.2
325,2014-04-22,6.2
326,2014-04-23,6.2
327,2014-04-24,6.2
328,2014-04-25,6.2
329,2014-04-26,6.2
330,2014-04-27,6.2
331,2014-04-28,6.2
332,2014-04-29,6.2
333,2014-04-30,6.2
334,2014-05-01,6.3
335,2014-05-02,6.3
336,2014-05-03,6.3
337,2014-05-04,6.3
338,2014-05-05,6.3
339,2014-05-06,6.3
340,2014-05-07,6.3
341,2014-05-08,6.3
342,2014-05-09,6.3
343,2014-05-10,6.3
344,2014-05-11,6.3
345,2014-05-12,6.3
346,2014-05-13,6.3
347,2014-05-14,6.3
348,2014-05-15,6.3
349,2014-05-16,6.3
350,2014-05-17,6.3
351,2014-05-18,6.3
352,2014-05-19,6.3
353,2014-05-20,6.3
354,2014-05-21,6.3
355,2014-05-22,6.3
356,2014-05-23,6.3
357,2014-05-24,6.3
358,2014-05-25,6.3
359,2014-05-26,6.3
360,2014-05-27,6.3
361,2014-05-28,6.3
362,2014-05-29,6.3
363,2014-05-30,6.3
364,2014-05-31,6.3
365,2014-06-01,6.1
366,2014-06-02,6.1
367,2014-06-03,6.1
368,2014-06-04,6.1
369,2014-06-05,6.1
370,2014-06-06,6.1
371,2014-06-07,6.1
372,2014-06-08,6.1
373,2014-06-09,6.1
374,2014-06-10,6.1
375,2014-06-11,6.1
376,2014-06-12,6.1
377,2014-06-13,6.1
378,2014-06-14,6.1
379,2014-06-15,6.1
380,2014-06-16,6.1
381,2014-06-17,6.1
382,2014-06-18,6.1
383,2014-06-19,6.1
384,2014-06-20,6.1
385,2014-06-21,6.1
386,2014-06-22,6.1
387,2014-06-23,6.1
388,2014-06-24,6.1
389,2014-06-25,6.1
390,2014-06-26,6.1
391,2014-06-27,6.1
392,2014-06-28,6.1
393,2014-06-29,6.1
394,2014-06-30,6.1
395,2014-07-01,6.2
396,2014-07-02,6.2
397,2014-07-03,6.2
398,2014-07-04,6.2
399,2014-07-05,6.2
400,2014-07-06,6.2
401,2014-07-07,6.2
402,2014-07-08,6.2
403,2014-07-09,6.2
404,2014-07-10,6.2
405,2014-07-11,6.2
406,2014-07-12,6.2
407,2014-07-13,6.2
408,2014-07-14,6.2
409,2014-07-15,6.2
410,2014-07-16,6.2
411,2014-07-17,6.2
412,2014-07-18,6.2
413,2014-07-19,6.2
414,2014-07-20,6.2
415,2014-07-21,6.2
416,2014-07-22,6.2
417,2014-07-23,6.2
418,2014-07-24,6.2
419,2014-07-25,6.2
420,2014-07-26,6.2
421,2014-07-27,6.2
422,2014-07-28,6.2
423,2014-07-29,6.2
424,2014-07-30,6.2
425,2014-07-31,6.2
426,2014-08-01,6.1
427,2014-08-02,6.1
428,2014-08-03,6.1
429,2014-08-04,6.1
430,2014-08-05,6.1
431,2014-08-06,6.1
432,2014-08-07,6.1
433,2014-08-08,6.1
434,2014-08-09,6.1
435,2014-08-10,6.1
436,2014-08-11,6.1
437,2014-08-12,6.1
438,2014-08-13,6.1
439,2014-08-14,6.1
440,2014-08-15,6.1
441,2014-08-16,6.1
442,2014-08-17,6.1
443,2014-08-18,6.1
444,2014-08-19,6.1
445,2014-08-20,6.1
446,2014-08-21,6.1
447,2014-08-22,6.1
448,2014-08-23,6.1
449,2014-08-24,6.1
450,2014-08-25,6.1
451,2014-08-26,6.1
452,2014-08-27,6.1
453,2014-08-28,6.1
454,2014-08-29,6.1
455,2014-08-30,6.1
456,2014-08-31,6.1
457,2014-09-01,5.9
458,2014-09-02,5.9
459,2014-09-03,5.9
460,2014-09-04,5.9
461,2014-09-05,5.9
462,2014-09-06,5.9
463,2014-09-07,5.9
464,2014-09-08,5.9
465,2014-09-09,5.9
466,2014-09-10,5.9
467,2014-09-11,5.9
468,2014-09-12,5.9
469,2014-09-13,5.9
470,2014-09-14,5.9
471,2014-09-15,5.9
472,2014-09-16,5.9
473,2014-09-17,5.9
474,2014-09-18,5.9
475,2014-09-19,5.9
476,2014-09-20,5.9
477,2014-09-21,5.9
478,2014-09-22,5.9
479,2014-09-23,5.9
480,2014-09-24,5.9
481,2014-09-25,5.9
482,2014-09-26,5.9
483,2014-09-27,5.9
484,2014-09-28,5.9
485,2014-09-29,5.9
486,2014-09-30,5.9
487,2014-10-01,5.7
488,2014-10-02,5.7
489,2014-10-03,5.7
490,2014-10-04,5.7
491,2014-10-05,5.7
492,2014-10-06,5.7
493,2014-10-07,5.7
494,2014-10-08,5.7
495,2014-10-09,5.7
496,2014-10-10,5.7
497,2014-10-11,5.7
498,2014-10-12,5.7
499,2014-10-13,5.7
500,2014-10-14,5.7
501,2014-10-15,5.7
502,2014-10-16,5.7
503,2014-10-17,5.7
504,2014-10-18,5.7
505,2014-10-19,5.7
506,2014-10-20,5.7
507,2014-10-21,5.7
508,2014-10-22,5.7
509,2014-10-23,5.7
510,2014-10-24,5.7
511,2014-10-25,5.7
512,2014-10-26,5.7
513,2014-10-27,5.7
514,2014-10-28,5.7
515,2014-10-29,5.7
516,2014-10-30,5.7
517,2014-10-31,5.7
518,2014-11-01,5.8
519,2014-11-02,5.8
520,2014-11-03,5.8
521,2014-11-04,5.8
522,2014-11-05,5.8
523,2014-11-06,5.8
524,2014-11-07,5.8
525,2014-11-08,5.8
526,2014-11-09,5.8
527,2014-11-10,5.8
528,2014-11-11,5.8
529,2014-11-12,5.8
530,2014-11-13,5.8
531,2014-11-14,5.8
532,2014-11-15,5.8
533,2014-11-16,5.8
534,2014-11-17,5.8
535,2014-11-18,5.8
536,2014-11-19,5.8
537,2014-11-20,5.8
538,2014-11-21,5.8
539,2014-11-22,5.8
540,2014-11-23,5.8
541,2014-11-24,5.8
542,2014-11-25,5.8
543,2014-11-26,5.8
544,2014-11-27,5.8
545,2014-11-28,5.8
546,2014-11-29,5.8
547,2014-11-30,5.8
548,2014-12-01,5.6
549,2014-12-02,5.6
550,2014-12-03,5.6
551,2014-12-04,5.6
552,2014-12-05,5.6
553,2014-12-06,5.6
554,2014-12-07,5.6
555,2014-12-08,5.6
556,2014-12-09,5.6
557,2014-12-10,5.6
558,2014-12-11,5.6
559,2014-12-12,5.6
560,2014-12-13,5.6
561,2014-12-14,5.6
562,2014-12-15,5.6
563,2014-12-16,5.6
564,2014-12-17,5.6
565,2014-12-18,5.6
566,2014-12-19,5.6
567,2014-12-20,5.6
568,2014-12-21,5.6
569,2014-12-22,5.6
570,2014-12-23,5.6
571,2014-12-24,5.6
572,2014-12-25,5.6
573,2014-12-26,5.6
574,2014-12-27,5.6
575,2014-12-28,5.6
576,2014-12-29,5.6
577,2014-12-30,5.6
578,2014-12-31,5.6
579,2015-01-01,5.7
580,2015-01-02,5.7
581,2015-01-03,5.7
582,2015-01-04,5.7
583,2015-01-05,5.7
584,2015-01-06,5.7
585,2015-01-07,5.7
586,2015-01-08,5.7
587,2015-01-09,5.7
588,2015-01-10,5.7
589,2015-01-11,5.7
590,2015-01-12,5.7
591,2015-01-13,5.7
592,2015-01-14,5.7
593,2015-01-15,5.7
594,2015-01-16,5.7
595,2015-01-17,5.7
596,2015-01-18,5.7
597,2015-01-19,5.7
598,2015-01-20,5.7
599,2015-01-21,5.7
600,2015-01-22,5.7
601,2015-01-23,5.7
602,2015-01-24,5.7
603,2015-01-25,5.7
604,2015-01-26,5.7
605,2015-01-27,5.7
606,2015-01-28,5.7
607,2015-01-29,5.7
608,2015-01-30,5.7
609,2015-01-31,5.7
610,2015-02-01,5.5
611,2015-02-02,5.5
612,2015-02-03,5.5
613,2015-02-04,5.5
614,2015-02-05,5.5
615,2015-02-06,5.5
616,2015-02-07,5.5
617,2015-02-08,5.5
618,2015-02-09,5.5
619,2015-02-10,5.5
620,2015-02-11,5.5
621,2015-02-12,5.5
622,2015-02-13,5.5
623,2015-02-14,5.5
624,2015-02-15,5.5
625,2015-02-16,5.5
626,2015-02-17,5.5
627,2015-02-18,5.5
628,2015-02-19,5.5
629,2015-02-20,5.5
630,2015-02-21,5.5
631,2015-02-22,5.5
632,2015-02-23,5.5
633,2015-02-24,5.5
634,2015-02-25,5.5
635,2015-02-26,5.5
636,2015-02-27,5.5
637,2015-02-28,5.5
638,2015-03-01,5.4
639,2015-03-02,5.4
640,2015-03-03,5.4
641,2015-03-04,5.4
642,2015-03-05,5.4
643,2015-03-06,5.4
644,2015-03-07,5.4
645,2015-03-08,5.4
646,2015-03-09,5.4
647,2015-03-10,5.4
648,2015-03-11,5.4
649,2015-03-12,5.4
650,2015-03-13,5.4
651,2015-03-14,5.4
652,2015-03-15,5.4
653,2015-03-16,5.4
654,2015-03-17,5.4
655,2015-03-18,5.4
656,2015-03-19,5.4
657,2015-03-20,5.4
658,2015-03-21,5.4
659,2015-03-22,5.4
660,2015-03-23,5.4
661,2015-03-24,5.4
662,2015-03-25,5.4
663,2015-03-26,5.4
664,2015-03-27,5.4
665,2015-03-28,5.4
666,2015-03-29,5.4
667,2015-03-30,5.4
668,2015-03-31,5.4
669,2015-04-01,5.4
670,2015-04-02,5.4
671,2015-04-03,5.4
672,2015-04-04,5.4
673,2015-04-05,5.4
674,2015-04-06,5.4
675,2015-04-07,5.4
676,2015-04-08,5.4
677,2015-04-09,5.4
678,2015-04-10,5.4
679,2015-04-11,5.4
680,2015-04-12,5.4
681,2015-04-13,5.4
682,2015-04-14,5.4
683,2015-04-15,5.4
684,2015-04-16,5.4
685,2015-04-17,5.4
686,2015-04-18,5.4
687,2015-04-19,5.4
688,2015-04-20,5.4
689,2015-04-21,5.4
690,2015-04-22,5.4
691,2015-04-23,5.4
692,2015-04-24,5.4
693,2015-04-25,5.4
694,2015-04-26,5.4
695,2015-04-27,5.4
696,2015-04-28,5.4
697,2015-04-29,5.4
698,2015-04-30,5.4
699,2015-05-01,5.6
700,2015-05-02,5.6
701,2015-05-03,5.6
702,2015-05-04,5.6
703,2015-05-05,5.6
704,2015-05-06,5.6
705,2015-05-07,5.6
706,2015-05-08,5.6
707,2015-05-09,5.6
708,2015-05-10,5.6
709,2015-05-11,5.6
710,2015-05-12,5.6
711,2015-05-13,5.6
712,2015-05-14,5.6
713,2015-05-15,5.6
714,2015-05-16,5.6
715,2015-05-17,5.6
716,2015-05-18,5.6
717,2015-05-19,5.6
718,2015-05-20,5.6
719,2015-05-21,5.6
720,2015-05-22,5.6
721,2015-05-23,5.6
722,2015-05-24,5.6
723,2015-05-25,5.6
724,2015-05-26,5.6
725,2015-05-27,5.6
726,2015-05-28,5.6
727,2015-05-29,5.6
728,2015-05-30,5.6
729,2015-05-31,5.6
730,2015-06-01,5.3
731,2015-06-02,5.3
732,2015-06-03,5.3
733,2015-06-04,5.3
734,2015-06-05,5.3
735,2015-06-06,5.3
736,2015-06-07,5.3
737,2015-06-08,5.3
738,2015-06-09,5.3
739,2015-06-10,5.3
740,2015-06-11,5.3
741,2015-06-12,5.3
742,2015-06-13,5.3
743,2015-06-14,5.3
744,2015-06-15,5.3
745,2015-06-16,5.3
746,2015-06-17,5.3
747,2015-06-18,5.3
748,2015-06-19,5.3
749,2015-06-20,5.3
750,2015-06-21,5.3
751,2015-06-22,5.3
752,2015-06-23,5.3
753,2015-06-24,5.3
754,2015-06-25,5.3
755,2015-06-26,5.3
756,2015-06-27,5.3
757,2015-06-28,5.3
758,2015-06-29,5.3
759,2015-06-30,5.3
760,2015-07-01,5.2
761,2015-07-02,5.2
762,2015-07-03,5.2
763,2015-07-04,5.2
764,2015-07-05,5.2
765,2015-07-06,5.2
766,2015-07-07,5.2
767,2015-07-08,5.2
768,2015-07-09,5.2
769,2015-07-10,5.2
770,2015-07-11,5.2
771,2015-07-12,5.2
772,2015-07-13,5.2
773,2015-07-14,5.2
774,2015-07-15,5.2
775,2015-07-16,5.2
776,2015-07-17,5.2
777,2015-07-18,5.2
778,2015-07-19,5.2
779,2015-07-20,5.2
780,2015-07-21,5.2
781,2015-07-22,5.2
782,2015-07-23,5.2
783,2015-07-24,5.2
784,2015-07-25,5.2
785,2015-07-26,5.2
786,2015-07-27,5.2
787,2015-07-28,5.2
788,2015-07-29,5.2
789,2015-07-30,5.2
790,2015-07-31,5.2
791,2015-08-01,5.1
792,2015-08-02,5.1
793,2015-08-03,5.1
794,2015-08-04,5.1
795,2015-08-05,5.1
796,2015-08-06,5.1
797,2015-08-07,5.1
798,2015-08-08,5.1
799,2015-08-09,5.1
800,2015-08-10,5.1
801,2015-08-11,5.1
802,2015-08-12,5.1
803,2015-08-13,5.1
804,2015-08-14,5.1
805,2015-08-15,5.1
806,2015-08-16,5.1
807,2015-08-17,5.1
808,2015-08-18,5.1
809,2015-08-19,5.1
810,2015-08-20,5.1
811,2015-08-21,5.1
812,2015-08-22,5.1
813,2015-08-23,5.1
814,2015-08-24,5.1
815,2015-08-25,5.1
816,2015-08-26,5.1
817,2015-08-27,5.1
818,2015-08-28,5.1
819,2015-08-29,5.1
820,2015-08-30,5.1
821,2015-08-31,5.1
822,2015-09-01,5.0
823,2015-09-02,5.0
824,2015-09-03,5.0
825,2015-09-04,5.0
826,2015-09-05,5.0
827,2015-09-06,5.0
828,2015-09-07,5.0
829,2015-09-08,5.0
830,2015-09-09,5.0
831,2015-09-10,5.0
832,2015-09-11,5.0
833,2015-09-12,5.0
834,2015-09-13,5.0
835,2015-09-14,5.0
836,2015-09-15,5.0
837,2015-09-16,5.0
838,2015-09-17,5.0
839,2015-09-18,5.0
840,2015-09-19,5.0
841,2015-09-20,5.0
842,2015-09-21,5.0
843,2015-09-22,5.0
844,2015-09-23,5.0
845,2015-09-24,5.0
846,2015-09-25,5.0
847,2015-09-26,5.0
848,2015-09-27,5.0
849,2015-09-28,5.0
850,2015-09-29,5.0
851,2015-09-30,5.0
852,2015-10-01,5.0
853,2015-10-02,5.0
854,2015-10-03,5.0
855,2015-10-04,5.0
856,2015-10-05,5.0
857,2015-10-06,5.0
858,2015-10-07,5.0
859,2015-10-08,5.0
860,2015-10-09,5.0
861,2015-10-10,5.0
862,2015-10-11,5.0
863,2015-10-12,5.0
864,2015-10-13,5.0
865,2015-10-14,5.0
866,2015-10-15,5.0
867,2015-10-16,5.0
868,2015-10-17,5.0
869,2015-10-18,5.0
870,2015-10-19,5.0
871,2015-10-20,5.0
872,2015-10-21,5.0
873,2015-10-22,5.0
874,2015-10-23,5.0
875,2015-10-24,5.0
876,2015-10-25,5.0
877,2015-10-26,5.0
878,2015-10-27,5.0
879,2015-10-28,5.0
880,2015-10-29,5.0
881,2015-10-30,5.0
882,2015-10-31,5.0
883,2015-11-01,5.1
884,2015-11-02,5.1
885,2015-11-03,5.1
886,2015-11-04,5.1
887,2015-11-05,5.1
888,2015-11-06,5.1
889,2015-11-07,5.1
890,2015-11-08,5.1
891,2015-11-09,5.1
892,2015-11-10,5.1
893,2015-11-11,5.1
894,2015-11-12,5.1
895,2015-11-13,5.1
896,2015-11-14,5.1
897,2015-11-15,5.1
898,2015-11-16,5.1
899,2015-11-17,5.1
900,2015-11-18,5.1
901,2015-11-19,5.1
902,2015-11-20,5.1
903,2015-11-21,5.1
904,2015-11-22,5.1
905,2015-11-23,5.1
906,2015-11-24,5.1
907,2015-11-25,5.1
908,2015-11-26,5.1
909,2015-11-27,5.1
910,2015-11-28,5.1
911,2015-11-29,5.1
912,2015-11-30,5.1
913,2015-12-01,5.0
914,2015-12-02,5.0
915,2015-12-03,5.0
916,2015-12-04,5.0
917,2015-12-05,5.0
918,2015-12-06,5.0
919,2015-12-07,5.0
920,2015-12-08,5.0
921,2015-12-09,5.0
922,2015-12-10,5.0
923,2015-12-11,5.0
924,2015-12-12,5.0
925,2015-12-13,5.0
926,2015-12-14,5.0
927,2015-12-15,5.0
928,2015-12-16,5.0
929,2015-12-17,5.0
930,2015-12-18,5.0
931,2015-12-19,5.0
932,2015-12-20,5.0
933,2015-12-21,5.0
934,2015-12-22,5.0
935,2015-12-23,5.0
936,2015-12-24,5.0
937,2015-12-25,5.0
938,2015-12-26,5.0
939,2015-12-27,5.0
940,2015-12-28,5.0
941,2015-12-29,5.0
942,2015-12-30,5.0
943,2015-12-31,5.0
944,2016-01-01,4.8
945,2016-01-02,4.8
946,2016-01-03,4.8
947,2016-01-04,4.8
948,2016-01-05,4.8
949,2016-01-06,4.8
950,2016-01-07,4.8
951,2016-01-08,4.8
952,2016-01-09,4.8
953,2016-01-10,4.8
954,2016-01-11,4.8
955,2016-01-12,4.8
956,2016-01-13,4.8
957,2016-01-14,4.8
958,2016-01-15,4.8
959,2016-01-16,4.8
960,2016-01-17,4.8
961,2016-01-18,4.8
962,2016-01-19,4.8
963,2016-01-20,4.8
964,2016-01-21,4.8
965,2016-01-22,4.8
966,2016-01-23,4.8
967,2016-01-24,4.8
968,2016-01-25,4.8
969,2016-01-26,4.8
970,2016-01-27,4.8
971,2016-01-28,4.8
972,2016-01-29,4.8
973,2016-01-30,4.8
974,2016-01-31,4.8
975,2016-02-01,4.9
976,2016-02-02,4.9
977,2016-02-03,4.9
978,2016-02-04,4.9
979,2016-02-05,4.9
980,2016-02-06,4.9
981,2016-02-07,4.9
982,2016-02-08,4.9
983,2016-02-09,4.9
984,2016-02-10,4.9
985,2016-02-11,4.9
986,2016-02-12,4.9
987,2016-02-13,4.9
988,2016-02-14,4.9
989,2016-02-15,4.9
990,2016-02-16,4.9
991,2016-02-17,4.9
992,2016-02-18,4.9
993,2016-02-19,4.9
994,2016-02-20,4.9
995,2016-02-21,4.9
996,2016-02-22,4.9
997,2016-02-23,4.9
998,2016-02-24,4.9
999,2016-02-25,4.9
1000,2016-02-26,4.9
1001,2016-02-27,4.9
1002,2016-02-28,4.9
1003,2016-02-29,4.9
1004,2016-03-01,5.0
1005,2016-03-02,5.0
1006,2016-03-03,5.0
1007,2016-03-04,5.0
1008,2016-03-05,5.0
1009,2016-03-06,5.0
1010,2016-03-07,5.0
1011,2016-03-08,5.0
1012,2016-03-09,5.0
1013,2016-03-10,5.0
1014,2016-03-11,5.0
1015,2016-03-12,5.0
1016,2016-03-13,5.0
1017,2016-03-14,5.0
1018,2016-03-15,5.0
1019,2016-03-16,5.0
1020,2016-03-17,5.0
1021,2016-03-18,5.0
1022,2016-03-19,5.0
1023,2016-03-20,5.0
1024,2016-03-21,5.0
1025,2016-03-22,5.0
1026,2016-03-23,5.0
1027,2016-03-24,5.0
1028,2016-03-25,5.0
1029,2016-03-26,5.0
1030,2016-03-27,5.0
1031,2016-03-28,5.0
1032,2016-03-29,5.0
1033,2016-03-30,5.0
1034,2016-03-31,5.0
1035,2016-04-01,5.1
1036,2016-04-02,5.1
1037,2016-04-03,5.1
1038,2016-04-04,5.1
1039,2016-04-05,5.1
1040,2016-04-06,5.1
1041,2016-04-07,5.1
1042,2016-04-08,5.1
1043,2016-04-09,5.1
1044,2016-04-10,5.1
1045,2016-04-11,5.1
1046,2016-04-12,5.1
1047,2016-04-13,5.1
1048,2016-04-14,5.1
1049,2016-04-15,5.1
1050,2016-04-16,5.1
1051,2016-04-17,5.1
1052,2016-04-18,5.1
1053,2016-04-19,5.1
1054,2016-04-20,5.1
1055,2016-04-21,5.1
1056,2016-04-22,5.1
1057,2016-04-23,5.1
1058,2016-04-24,5.1
1059,2016-04-25,5.1
1060,2016-04-26,5.1
1061,2016-04-27,5.1
1062,2016-04-28,5.1
1063,2016-04-29,5.1
1064,2016-04-30,5.1
1065,2016-05-01,4.8
1066,2016-05-02,4.8
1067,2016-05-03,4.8
1068,2016-05-04,4.8
1069,2016-05-05,4.8
1070,2016-05-06,4.8
1071,2016-05-07,4.8
1072,2016-05-08,4.8
1073,2016-05-09,4.8
1074,2016-05-10,4.8
1075,2016-05-11,4.8
1076,2016-05-12,4.8
1077,2016-05-13,4.8
1078,2016-05-14,4.8
1079,2016-05-15,4.8
1080,2016-05-16,4.8
1081,2016-05-17,4.8
1082,2016-05-18,4.8
1083,2016-05-19,4.8
1084,2016-05-20,4.8
1085,2016-05-21,4.8
1086,2016-05-22,4.8
1087,2016-05-23,4.8
1088,2016-05-24,4.8
1089,2016-05-25,4.8
1090,2016-05-26,4.8
1091,2016-05-27,4.8
1092,2016-05-28,4.8
1093,2016-05-29,4.8
1094,2016-05-30,4.8
1095,2016-05-31,4.8
1096,2016-06-01,4.9
1097,2016-06-02,4.9
1098,2016-06-03,4.9
1099,2016-06-04,4.9
1100,2016-06-05,4.9
1101,2016-06-06,4.9
1102,2016-06-07,4.9
1103,2016-06-08,4.9
1104,2016-06-09,4.9
1105,2016-06-10,4.9
1106,2016-06-11,4.9
1107,2016-06-12,4.9
1108,2016-06-13,4.9
1109,2016-06-14,4.9
1110,2016-06-15,4.9
1111,2016-06-16,4.9
1112,2016-06-17,4.9
1113,2016-06-18,4.9
1114,2016-06-19,4.9
1115,2016-06-20,4.9
1116,2016-06-21,4.9
1117,2016-06-22,4.9
1118,2016-06-23,4.9
1119,2016-06-24,4.9
1120,2016-06-25,4.9
1121,2016-06-26,4.9
1122,2016-06-27,4.9
1123,2016-06-28,4.9
1124,2016-06-29,4.9
1125,2016-06-30,4.9
1126,2016-07-01,4.8
1127,2016-07-02,4.8
1128,2016-07-03,4.8
1129,2016-07-04,4.8
1130,2016-07-05,4.8
1131,2016-07-06,4.8
1132,2016-07-07,4.8
1133,2016-07-08,4.8
1134,2016-07-09,4.8
1135,2016-07-10,4.8
1136,2016-07-11,4.8
1137,2016-07-12,4.8
1138,2016-07-13,4.8
1139,2016-07-14,4.8
1140,2016-07-15,4.8
1141,2016-07-16,4.8
1142,2016-07-17,4.8
1143,2016-07-18,4.8
1144,2016-07-19,4.8
1145,2016-07-20,4.8
1146,2016-07-21,4.8
1147,2016-07-22,4.8
1148,2016-07-23,4.8
1149,2016-07-24,4.8
1150,2016-07-25,4.8
1151,2016-07-26,4.8
1152,2016-07-27,4.8
1153,2016-07-28,4.8
1154,2016-07-29,4.8
1155,2016-07-30,4.8
1156,2016-07-31,4.8
1157,2016-08-01,4.9
1158,2016-08-02,4.9
1159,2016-08-03,4.9
1160,2016-08-04,4.9
1161,2016-08-05,4.9
1162,2016-08-06,4.9
1163,2016-08-07,4.9
1164,2016-08-08,4.9
1165,2016-08-09,4.9
1166,2016-08-10,4.9
1167,2016-08-11,4.9
1168,2016-08-12,4.9
1169,2016-08-13,4.9
1170,2016-08-14,4.9
1171,2016-08-15,4.9
1172,2016-08-16,4.9
1173,2016-08-17,4.9
1174,2016-08-18,4.9
1175,2016-08-19,4.9
1176,2016-08-20,4.9
1177,2016-08-21,4.9
1178,2016-08-22,4.9
1179,2016-08-23,4.9
1180,2016-08-24,4.9
1181,2016-08-25,4.9
1182,2016-08-26,4.9
1183,2016-08-27,4.9
1184,2016-08-28,4.9
1185,2016-08-29,4.9
1186,2016-08-30,4.9
1187,2016-08-31,4.9
1188,2016-09-01,5.0
1189,2016-09-02,5.0
1190,2016-09-03,5.0
1191,2016-09-04,5.0
1192,2016-09-05,5.0
1193,2016-09-06,5.0
1194,2016-09-07,5.0
1195,2016-09-08,5.0
1196,2016-09-09,5.0
1197,2016-09-10,5.0
1198,2016-09-11,5.0
1199,2016-09-12,5.0
1200,2016-09-13,5.0
1201,2016-09-14,5.0
1202,2016-09-15,5.0
1203,2016-09-16,5.0
1204,2016-09-17,5.0
1205,2016-09-18,5.0
1206,2016-09-19,5.0
1207,2016-09-20,5.0
1208,2016-09-21,5.0
1209,2016-09-22,5.0
1210,2016-09-23,5.0
1211,2016-09-24,5.0
1212,2016-09-25,5.0
1213,2016-09-26,5.0
1214,2016-09-27,5.0
1215,2016-09-28,5.0
1216,2016-09-29,5.0
1217,2016-09-30,5.0
1218,2016-10-01,4.9
1219,2016-10-02,4.9
1220,2016-10-03,4.9
1221,2016-10-04,4.9
1222,2016-10-05,4.9
1223,2016-10-06,4.9
1224,2016-10-07,4.9
1225,2016-10-08,4.9
1226,2016-10-09,4.9
1227,2016-10-10,4.9
1228,2016-10-11,4.9
1229,2016-10-12,4.9
1230,2016-10-13,4.9
1231,2016-10-14,4.9
1232,2016-10-15,4.9
1233,2016-10-16,4.9
1234,2016-10-17,4.9
1235,2016-10-18,4.9
1236,2016-10-19,4.9
1237,2016-10-20,4.9
1238,2016-10-21,4.9
1239,2016-10-22,4.9
1240,2016-10-23,4.9
1241,2016-10-24,4.9
1242,2016-10-25,4.9
1243,2016-10-26,4.9
1244,2016-10-27,4.9
1245,2016-10-28,4.9
1246,2016-10-29,4.9
1247,2016-10-30,4.9
1248,2016-10-31,4.9
1249,2016-11-01,4.7
1250,2016-11-02,4.7
1251,2016-11-03,4.7
1252,2016-11-04,4.7
1253,2016-11-05,4.7
1254,2016-11-06,4.7
1255,2016-11-07,4.7
1256,2016-11-08,4.7
1257,2016-11-09,4.7
1258,2016-11-10,4.7
1259,2016-11-11,4.7
1260,2016-11-12,4.7
1261,2016-11-13,4.7
1262,2016-11-14,4.7
1263,2016-11-15,4.7
1264,2016-11-16,4.7
1265,2016-11-17,4.7
1266,2016-11-18,4.7
1267,2016-11-19,4.7
1268,2016-11-20,4.7
1269,2016-11-21,4.7
1270,2016-11-22,4.7
1271,2016-11-23,4.7
1272,2016-11-24,4.7
1273,2016-11-25,4.7
1274,2016-11-26,4.7
1275,2016-11-27,4.7
1276,2016-11-28,4.7
1277,2016-11-29,4.7
1278,2016-11-30,4.7
1279,2016-12-01,4.7
1280,2016-12-02,4.7
1281,2016-12-03,4.7
1282,2016-12-04,4.7
1283,2016-12-05,4.7
1284,2016-12-06,4.7
1285,2016-12-07,4.7
1286,2016-12-08,4.7
1287,2016-12-09,4.7
1288,2016-12-10,4.7
1289,2016-12-11,4.7
1290,2016-12-12,4.7
1291,2016-12-13,4.7
1292,2016-12-14,4.7
1293,2016-12-15,4.7
1294,2016-12-16,4.7
1295,2016-12-17,4.7
1296,2016-12-18,4.7
1297,2016-12-19,4.7
1298,2016-12-20,4.7
1299,2016-12-21,4.7
1300,2016-12-22,4.7
1301,2016-12-23,4.7
1302,2016-12-24,4.7
1303,2016-12-25,4.7
1304,2016-12-26,4.7
1305,2016-12-27,4.7
1306,2016-12-28,4.7
1307,2016-12-29,4.7
1308,2016-12-30,4.7
1309,2016-12-31,4.7
1310,2017-01-01,4.7
1311,2017-01-02,4.7
1312,2017-01-03,4.7
1313,2017-01-04,4.7
1314,2017-01-05,4.7
1315,2017-01-06,4.7
1316,2017-01-07,4.7
1317,2017-01-08,4.7
1318,2017-01-09,4.7
1319,2017-01-10,4.7
1320,2017-01-11,4.7
1321,2017-01-12,4.7
1322,2017-01-13,4.7
1323,2017-01-14,4.7
1324,2017-01-15,4.7
1325,2017-01-16,4.7
1326,2017-01-17,4.7
1327,2017-01-18,4.7
1328,2017-01-19,4.7
1329,2017-01-20,4.7
1330,2017-01-21,4.7
1331,2017-01-22,4.7
1332,2017-01-23,4.7
1333,2017-01-24,4.7
1334,2017-01-25,4.7
1335,2017-01-26,4.7
1336,2017-01-27,4.7
1337,2017-01-28,4.7
1338,2017-01-29,4.7
1339,2017-01-30,4.7
1340,2017-01-31,4.7
1341,2017-02-01,4.6
1342,2017-02-02,4.6
1343,2017-02-03,4.6
1344,2017-02-04,4.6
1345,2017-02-05,4.6
1346,2017-02-06,4.6
1347,2017-02-07,4.6
1348,2017-02-08,4.6
1349,2017-02-09,4.6
1350,2017-02-10,4.6
1351,2017-02-11,4.6
1352,2017-02-12,4.6
1353,2017-02-13,4.6
1354,2017-02-14,4.6
1355,2017-02-15,4.6
1356,2017-02-16,4.6
1357,2017-02-17,4.6
1358,2017-02-18,4.6
1359,2017-02-19,4.6
1360,2017-02-20,4.6
1361,2017-02-21,4.6
1362,2017-02-22,4.6
1363,2017-02-23,4.6
1364,2017-02-24,4.6
1365,2017-02-25,4.6
1366,2017-02-26,4.6
1367,2017-02-27,4.6
1368,2017-02-28,4.6
1369,2017-03-01,4.4
1370,2017-03-02,4.4
1371,2017-03-03,4.4
1372,2017-03-04,4.4
1373,2017-03-05,4.4
1374,2017-03-06,4.4
1375,2017-03-07,4.4
1376,2017-03-08,4.4
1377,2017-03-09,4.4
1378,2017-03-10,4.4
1379,2017-03-11,4.4
1380,2017-03-12,4.4
1381,2017-03-13,4.4
1382,2017-03-14,4.4
1383,2017-03-15,4.4
1384,2017-03-16,4.4
1385,2017-03-17,4.4
1386,2017-03-18,4.4
1387,2017-03-19,4.4
1388,2017-03-20,4.4
1389,2017-03-21,4.4
1390,2017-03-22,4.4
1391,2017-03-23,4.4
1392,2017-03-24,4.4
1393,2017-03-25,4.4
1394,2017-03-26,4.4
1395,2017-03-27,4.4
1396,2017-03-28,4.4
1397,2017-03-29,4.4
1398,2017-03-30,4.4
1399,2017-03-31,4.4
1400,2017-04-01,4.4
1401,2017-04-02,4.4
1402,2017-04-03,4.4
1403,2017-04-04,4.4
1404,2017-04-05,4.4
1405,2017-04-06,4.4
1406,2017-04-07,4.4
1407,2017-04-08,4.4
1408,2017-04-09,4.4
1409,2017-04-10,4.4
1410,2017-04-11,4.4
1411,2017-04-12,4.4
1412,2017-04-13,4.4
1413,2017-04-14,4.4
1414,2017-04-15,4.4
1415,2017-04-16,4.4
1416,2017-04-17,4.4
1417,2017-04-18,4.4
1418,2017-04-19,4.4
1419,2017-04-20,4.4
1420,2017-04-21,4.4
1421,2017-04-22,4.4
1422,2017-04-23,4.4
1423,2017-04-24,4.4
1424,2017-04-25,4.4
1425,2017-04-26,4.4
1426,2017-04-27,4.4
1427,2017-04-28,4.4
1428,2017-04-29,4.4
1429,2017-04-30,4.4
1430,2017-05-01,4.4
1431,2017-05-02,4.4
1432,2017-05-03,4.4
1433,2017-05-04,4.4
1434,2017-05-05,4.4
1435,2017-05-06,4.4
1436,2017-05-07,4.4
1437,2017-05-08,4.4
1438,2017-05-09,4.4
1439,2017-05-10,4.4
1440,2017-05-11,4.4
1441,2017-05-12,4.4
1442,2017-05-13,4.4
1443,2017-05-14,4.4
1444,2017-05-15,4.4
1445,2017-05-16,4.4
1446,2017-05-17,4.4
1447,2017-05-18,4.4
1448,2017-05-19,4.4
1449,2017-05-20,4.4
1450,2017-05-21,4.4
1451,2017-05-22,4.4
1452,2017-05-23,4.4
1453,2017-05-24,4.4
1454,2017-05-25,4.4
1455,2017-05-26,4.4
1456,2017-05-27,4.4
1457,2017-05-28,4.4
1458,2017-05-29,4.4
1459,2017-05-30,4.4
1460,2017-05-31,4.4
1461,2017-06-01,4.3
1462,2017-06-02,4.3
1463,2017-06-03,4.3
1464,2017-06-04,4.3
1465,2017-06-05,4.3
1466,2017-06-06,4.3
1467,2017-06-07,4.3
1468,2017-06-08,4.3
1469,2017-06-09,4.3
1470,2017-06-10,4.3
1471,2017-06-11,4.3
1472,2017-06-12,4.3
1473,2017-06-13,4.3
1474,2017-06-14,4.3
1475,2017-06-15,4.3
1476,2017-06-16,4.3
1477,2017-06-17,4.3
1478,2017-06-18,4.3
1479,2017-06-19,4.3
1480,2017-06-20,4.3
1481,2017-06-21,4.3
1482,2017-06-22,4.3
1483,2017-06-23,4.3
1484,2017-06-24,4.3
1485,2017-06-25,4.3
1486,2017-06-26,4.3
1487,2017-06-27,4.3
1488,2017-06-28,4.3
1489,2017-06-29,4.3
1490,2017-06-30,4.3
1491,2017-07-01,4.3
1492,2017-07-02,4.3
1493,2017-07-03,4.3
1494,2017-07-04,4.3
1495,2017-07-05,4.3
1496,2017-07-06,4.3
1497,2017-07-07,4.3
1498,2017-07-08,4.3
1499,2017-07-09,4.3
1500,2017-07-10,4.3
1501,2017-07-11,4.3
1502,2017-07-12,4.3
1503,2017-07-13,4.3
1504,2017-07-14,4.3
1505,2017-07-15,4.3
1506,2017-07-16,4.3
1507,2017-07-17,4.3
1508,2017-07-18,4.3
1509,2017-07-19,4.3
1510,2017-07-20,4.3
1511,2017-07-21,4.3
1512,2017-07-22,4.3
1513,2017-07-23,4.3
1514,2017-07-24,4.3
1515,2017-07-25,4.3
1516,2017-07-26,4.3
1517,2017-07-27,4.3
1518,2017-07-28,4.3
1519,2017-07-29,4.3
1520,2017-07-30,4.3
1521,2017-07-31,4.3
1522,2017-08-01,4.4
1523,2017-08-02,4.4
1524,2017-08-03,4.4
1525,2017-08-04,4.4
1526,2017-08-05,4.4
1527,2017-08-06,4.4
1528,2017-08-07,4.4
1529,2017-08-08,4.4
1530,2017-08-09,4.4
1531,2017-08-10,4.4
1532,2017-08-11,4.4
1533,2017-08-12,4.4
1534,2017-08-13,4.4
1535,2017-08-14,4.4
1536,2017-08-15,4.4
1537,2017-08-16,4.4
1538,2017-08-17,4.4
1539,2017-08-18,4.4
1540,2017-08-19,4.4
1541,2017-08-20,4.4
1542,2017-08-21,4.4
1543,2017-08-22,4.4
1544,2017-08-23,4.4
1545,2017-08-24,4.4
1546,2017-08-25,4.4
1547,2017-08-26,4.4
1548,2017-08-27,4.4
1549,2017-08-28,4.4
1550,2017-08-29,4.4
1551,2017-08-30,4.4
1552,2017-08-31,4.4
1553,2017-09-01,4.3
1554,2017-09-02,4.3
1555,2017-09-03,4.3
1556,2017-09-04,4.3
1557,2017-09-05,4.3
1558,2017-09-06,4.3
1559,2017-09-07,4.3
1560,2017-09-08,4.3
1561,2017-09-09,4.3
1562,2017-09-10,4.3
1563,2017-09-11,4.3
1564,2017-09-12,4.3
1565,2017-09-13,4.3
1566,2017-09-14,4.3
1567,2017-09-15,4.3
1568,2017-09-16,4.3
1569,2017-09-17,4.3
1570,2017-09-18,4.3
1571,2017-09-19,4.3
1572,2017-09-20,4.3
1573,2017-09-21,4.3
1574,2017-09-22,4.3
1575,2017-09-23,4.3
1576,2017-09-24,4.3
1577,2017-09-25,4.3
1578,2017-09-26,4.3
1579,2017-09-27,4.3
1580,2017-09-28,4.3
1581,2017-09-29,4.3
1582,2017-09-30,4.3
1583,2017-10-01,4.2
1584,2017-10-02,4.2
1585,2017-10-03,4.2
1586,2017-10-04,4.2
1587,2017-10-05,4.2
1588,2017-10-06,4.2
1589,2017-10-07,4.2
1590,2017-10-08,4.2
1591,2017-10-09,4.2
1592,2017-10-10,4.2
1593,2017-10-11,4.2
1594,2017-10-12,4.2
1595,2017-10-13,4.2
1596,2017-10-14,4.2
1597,2017-10-15,4.2
1598,2017-10-16,4.2
1599,2017-10-17,4.2
1600,2017-10-18,4.2
1601,2017-10-19,4.2
1602,2017-10-20,4.2
1603,2017-10-21,4.2
1604,2017-10-22,4.2
1605,2017-10-23,4.2
1606,2017-10-24,4.2
1607,2017-10-25,4.2
1608,2017-10-26,4.2
1609,2017-10-27,4.2
1610,2017-10-28,4.2
1611,2017-10-29,4.2
1612,2017-10-30,4.2
1613,2017-10-31,4.2
1614,2017-11-01,4.2
1615,2017-11-02,4.2
1616,2017-11-03,4.2
1617,2017-11-04,4.2
1618,2017-11-05,4.2
1619,2017-11-06,4.2
1620,2017-11-07,4.2
1621,2017-11-08,4.2
1622,2017-11-09,4.2
1623,2017-11-10,4.2
1624,2017-11-11,4.2
1625,2017-11-12,4.2
1626,2017-11-13,4.2
1627,2017-11-14,4.2
1628,2017-11-15,4.2
1629,2017-11-16,4.2
1630,2017-11-17,4.2
1631,2017-11-18,4.2
1632,2017-11-19,4.2
1633,2017-11-20,4.2
1634,2017-11-21,4.2
1635,2017-11-22,4.2
1636,2017-11-23,4.2
1637,2017-11-24,4.2
1638,2017-11-25,4.2
1639,2017-11-26,4.2
1640,2017-11-27,4.2
1641,2017-11-28,4.2
1642,2017-11-29,4.2
1643,2017-11-30,4.2
1644,2017-12-01,4.1
1645,2017-12-02,4.1
1646,2017-12-03,4.1
1647,2017-12-04,4.1
1648,2017-12-05,4.1
1649,2017-12-06,4.1
1650,2017-12-07,4.1
1651,2017-12-08,4.1
1652,2017-12-09,4.1
1653,2017-12-10,4.1
1654,2017-12-11,4.1
1655,2017-12-12,4.1
1656,2017-12-13,4.1
1657,2017-12-14,4.1
1658,2017-12-15,4.1
1659,2017-12-16,4.1
1660,2017-12-17,4.1
1661,2017-12-18,4.1
1662,2017-12-19,4.1
1663,2017-12-20,4.1
1664,2017-12-21,4.1
1665,2017-12-22,4.1
1666,2017-12-23,4.1
1667,2017-12-24,4.1
1668,2017-12-25,4.1
1669,2017-12-26,4.1
1670,2017-12-27,4.1
1671,2017-12-28,4.1
1672,2017-12-29,4.1
1673,2017-12-30,4.1
1674,2017-12-31,4.1
1675,2018-01-01,4.0
1676,2018-01-02,4.0
1677,2018-01-03,4.0
1678,2018-01-04,4.0
1679,2018-01-05,4.0
1680,2018-01-06,4.0
1681,2018-01-07,4.0
1682,2018-01-08,4.0
1683,2018-01-09,4.0
1684,2018-01-10,4.0
1685,2018-01-11,4.0
1686,2018-01-12,4.0
1687,2018-01-13,4.0
1688,2018-01-14,4.0
1689,2018-01-15,4.0
1690,2018-01-16,4.0
1691,2018-01-17,4.0
1692,2018-01-18,4.0
1693,2018-01-19,4.0
1694,2018-01-20,4.0
1695,2018-01-21,4.0
1696,2018-01-22,4.0
1697,2018-01-23,4.0
1698,2018-01-24,4.0
1699,2018-01-25,4.0
1700,2018-01-26,4.0
1701,2018-01-27,4.0
1702,2018-01-28,4.0
1703,2018-01-29,4.0
1704,2018-01-30,4.0
1705,2018-01-31,4.0
1706,2018-02-01,4.1
1707,2018-02-02,4.1
1708,2018-02-03,4.1
1709,2018-02-04,4.1
1710,2018-02-05,4.1
1711,2018-02-06,4.1
1712,2018-02-07,4.1
1713,2018-02-08,4.1
1714,2018-02-09,4.1
1715,2018-02-10,4.1
1716,2018-02-11,4.1
1717,2018-02-12,4.1
1718,2018-02-13,4.1
1719,2018-02-14,4.1
1720,2018-02-15,4.1
1721,2018-02-16,4.1
1722,2018-02-17,4.1
1723,2018-02-18,4.1
1724,2018-02-19,4.1
1725,2018-02-20,4.1
1726,2018-02-21,4.1
1727,2018-02-22,4.1
1728,2018-02-23,4.1
1729,2018-02-24,4.1
1730,2018-02-25,4.1
1731,2018-02-26,4.1
1732,2018-02-27,4.1
1733,2018-02-28,4.1
1734,2018-03-01,4.0
1735,2018-03-02,4.0
1736,2018-03-03,4.0
1737,2018-03-04,4.0
1738,2018-03-05,4.0
1739,2018-03-06,4.0
1740,2018-03-07,4.0
1741,2018-03-08,4.0
1742,2018-03-09,4.0
1743,2018-03-10,4.0
1744,2018-03-11,4.0
1745,2018-03-12,4.0
1746,2018-03-13,4.0
1747,2018-03-14,4.0
1748,2018-03-15,4.0
1749,2018-03-16,4.0
1750,2018-03-17,4.0
1751,2018-03-18,4.0
1752,2018-03-19,4.0
1753,2018-03-20,4.0
1754,2018-03-21,4.0
1755,2018-03-22,4.0
1756,2018-03-23,4.0
1757,2018-03-24,4.0
1758,2018-03-25,4.0
1759,2018-03-26,4.0
1760,2018-03-27,4.0
1761,2018-03-28,4.0
1762,2018-03-29,4.0
1763,2018-03-30,4.0
1764,2018-03-31,4.0
1765,2018-04-01,4.0
1766,2018-04-02,4.0
1767,2018-04-03,4.0
1768,2018-04-04,4.0
1769,2018-04-05,4.0
1770,2018-04-06,4.0
1771,2018-04-07,4.0
1772,2018-04-08,4.0
1773,2018-04-09,4.0
1774,2018-04-10,4.0
1775,2018-04-11,4.0
1776,2018-04-12,4.0
1777,2018-04-13,4.0
1778,2018-04-14,4.0
1779,2018-04-15,4.0
1780,2018-04-16,4.0
1781,2018-04-17,4.0
1782,2018-04-18,4.0
1783,2018-04-19,4.0
1784,2018-04-20,4.0
1785,2018-04-21,4.0
1786,2018-04-22,4.0
1787,2018-04-23,4.0
1788,2018-04-24,4.0
1789,2018-04-25,4.0
1790,2018-04-26,4.0
1791,2018-04-27,4.0
1792,2018-04-28,4.0
1793,2018-04-29,4.0
1794,2018-04-30,4.0
1795,2018-05-01,3.8
1796,2018-05-02,3.8
1797,2018-05-03,3.8
1798,2018-05-04,3.8
1799,2018-05-05,3.8
1800,2018-05-06,3.8
1801,2018-05-07,3.8
1802,2018-05-08,3.8
1803,2018-05-09,3.8
1804,2018-05-10,3.8
1805,2018-05-11,3.8
1806,2018-05-12,3.8
1807,2018-05-13,3.8
1808,2018-05-14,3.8
1809,2018-05-15,3.8
1810,2018-05-16,3.8
1811,2018-05-17,3.8
1812,2018-05-18,3.8
1813,2018-05-19,3.8
1814,2018-05-20,3.8
1815,2018-05-21,3.8
1816,2018-05-22,3.8
1817,2018-05-23,3.8
1818,2018-05-24,3.8
1819,2018-05-25,3.8
1820,2018-05-26,3.8
1821,2018-05-27,3.8
1822,2018-05-28,3.8
1823,2018-05-29,3.8
1824,2018-05-30,3.8
1825,2018-05-31,3.8
1826,2018-06-01,4.0
1827,2018-06-02,4.0
1828,2018-06-03,4.0
1829,2018-06-04,4.0
1830,2018-06-05,4.0
1831,2018-06-06,4.0
1832,2018-06-07,4.0
1833,2018-06-08,4.0
1834,2018-06-09,4.0
1835,2018-06-10,4.0
1836,2018-06-11,4.0
1837,2018-06-12,4.0
1838,2018-06-13,4.0
1839,2018-06-14,4.0
1840,2018-06-15,4.0
1841,2018-06-16,4.0
1842,2018-06-17,4.0
1843,2018-06-18,4.0
1844,2018-06-19,4.0
1845,2018-06-20,4.0
1846,2018-06-21,4.0
1847,2018-06-22,4.0
1848,2018-06-23,4.0
1849,2018-06-24,4.0
1850,2018-06-25,4.0
1851,2018-06-26,4.0
1852,2018-06-27,4.0
1853,2018-06-28,4.0
1854,2018-06-29,4.0
1855,2018-06-30,4.0
1856,2018-07-01,3.8
1857,2018-07-02,3.8
1858,2018-07-03,3.8
1859,2018-07-04,3.8
1860,2018-07-05,3.8
1861,2018-07-06,3.8
1862,2018-07-07,3.8
1863,2018-07-08,3.8
1864,2018-07-09,3.8
1865,2018-07-10,3.8
1866,2018-07-11,3.8
1867,2018-07-12,3.8
1868,2018-07-13,3.8
1869,2018-07-14,3.8
1870,2018-07-15,3.8
1871,2018-07-16,3.8
1872,2018-07-17,3.8
1873,2018-07-18,3.8
1874,2018-07-19,3.8
1875,2018-07-20,3.8
1876,2018-07-21,3.8
1877,2018-07-22,3.8
1878,2018-07-23,3.8
1879,2018-07-24,3.8
1880,2018-07-25,3.8
1881,2018-07-26,3.8
1882,2018-07-27,3.8
1883,2018-07-28,3.8
1884,2018-07-29,3.8
1885,2018-07-30,3.8
1886,2018-07-31,3.8
1887,2018-08-01,3.8
1888,2018-08-02,3.8
1889,2018-08-03,3.8
1890,2018-08-04,3.8
1891,2018-08-05,3.8
1892,2018-08-06,3.8
1893,2018-08-07,3.8
1894,2018-08-08,3.8
1895,2018-08-09,3.8
1896,2018-08-10,3.8
1897,2018-08-11,3.8
1898,2018-08-12,3.8
1899,2018-08-13,3.8
1900,2018-08-14,3.8
1901,2018-08-15,3.8
1902,2018-08-16,3.8
1903,2018-08-17,3.8
1904,2018-08-18,3.8
1905,2018-08-19,3.8
1906,2018-08-20,3.8
1907,2018-08-21,3.8
1908,2018-08-22,3.8
1909,2018-08-23,3.8
1910,2018-08-24,3.8
1911,2018-08-25,3.8
1912,2018-08-26,3.8
1913,2018-08-27,3.8
1914,2018-08-28,3.8
1915,2018-08-29,3.8
1916,2018-08-30,3.8
1917,2018-08-31,3.8
1918,2018-09-01,3.7
1919,2018-09-02,3.7
1920,2018-09-03,3.7
1921,2018-09-04,3.7
1922,2018-09-05,3.7
1923,2018-09-06,3.7
1924,2018-09-07,3.7
1925,2018-09-08,3.7
1926,2018-09-09,3.7
1927,2018-09-10,3.7
1928,2018-09-11,3.7
1929,2018-09-12,3.7
1930,2018-09-13,3.7
1931,2018-09-14,3.7
1932,2018-09-15,3.7
1933,2018-09-16,3.7
1934,2018-09-17,3.7
1935,2018-09-18,3.7
1936,2018-09-19,3.7
1937,2018-09-20,3.7
1938,2018-09-21,3.7
1939,2018-09-22,3.7
1940,2018-09-23,3.7
1941,2018-09-24,3.7
1942,2018-09-25,3.7
1943,2018-09-26,3.7
1944,2018-09-27,3.7
1945,2018-09-28,3.7
1946,2018-09-29,3.7
1947,2018-09-30,3.7
1948,2018-10-01,3.8
1949,2018-10-02,3.8
1950,2018-10-03,3.8
1951,2018-10-04,3.8
1952,2018-10-05,3.8
1953,2018-10-06,3.8
1954,2018-10-07,3.8
1955,2018-10-08,3.8
1956,2018-10-09,3.8
1957,2018-10-10,3.8
1958,2018-10-11,3.8
1959,2018-10-12,3.8
1960,2018-10-13,3.8
1961,2018-10-14,3.8
1962,2018-10-15,3.8
1963,2018-10-16,3.8
1964,2018-10-17,3.8
1965,2018-10-18,3.8
1966,2018-10-19,3.8
1967,2018-10-20,3.8
1968,2018-10-21,3.8
1969,2018-10-22,3.8
1970,2018-10-23,3.8
1971,2018-10-24,3.8
1972,2018-10-25,3.8
1973,2018-10-26,3.8
1974,2018-10-27,3.8
1975,2018-10-28,3.8
1976,2018-10-29,3.8
1977,2018-10-30,3.8
1978,2018-10-31,3.8
1979,2018-11-01,3.8
1980,2018-11-02,3.8
1981,2018-11-03,3.8
1982,2018-11-04,3.8
1983,2018-11-05,3.8
1984,2018-11-06,3.8
1985,2018-11-07,3.8
1986,2018-11-08,3.8
1987,2018-11-09,3.8
1988,2018-11-10,3.8
1989,2018-11-11,3.8
1990,2018-11-12,3.8
1991,2018-11-13,3.8
1992,2018-11-14,3.8
1993,2018-11-15,3.8
1994,2018-11-16,3.8
1995,2018-11-17,3.8
1996,2018-11-18,3.8
1997,2018-11-19,3.8
1998,2018-11-20,3.8
1999,2018-11-21,3.8
2000,2018-11-22,3.8
2001,2018-11-23,3.8
2002,2018-11-24,3.8
2003,2018-11-25,3.8
2004,2018-11-26,3.8
2005,2018-11-27,3.8
2006,2018-11-28,3.8
2007,2018-11-29,3.8
2008,2018-11-30,3.8
2009,2018-12-01,3.9
2010,2018-12-02,3.9
2011,2018-12-03,3.9
2012,2018-12-04,3.9
2013,2018-12-05,3.9
2014,2018-12-06,3.9
2015,2018-12-07,3.9
2016,2018-12-08,3.9
2017,2018-12-09,3.9
2018,2018-12-10,3.9
2019,2018-12-11,3.9
2020,2018-12-12,3.9
2021,2018-12-13,3.9
2022,2018-12-14,3.9
2023,2018-12-15,3.9
2024,2018-12-16,3.9
2025,2018-12-17,3.9
2026,2018-12-18,3.9
2027,2018-12-19,3.9
2028,2018-12-20,3.9
2029,2018-12-21,3.9
2030,2018-12-22,3.9
2031,2018-12-23,3.9
2032,2018-12-24,3.9
2033,2018-12-25,3.9
2034,2018-12-26,3.9
2035,2018-12-27,3.9
2036,2018-12-28,3.9
2037,2018-12-29,3.9
2038,2018-12-30,3.9
2039,2018-12-31,3.9
2040,2019-01-01,4.0
2041,2019-01-02,4.0
2042,2019-01-03,4.0
2043,2019-01-04,4.0
2044,2019-01-05,4.0
2045,2019-01-06,4.0
2046,2019-01-07,4.0
2047,2019-01-08,4.0
2048,2019-01-09,4.0
2049,2019-01-10,4.0
2050,2019-01-11,4.0
2051,2019-01-12,4.0
2052,2019-01-13,4.0
2053,2019-01-14,4.0
2054,2019-01-15,4.0
2055,2019-01-16,4.0
2056,2019-01-17,4.0
2057,2019-01-18,4.0
2058,2019-01-19,4.0
2059,2019-01-20,4.0
2060,2019-01-21,4.0
2061,2019-01-22,4.0
2062,2019-01-23,4.0
2063,2019-01-24,4.0
2064,2019-01-25,4.0
2065,2019-01-26,4.0
2066,2019-01-27,4.0
2067,2019-01-28,4.0
2068,2019-01-29,4.0
2069,2019-01-30,4.0
2070,2019-01-31,4.0
2071,2019-02-01,3.8
2072,2019-02-02,3.8
2073,2019-02-03,3.8
2074,2019-02-04,3.8
2075,2019-02-05,3.8
2076,2019-02-06,3.8
2077,2019-02-07,3.8
2078,2019-02-08,3.8
2079,2019-02-09,3.8
2080,2019-02-10,3.8
2081,2019-02-11,3.8
2082,2019-02-12,3.8
2083,2019-02-13,3.8
2084,2019-02-14,3.8
2085,2019-02-15,3.8
2086,2019-02-16,3.8
2087,2019-02-17,3.8
2088,2019-02-18,3.8
2089,2019-02-19,3.8
2090,2019-02-20,3.8
2091,2019-02-21,3.8
2092,2019-02-22,3.8
2093,2019-02-23,3.8
2094,2019-02-24,3.8
2095,2019-02-25,3.8
2096,2019-02-26,3.8
2097,2019-02-27,3.8
2098,2019-02-28,3.8
2099,2019-03-01,3.8
2100,2019-03-02,3.8
2101,2019-03-03,3.8
2102,2019-03-04,3.8
2103,2019-03-05,3.8
2104,2019-03-06,3.8
2105,2019-03-07,3.8
2106,2019-03-08,3.8
2107,2019-03-09,3.8
2108,2019-03-10,3.8
2109,2019-03-11,3.8
2110,2019-03-12,3.8
2111,2019-03-13,3.8
2112,2019-03-14,3.8
2113,2019-03-15,3.8
2114,2019-03-16,3.8
2115,2019-03-17,3.8
2116,2019-03-18,3.8
2117,2019-03-19,3.8
2118,2019-03-20,3.8
2119,2019-03-21,3.8
2120,2019-03-22,3.8
2121,2019-03-23,3.8
2122,2019-03-24,3.8
2123,2019-03-25,3.8
2124,2019-03-26,3.8
2125,2019-03-27,3.8
2126,2019-03-28,3.8
2127,2019-03-29,3.8
2128,2019-03-30,3.8
2129,2019-03-31,3.8
2130,2019-04-01,3.6
2131,2019-04-02,3.6
2132,2019-04-03,3.6
2133,2019-04-04,3.6
2134,2019-04-05,3.6
2135,2019-04-06,3.6
2136,2019-04-07,3.6
2137,2019-04-08,3.6
2138,2019-04-09,3.6
2139,2019-04-10,3.6
2140,2019-04-11,3.6
2141,2019-04-12,3.6
2142,2019-04-13,3.6
2143,2019-04-14,3.6
2144,2019-04-15,3.6
2145,2019-04-16,3.6
2146,2019-04-17,3.6
2147,2019-04-18,3.6
2148,2019-04-19,3.6
2149,2019-04-20,3.6
2150,2019-04-21,3.6
2151,2019-04-22,3.6
2152,2019-04-23,3.6
2153,2019-04-24,3.6
2154,2019-04-25,3.6
2155,2019-04-26,3.6
2156,2019-04-27,3.6
2157,2019-04-28,3.6
2158,2019-04-29,3.6
2159,2019-04-30,3.6
2160,2019-05-01,3.7
2161,2019-05-02,3.7
2162,2019-05-03,3.7
2163,2019-05-04,3.7
2164,2019-05-05,3.7
2165,2019-05-06,3.7
2166,2019-05-07,3.7
2167,2019-05-08,3.7
2168,2019-05-09,3.7
2169,2019-05-10,3.7
2170,2019-05-11,3.7
2171,2019-05-12,3.7
2172,2019-05-13,3.7
2173,2019-05-14,3.7
2174,2019-05-15,3.7
2175,2019-05-16,3.7
2176,2019-05-17,3.7
2177,2019-05-18,3.7
2178,2019-05-19,3.7
2179,2019-05-20,3.7
2180,2019-05-21,3.7
2181,2019-05-22,3.7
2182,2019-05-23,3.7
2183,2019-05-24,3.7
2184,2019-05-25,3.7
2185,2019-05-26,3.7
2186,2019-05-27,3.7
2187,2019-05-28,3.7
2188,2019-05-29,3.7
2189,2019-05-30,3.7
2190,2019-05-31,3.7
2191,2019-06-01,3.6
2192,2019-06-02,3.6
2193,2019-06-03,3.6
2194,2019-06-04,3.6
2195,2019-06-05,3.6
2196,2019-06-06,3.6
2197,2019-06-07,3.6
2198,2019-06-08,3.6
2199,2019-06-09,3.6
2200,2019-06-10,3.6
2201,2019-06-11,3.6
2202,2019-06-12,3.6
2203,2019-06-13,3.6
2204,2019-06-14,3.6
2205,2019-06-15,3.6
2206,2019-06-16,3.6
2207,2019-06-17,3.6
2208,2019-06-18,3.6
2209,2019-06-19,3.6
2210,2019-06-20,3.6
2211,2019-06-21,3.6
2212,2019-06-22,3.6
2213,2019-06-23,3.6
2214,2019-06-24,3.6
2215,2019-06-25,3.6
2216,2019-06-26,3.6
2217,2019-06-27,3.6
2218,2019-06-28,3.6
2219,2019-06-29,3.6
2220,2019-06-30,3.6
2221,2019-07-01,3.7
2222,2019-07-02,3.7
2223,2019-07-03,3.7
2224,2019-07-04,3.7
2225,2019-07-05,3.7
2226,2019-07-06,3.7
2227,2019-07-07,3.7
2228,2019-07-08,3.7
2229,2019-07-09,3.7
2230,2019-07-10,3.7
2231,2019-07-11,3.7
2232,2019-07-12,3.7
2233,2019-07-13,3.7
2234,2019-07-14,3.7
2235,2019-07-15,3.7
2236,2019-07-16,3.7
2237,2019-07-17,3.7
2238,2019-07-18,3.7
2239,2019-07-19,3.7
2240,2019-07-20,3.7
2241,2019-07-21,3.7
2242,2019-07-22,3.7
2243,2019-07-23,3.7
2244,2019-07-24,3.7
2245,2019-07-25,3.7
2246,2019-07-26,3.7
2247,2019-07-27,3.7
2248,2019-07-28,3.7
2249,2019-07-29,3.7
2250,2019-07-30,3.7
2251,2019-07-31,3.7
2252,2019-08-01,3.7
2253,2019-08-02,3.7
2254,2019-08-03,3.7
2255,2019-08-04,3.7
2256,2019-08-05,3.7
2257,2019-08-06,3.7
2258,2019-08-07,3.7
2259,2019-08-08,3.7
2260,2019-08-09,3.7
2261,2019-08-10,3.7
2262,2019-08-11,3.7
2263,2019-08-12,3.7
2264,2019-08-13,3.7
2265,2019-08-14,3.7
2266,2019-08-15,3.7
2267,2019-08-16,3.7
2268,2019-08-17,3.7
2269,2019-08-18,3.7
2270,2019-08-19,3.7
2271,2019-08-20,3.7
2272,2019-08-21,3.7
2273,2019-08-22,3.7
2274,2019-08-23,3.7
2275,2019-08-24,3.7
2276,2019-08-25,3.7
2277,2019-08-26,3.7
2278,2019-08-27,3.7
2279,2019-08-28,3.7
2280,2019-08-29,3.7
2281,2019-08-30,3.7
2282,2019-08-31,3.7
2283,2019-09-01,3.5
2284,2019-09-02,3.5
2285,2019-09-03,3.5
2286,2019-09-04,3.5
2287,2019-09-05,3.5
2288,2019-09-06,3.5
2289,2019-09-07,3.5
2290,2019-09-08,3.5
2291,2019-09-09,3.5
2292,2019-09-10,3.5
2293,2019-09-11,3.5
2294,2019-09-12,3.5
2295,2019-09-13,3.5
2296,2019-09-14,3.5
2297,2019-09-15,3.5
2298,2019-09-16,3.5
2299,2019-09-17,3.5
2300,2019-09-18,3.5
2301,2019-09-19,3.5
2302,2019-09-20,3.5
2303,2019-09-21,3.5
2304,2019-09-22,3.5
2305,2019-09-23,3.5
2306,2019-09-24,3.5
2307,2019-09-25,3.5
2308,2019-09-26,3.5
2309,2019-09-27,3.5
2310,2019-09-28,3.5
2311,2019-09-29,3.5
2312,2019-09-30,3.5
2313,2019-10-01,3.6
2314,2019-10-02,3.6
2315,2019-10-03,3.6
2316,2019-10-04,3.6
2317,2019-10-05,3.6
2318,2019-10-06,3.6
2319,2019-10-07,3.6
2320,2019-10-08,3.6
2321,2019-10-09,3.6
2322,2019-10-10,3.6
2323,2019-10-11,3.6
2324,2019-10-12,3.6
2325,2019-10-13,3.6
2326,2019-10-14,3.6
2327,2019-10-15,3.6
2328,2019-10-16,3.6
2329,2019-10-17,3.6
2330,2019-10-18,3.6
2331,2019-10-19,3.6
2332,2019-10-20,3.6
2333,2019-10-21,3.6
2334,2019-10-22,3.6
2335,2019-10-23,3.6
2336,2019-10-24,3.6
2337,2019-10-25,3.6
2338,2019-10-26,3.6
2339,2019-10-27,3.6
2340,2019-10-28,3.6
2341,2019-10-29,3.6
2342,2019-10-30,3.6
2343,2019-10-31,3.6
2344,2019-11-01,3.6
2345,2019-11-02,3.6
2346,2019-11-03,3.6
2347,2019-11-04,3.6
2348,2019-11-05,3.6
2349,2019-11-06,3.6
2350,2019-11-07,3.6
2351,2019-11-08,3.6
2352,2019-11-09,3.6
2353,2019-11-10,3.6
2354,2019-11-11,3.6
2355,2019-11-12,3.6
2356,2019-11-13,3.6
2357,2019-11-14,3.6
2358,2019-11-15,3.6
2359,2019-11-16,3.6
2360,2019-11-17,3.6
2361,2019-11-18,3.6
2362,2019-11-19,3.6
2363,2019-11-20,3.6
2364,2019-11-21,3.6
2365,2019-11-22,3.6
2366,2019-11-23,3.6
2367,2019-11-24,3.6
2368,2019-11-25,3.6
2369,2019-11-26,3.6
2370,2019-11-27,3.6
2371,2019-11-28,3.6
2372,2019-11-29,3.6
2373,2019-11-30,3.6
2374,2019-12-01,3.6
2375,2019-12-02,3.6
2376,2019-12-03,3.6
2377,2019-12-04,3.6
2378,2019-12-05,3.6
2379,2019-12-06,3.6
2380,2019-12-07,3.6
2381,2019-12-08,3.6
2382,2019-12-09,3.6
2383,2019-12-10,3.6
2384,2019-12-11,3.6
2385,2019-12-12,3.6
2386,2019-12-13,3.6
2387,2019-12-14,3.6
2388,2019-12-15,3.6
2389,2019-12-16,3.6
2390,2019-12-17,3.6
2391,2019-12-18,3.6
2392,2019-12-19,3.6
2393,2019-12-20,3.6
2394,2019-12-21,3.6
2395,2019-12-22,3.6
2396,2019-12-23,3.6
2397,2019-12-24,3.6
2398,2019-12-25,3.6
2399,2019-12-26,3.6
2400,2019-12-27,3.6
2401,2019-12-28,3.6
2402,2019-12-29,3.6
2403,2019-12-30,3.6
2404,2019-12-31,3.6
2405,2020-01-01,3.5
2406,2020-01-02,3.5
2407,2020-01-03,3.5
2408,2020-01-04,3.5
2409,2020-01-05,3.5
2410,2020-01-06,3.5
2411,2020-01-07,3.5
2412,2020-01-08,3.5
2413,2020-01-09,3.5
2414,2020-01-10,3.5
2415,2020-01-11,3.5
2416,2020-01-12,3.5
2417,2020-01-13,3.5
2418,2020-01-14,3.5
2419,2020-01-15,3.5
2420,2020-01-16,3.5
2421,2020-01-17,3.5
2422,2020-01-18,3.5
2423,2020-01-19,3.5
2424,2020-01-20,3.5
2425,2020-01-21,3.5
2426,2020-01-22,3.5
2427,2020-01-23,3.5
2428,2020-01-24,3.5
2429,2020-01-25,3.5
2430,2020-01-26,3.5
2431,2020-01-27,3.5
2432,2020-01-28,3.5
2433,2020-01-29,3.5
2434,2020-01-30,3.5
2435,2020-01-31,3.5
2436,2020-02-01,3.5
2437,2020-02-02,3.5
2438,2020-02-03,3.5
2439,2020-02-04,3.5
2440,2020-02-05,3.5
2441,2020-02-06,3.5
2442,2020-02-07,3.5
2443,2020-02-08,3.5
2444,2020-02-09,3.5
2445,2020-02-10,3.5
2446,2020-02-11,3.5
2447,2020-02-12,3.5
2448,2020-02-13,3.5
2449,2020-02-14,3.5
2450,2020-02-15,3.5
2451,2020-02-16,3.5
2452,2020-02-17,3.5
2453,2020-02-18,3.5
2454,2020-02-19,3.5
2455,2020-02-20,3.5
2456,2020-02-21,3.5
2457,2020-02-22,3.5
2458,2020-02-23,3.5
2459,2020-02-24,3.5
2460,2020-02-25,3.5
2461,2020-02-26,3.5
2462,2020-02-27,3.5
2463,2020-02-28,3.5
2464,2020-02-29,3.5
2465,2020-03-01,4.4
2466,2020-03-02,4.4
2467,2020-03-03,4.4
2468,2020-03-04,4.4
2469,2020-03-05,4.4
2470,2020-03-06,4.4
2471,2020-03-07,4.4
2472,2020-03-08,4.4
2473,2020-03-09,4.4
2474,2020-03-10,4.4
2475,2020-03-11,4.4
2476,2020-03-12,4.4
2477,2020-03-13,4.4
2478,2020-03-14,4.4
2479,2020-03-15,4.4
2480,2020-03-16,4.4
2481,2020-03-17,4.4
2482,2020-03-18,4.4
2483,2020-03-19,4.4
2484,2020-03-20,4.4
2485,2020-03-21,4.4
2486,2020-03-22,4.4
2487,2020-03-23,4.4
2488,2020-03-24,4.4
2489,2020-03-25,4.4
2490,2020-03-26,4.4
2491,2020-03-27,4.4
2492,2020-03-28,4.4
2493,2020-03-29,4.4
2494,2020-03-30,4.4
2495,2020-03-31,4.4
2496,2020-04-01,14.7
2497,2020-04-02,14.7
2498,2020-04-03,14.7
2499,2020-04-04,14.7
2500,2020-04-05,14.7
2501,2020-04-06,14.7
2502,2020-04-07,14.7
2503,2020-04-08,14.7
2504,2020-04-09,14.7
2505,2020-04-10,14.7
2506,2020-04-11,14.7
2507,2020-04-12,14.7
2508,2020-04-13,14.7
2509,2020-04-14,14.7
2510,2020-04-15,14.7
2511,2020-04-16,14.7
2512,2020-04-17,14.7
2513,2020-04-18,14.7
2514,2020-04-19,14.7
2515,2020-04-20,14.7
2516,2020-04-21,14.7
2517,2020-04-22,14.7
2518,2020-04-23,14.7
2519,2020-04-24,14.7
2520,2020-04-25,14.7
2521,2020-04-26,14.7
2522,2020-04-27,14.7
2523,2020-04-28,14.7
2524,2020-04-29,14.7
2525,2020-04-30,14.7
2526,2020-05-01,13.2
2527,2020-05-02,13.2
2528,2020-05-03,13.2
2529,2020-05-04,13.2
2530,2020-05-05,13.2
2531,2020-05-06,13.2
2532,2020-05-07,13.2
2533,2020-05-08,13.2
2534,2020-05-09,13.2
2535,2020-05-10,13.2
2536,2020-05-11,13.2
2537,2020-05-12,13.2
2538,2020-05-13,13.2
2539,2020-05-14,13.2
2540,2020-05-15,13.2
2541,2020-05-16,13.2
2542,2020-05-17,13.2
2543,2020-05-18,13.2
2544,2020-05-19,13.2
2545,2020-05-20,13.2
2546,2020-05-21,13.2
2547,2020-05-22,13.2
2548,2020-05-23,13.2
2549,2020-05-24,13.2
2550,2020-05-25,13.2
2551,2020-05-26,13.2
2552,2020-05-27,13.2
2553,2020-05-28,13.2
2554,2020-05-29,13.2
2555,2020-05-30,13.2
2556,2020-05-31,13.2
2557,2020-06-01,11.0
2558,2020-06-02,11.0
2559,2020-06-03,11.0
2560,2020-06-04,11.0
2561,2020-06-05,11.0
2562,2020-06-06,11.0
2563,2020-06-07,11.0
2564,2020-06-08,11.0
2565,2020-06-09,11.0
2566,2020-06-10,11.0
2567,2020-06-11,11.0
2568,2020-06-12,11.0
2569,2020-06-13,11.0
2570,2020-06-14,11.0
2571,2020-06-15,11.0
2572,2020-06-16,11.0
2573,2020-06-17,11.0
2574,2020-06-18,11.0
2575,2020-06-19,11.0
2576,2020-06-20,11.0
2577,2020-06-21,11.0
2578,2020-06-22,11.0
2579,2020-06-23,11.0
2580,2020-06-24,11.0
2581,2020-06-25,11.0
2582,2020-06-26,11.0
2583,2020-06-27,11.0
2584,2020-06-28,11.0
2585,2020-06-29,11.0
2586,2020-06-30,11.0
2587,2020-07-01,10.2
2588,2020-07-02,10.2
2589,2020-07-03,10.2
2590,2020-07-04,10.2
2591,2020-07-05,10.2
2592,2020-07-06,10.2
2593,2020-07-07,10.2
2594,2020-07-08,10.2
2595,2020-07-09,10.2
2596,2020-07-10,10.2
2597,2020-07-11,10.2
2598,2020-07-12,10.2
2599,2020-07-13,10.2
2600,2020-07-14,10.2
2601,2020-07-15,10.2
2602,2020-07-16,10.2
2603,2020-07-17,10.2
2604,2020-07-18,10.2
2605,2020-07-19,10.2
2606,2020-07-20,10.2
2607,2020-07-21,10.2
2608,2020-07-22,10.2
2609,2020-07-23,10.2
2610,2020-07-24,10.2
2611,2020-07-25,10.2
2612,2020-07-26,10.2
2613,2020-07-27,10.2
2614,2020-07-28,10.2
2615,2020-07-29,10.2
2616,2020-07-30,10.2
2617,2020-07-31,10.2
2618,2020-08-01,8.4
2619,2020-08-02,8.4
2620,2020-08-03,8.4
2621,2020-08-04,8.4
2622,2020-08-05,8.4
2623,2020-08-06,8.4
2624,2020-08-07,8.4
2625,2020-08-08,8.4
2626,2020-08-09,8.4
2627,2020-08-10,8.4
2628,2020-08-11,8.4
2629,2020-08-12,8.4
2630,2020-08-13,8.4
2631,2020-08-14,8.4
2632,2020-08-15,8.4
2633,2020-08-16,8.4
2634,2020-08-17,8.4
2635,2020-08-18,8.4
2636,2020-08-19,8.4
2637,2020-08-20,8.4
2638,2020-08-21,8.4
2639,2020-08-22,8.4
2640,2020-08-23,8.4
2641,2020-08-24,8.4
2642,2020-08-25,8.4
2643,2020-08-26,8.4
2644,2020-08-27,8.4
2645,2020-08-28,8.4
2646,2020-08-29,8.4
2647,2020-08-30,8.4
2648,2020-08-31,8.4
2649,2020-09-01,7.9
2650,2020-09-02,7.9
2651,2020-09-03,7.9
2652,2020-09-04,7.9
2653,2020-09-05,7.9
2654,2020-09-06,7.9
2655,2020-09-07,7.9
2656,2020-09-08,7.9
2657,2020-09-09,7.9
2658,2020-09-10,7.9
2659,2020-09-11,7.9
2660,2020-09-12,7.9
2661,2020-09-13,7.9
2662,2020-09-14,7.9
2663,2020-09-15,7.9
2664,2020-09-16,7.9
2665,2020-09-17,7.9
2666,2020-09-18,7.9
2667,2020-09-19,7.9
2668,2020-09-20,7.9
2669,2020-09-21,7.9
2670,2020-09-22,7.9
2671,2020-09-23,7.9
2672,2020-09-24,7.9
2673,2020-09-25,7.9
2674,2020-09-26,7.9
2675,2020-09-27,7.9
2676,2020-09-28,7.9
2677,2020-09-29,7.9
2678,2020-09-30,7.9
2679,2020-10-01,6.9
2680,2020-10-02,6.9
2681,2020-10-03,6.9
2682,2020-10-04,6.9
2683,2020-10-05,6.9
2684,2020-10-06,6.9
2685,2020-10-07,6.9
2686,2020-10-08,6.9
2687,2020-10-09,6.9
2688,2020-10-10,6.9
2689,2020-10-11,6.9
2690,2020-10-12,6.9
2691,2020-10-13,6.9
2692,2020-10-14,6.9
2693,2020-10-15,6.9
2694,2020-10-16,6.9
2695,2020-10-17,6.9
2696,2020-10-18,6.9
2697,2020-10-19,6.9
2698,2020-10-20,6.9
2699,2020-10-21,6.9
2700,2020-10-22,6.9
2701,2020-10-23,6.9
2702,2020-10-24,6.9
2703,2020-10-25,6.9
2704,2020-10-26,6.9
2705,2020-10-27,6.9
2706,2020-10-28,6.9
2707,2020-10-29,6.9
2708,2020-10-30,6.9
2709,2020-10-31,6.9
2710,2020-11-01,6.7
2711,2020-11-02,6.7
2712,2020-11-03,6.7
2713,2020-11-04,6.7
2714,2020-11-05,6.7
2715,2020-11-06,6.7
2716,2020-11-07,6.7
2717,2020-11-08,6.7
2718,2020-11-09,6.7
2719,2020-11-10,6.7
2720,2020-11-11,6.7
2721,2020-11-12,6.7
2722,2020-11-13,6.7
2723,2020-11-14,6.7
2724,2020-11-15,6.7
2725,2020-11-16,6.7
2726,2020-11-17,6.7
2727,2020-11-18,6.7
2728,2020-11-19,6.7
2729,2020-11-20,6.7
2730,2020-11-21,6.7
2731,2020-11-22,6.7
2732,2020-11-23,6.7
2733,2020-11-24,6.7
2734,2020-11-25,6.7
2735,2020-11-26,6.7
2736,2020-11-27,6.7
2737,2020-11-28,6.7
2738,2020-11-29,6.7
2739,2020-11-30,6.7
2740,2020-12-01,6.7
2741,2020-12-02,6.7
2742,2020-12-03,6.7
2743,2020-12-04,6.7
2744,2020-12-05,6.7
2745,2020-12-06,6.7
2746,2020-12-07,6.7
2747,2020-12-08,6.7
2748,2020-12-09,6.7
2749,2020-12-10,6.7
2750,2020-12-11,6.7
2751,2020-12-12,6.7
2752,2020-12-13,6.7
2753,2020-12-14,6.7
2754,2020-12-15,6.7
2755,2020-12-16,6.7
2756,2020-12-17,6.7
2757,2020-12-18,6.7
2758,2020-12-19,6.7
2759,2020-12-20,6.7
2760,2020-12-21,6.7
2761,2020-12-22,6.7
2762,2020-12-23,6.7
2763,2020-12-24,6.7
2764,2020-12-25,6.7
2765,2020-12-26,6.7
2766,2020-12-27,6.7
2767,2020-12-28,6.7
2768,2020-12-29,6.7
2769,2020-12-30,6.7
2770,2020-12-31,6.7
2771,2021-01-01,6.3
2772,2021-01-02,6.3
2773,2021-01-03,6.3
2774,2021-01-04,6.3
2775,2021-01-05,6.3
2776,2021-01-06,6.3
2777,2021-01-07,6.3
2778,2021-01-08,6.3
2779,2021-01-09,6.3
2780,2021-01-10,6.3
2781,2021-01-11,6.3
2782,2021-01-12,6.3
2783,2021-01-13,6.3
2784,2021-01-14,6.3
2785,2021-01-15,6.3
2786,2021-01-16,6.3
2787,2021-01-17,6.3
2788,2021-01-18,6.3
2789,2021-01-19,6.3
2790,2021-01-20,6.3
2791,2021-01-21,6.3
2792,2021-01-22,6.3
2793,2021-01-23,6.3
2794,2021-01-24,6.3
2795,2021-01-25,6.3
2796,2021-01-26,6.3
2797,2021-01-27,6.3
2798,2021-01-28,6.3
2799,2021-01-29,6.3
2800,2021-01-30,6.3
2801,2021-01-31,6.3
2802,2021-02-01,6.2
2803,2021-02-02,6.2
2804,2021-02-03,6.2
2805,2021-02-04,6.2
2806,2021-02-05,6.2
2807,2021-02-06,6.2
2808,2021-02-07,6.2
2809,2021-02-08,6.2
2810,2021-02-09,6.2
2811,2021-02-10,6.2
2812,2021-02-11,6.2
2813,2021-02-12,6.2
2814,2021-02-13,6.2
2815,2021-02-14,6.2
2816,2021-02-15,6.2
2817,2021-02-16,6.2
2818,2021-02-17,6.2
2819,2021-02-18,6.2
2820,2021-02-19,6.2
2821,2021-02-20,6.2
2822,2021-02-21,6.2
2823,2021-02-22,6.2
2824,2021-02-23,6.2
2825,2021-02-24,6.2
2826,2021-02-25,6.2
2827,2021-02-26,6.2
2828,2021-02-27,6.2
2829,2021-02-28,6.2
2830,2021-03-01,6.1
2831,2021-03-02,6.1
2832,2021-03-03,6.1
2833,2021-03-04,6.1
2834,2021-03-05,6.1
2835,2021-03-06,6.1
2836,2021-03-07,6.1
2837,2021-03-08,6.1
2838,2021-03-09,6.1
2839,2021-03-10,6.1
2840,2021-03-11,6.1
2841,2021-03-12,6.1
2842,2021-03-13,6.1
2843,2021-03-14,6.1
2844,2021-03-15,6.1
2845,2021-03-16,6.1
2846,2021-03-17,6.1
2847,2021-03-18,6.1
2848,2021-03-19,6.1
2849,2021-03-20,6.1
2850,2021-03-21,6.1
2851,2021-03-22,6.1
2852,2021-03-23,6.1
2853,2021-03-24,6.1
2854,2021-03-25,6.1
2855,2021-03-26,6.1
2856,2021-03-27,6.1
2857,2021-03-28,6.1
2858,2021-03-29,6.1
2859,2021-03-30,6.1
2860,2021-03-31,6.1
2861,2021-04-01,6.1
2862,2021-04-02,6.1
2863,2021-04-03,6.1
2864,2021-04-04,6.1
2865,2021-04-05,6.1
2866,2021-04-06,6.1
2867,2021-04-07,6.1
2868,2021-04-08,6.1
2869,2021-04-09,6.1
2870,2021-04-10,6.1
2871,2021-04-11,6.1
2872,2021-04-12,6.1
2873,2021-04-13,6.1
2874,2021-04-14,6.1
2875,2021-04-15,6.1
2876,2021-04-16,6.1
2877,2021-04-17,6.1
2878,2021-04-18,6.1
2879,2021-04-19,6.1
2880,2021-04-20,6.1
2881,2021-04-21,6.1
2882,2021-04-22,6.1
2883,2021-04-23,6.1
2884,2021-04-24,6.1
2885,2021-04-25,6.1
2886,2021-04-26,6.1
2887,2021-04-27,6.1
2888,2021-04-28,6.1
2889,2021-04-29,6.1
2890,2021-04-30,6.1
2891,2021-05-01,5.8
2892,2021-05-02,5.8
2893,2021-05-03,5.8
2894,2021-05-04,5.8
2895,2021-05-05,5.8
2896,2021-05-06,5.8
2897,2021-05-07,5.8
2898,2021-05-08,5.8
2899,2021-05-09,5.8
2900,2021-05-10,5.8
2901,2021-05-11,5.8
2902,2021-05-12,5.8
2903,2021-05-13,5.8
2904,2021-05-14,5.8
2905,2021-05-15,5.8
2906,2021-05-16,5.8
2907,2021-05-17,5.8
2908,2021-05-18,5.8
2909,2021-05-19,5.8
2910,2021-05-20,5.8
2911,2021-05-21,5.8
2912,2021-05-22,5.8
2913,2021-05-23,5.8
2914,2021-05-24,5.8
2915,2021-05-25,5.8
2916,2021-05-26,5.8
2917,2021-05-27,5.8
2918,2021-05-28,5.8
2919,2021-05-29,5.8
2920,2021-05-30,5.8
2921,2021-05-31,5.8
2922,2021-06-01,5.9
2923,2021-06-02,5.9
2924,2021-06-03,5.9
2925,2021-06-04,5.9
2926,2021-06-05,5.9
2927,2021-06-06,5.9
2928,2021-06-07,5.9
2929,2021-06-08,5.9
2930,2021-06-09,5.9
2931,2021-06-10,5.9
2932,2021-06-11,5.9
2933,2021-06-12,5.9
2934,2021-06-13,5.9
2935,2021-06-14,5.9
2936,2021-06-15,5.9
2937,2021-06-16,5.9
2938,2021-06-17,5.9
2939,2021-06-18,5.9
2940,2021-06-19,5.9
2941,2021-06-20,5.9
2942,2021-06-21,5.9
2943,2021-06-22,5.9
2944,2021-06-23,5.9
2945,2021-06-24,5.9
2946,2021-06-25,5.9
2947,2021-06-26,5.9
2948,2021-06-27,5.9
2949,2021-06-28,5.9
2950,2021-06-29,5.9
2951,2021-06-30,5.9
2952,2021-07-01,5.4
2953,2021-07-02,5.4
2954,2021-07-03,5.4
2955,2021-07-04,5.4
2956,2021-07-05,5.4
2957,2021-07-06,5.4
2958,2021-07-07,5.4
2959,2021-07-08,5.4
2960,2021-07-09,5.4
2961,2021-07-10,5.4
2962,2021-07-11,5.4
2963,2021-07-12,5.4
2964,2021-07-13,5.4
2965,2021-07-14,5.4
2966,2021-07-15,5.4
2967,2021-07-16,5.4
2968,2021-07-17,5.4
2969,2021-07-18,5.4
2970,2021-07-19,5.4
2971,2021-07-20,5.4
2972,2021-07-21,5.4
2973,2021-07-22,5.4
2974,2021-07-23,5.4
2975,2021-07-24,5.4
2976,2021-07-25,5.4
2977,2021-07-26,5.4
2978,2021-07-27,5.4
2979,2021-07-28,5.4
2980,2021-07-29,5.4
2981,2021-07-30,5.4
2982,2021-07-31,5.4
2983,2021-08-01,5.2
2984,2021-08-02,5.2
2985,2021-08-03,5.2
2986,2021-08-04,5.2
2987,2021-08-05,5.2
2988,2021-08-06,5.2
2989,2021-08-07,5.2
2990,2021-08-08,5.2
2991,2021-08-09,5.2
2992,2021-08-10,5.2
2993,2021-08-11,5.2
2994,2021-08-12,5.2
2995,2021-08-13,5.2
2996,2021-08-14,5.2
2997,2021-08-15,5.2
2998,2021-08-16,5.2
2999,2021-08-17,5.2
3000,2021-08-18,5.2
3001,2021-08-19,5.2
3002,2021-08-20,5.2
3003,2021-08-21,5.2
3004,2021-08-22,5.2
3005,2021-08-23,5.2
3006,2021-08-24,5.2
3007,2021-08-25,5.2
3008,2021-08-26,5.2
3009,2021-08-27,5.2
3010,2021-08-28,5.2
3011,2021-08-29,5.2
3012,2021-08-30,5.2
3013,2021-08-31,5.2
3014,2021-09-01,4.8
3015,2021-09-02,4.8
3016,2021-09-03,4.8
3017,2021-09-04,4.8
3018,2021-09-05,4.8
3019,2021-09-06,4.8
3020,2021-09-07,4.8
3021,2021-09-08,4.8
3022,2021-09-09,4.8
3023,2021-09-10,4.8
3024,2021-09-11,4.8
3025,2021-09-12,4.8
3026,2021-09-13,4.8
3027,2021-09-14,4.8
3028,2021-09-15,4.8
3029,2021-09-16,4.8
3030,2021-09-17,4.8
3031,2021-09-18,4.8
3032,2021-09-19,4.8
3033,2021-09-20,4.8
3034,2021-09-21,4.8
3035,2021-09-22,4.8
3036,2021-09-23,4.8
3037,2021-09-24,4.8
3038,2021-09-25,4.8
3039,2021-09-26,4.8
3040,2021-09-27,4.8
3041,2021-09-28,4.8
3042,2021-09-29,4.8
3043,2021-09-30,4.8
3044,2021-10-01,4.5
3045,2021-10-02,4.5
3046,2021-10-03,4.5
3047,2021-10-04,4.5
3048,2021-10-05,4.5
3049,2021-10-06,4.5
3050,2021-10-07,4.5
3051,2021-10-08,4.5
3052,2021-10-09,4.5
3053,2021-10-10,4.5
3054,2021-10-11,4.5
3055,2021-10-12,4.5
3056,2021-10-13,4.5
3057,2021-10-14,4.5
3058,2021-10-15,4.5
3059,2021-10-16,4.5
3060,2021-10-17,4.5
3061,2021-10-18,4.5
3062,2021-10-19,4.5
3063,2021-10-20,4.5
3064,2021-10-21,4.5
3065,2021-10-22,4.5
3066,2021-10-23,4.5
3067,2021-10-24,4.5
3068,2021-10-25,4.5
3069,2021-10-26,4.5
3070,2021-10-27,4.5
3071,2021-10-28,4.5
3072,2021-10-29,4.5
3073,2021-10-30,4.5
3074,2021-10-31,4.5
3075,2021-11-01,4.2
3076,2021-11-02,4.2
3077,2021-11-03,4.2
3078,2021-11-04,4.2
3079,2021-11-05,4.2
3080,2021-11-06,4.2
3081,2021-11-07,4.2
3082,2021-11-08,4.2
3083,2021-11-09,4.2
3084,2021-11-10,4.2
3085,2021-11-11,4.2
3086,2021-11-12,4.2
3087,2021-11-13,4.2
3088,2021-11-14,4.2
3089,2021-11-15,4.2
3090,2021-11-16,4.2
3091,2021-11-17,4.2
3092,2021-11-18,4.2
3093,2021-11-19,4.2
3094,2021-11-20,4.2
3095,2021-11-21,4.2
3096,2021-11-22,4.2
3097,2021-11-23,4.2
3098,2021-11-24,4.2
3099,2021-11-25,4.2
3100,2021-11-26,4.2
3101,2021-11-27,4.2
3102,2021-11-28,4.2
3103,2021-11-29,4.2
3104,2021-11-30,4.2
3105,2021-12-01,3.9
3106,2021-12-02,3.9
3107,2021-12-03,3.9
3108,2021-12-04,3.9
3109,2021-12-05,3.9
3110,2021-12-06,3.9
3111,2021-12-07,3.9
3112,2021-12-08,3.9
3113,2021-12-09,3.9
3114,2021-12-10,3.9
3115,2021-12-11,3.9
3116,2021-12-12,3.9
3117,2021-12-13,3.9
3118,2021-12-14,3.9
3119,2021-12-15,3.9
3120,2021-12-16,3.9
3121,2021-12-17,3.9
3122,2021-12-18,3.9
3123,2021-12-19,3.9
3124,2021-12-20,3.9
3125,2021-12-21,3.9
3126,2021-12-22,3.9
3127,2021-12-23,3.9
3128,2021-12-24,3.9
3129,2021-12-25,3.9
3130,2021-12-26,3.9
3131,2021-12-27,3.9
3132,2021-12-28,3.9
3133,2021-12-29,3.9
3134,2021-12-30,3.9
3135,2021-12-31,3.9
3136,2022-01-01,4.0
3137,2022-01-02,4.0
3138,2022-01-03,4.0
3139,2022-01-04,4.0
3140,2022-01-05,4.0
3141,2022-01-06,4.0
3142,2022-01-07,4.0
3143,2022-01-08,4.0
3144,2022-01-09,4.0
3145,2022-01-10,4.0
3146,2022-01-11,4.0
3147,2022-01-12,4.0
3148,2022-01-13,4.0
3149,2022-01-14,4.0
3150,2022-01-15,4.0
3151,2022-01-16,4.0
3152,2022-01-17,4.0
3153,2022-01-18,4.0
3154,2022-01-19,4.0
3155,2022-01-20,4.0
3156,2022-01-21,4.0
3157,2022-01-22,4.0
3158,2022-01-23,4.0
3159,2022-01-24,4.0
3160,2022-01-25,4.0
3161,2022-01-26,4.0
3162,2022-01-27,4.0
3163,2022-01-28,4.0
3164,2022-01-29,4.0
3165,2022-01-30,4.0
3166,2022-01-31,4.0
3167,2022-02-01,3.8
3168,2022-02-02,3.8
3169,2022-02-03,3.8
3170,2022-02-04,3.8
3171,2022-02-05,3.8
3172,2022-02-06,3.8
3173,2022-02-07,3.8
3174,2022-02-08,3.8
3175,2022-02-09,3.8
3176,2022-02-10,3.8
3177,2022-02-11,3.8
3178,2022-02-12,3.8
3179,2022-02-13,3.8
3180,2022-02-14,3.8
3181,2022-02-15,3.8
3182,2022-02-16,3.8
3183,2022-02-17,3.8
3184,2022-02-18,3.8
3185,2022-02-19,3.8
3186,2022-02-20,3.8
3187,2022-02-21,3.8
3188,2022-02-22,3.8
3189,2022-02-23,3.8
3190,2022-02-24,3.8
3191,2022-02-25,3.8
3192,2022-02-26,3.8
3193,2022-02-27,3.8
3194,2022-02-28,3.8
3195,2022-03-01,3.6
3196,2022-03-02,3.6
3197,2022-03-03,3.6
3198,2022-03-04,3.6
3199,2022-03-05,3.6
3200,2022-03-06,3.6
3201,2022-03-07,3.6
3202,2022-03-08,3.6
3203,2022-03-09,3.6
3204,2022-03-10,3.6
3205,2022-03-11,3.6
3206,2022-03-12,3.6
3207,2022-03-13,3.6
3208,2022-03-14,3.6
3209,2022-03-15,3.6
3210,2022-03-16,3.6
3211,2022-03-17,3.6
3212,2022-03-18,3.6
3213,2022-03-19,3.6
3214,2022-03-20,3.6
3215,2022-03-21,3.6
3216,2022-03-22,3.6
3217,2022-03-23,3.6
3218,2022-03-24,3.6
3219,2022-03-25,3.6
3220,2022-03-26,3.6
3221,2022-03-27,3.6
3222,2022-03-28,3.6
3223,2022-03-29,3.6
3224,2022-03-30,3.6
3225,2022-03-31,3.6
3226,2022-04-01,3.6
3227,2022-04-02,3.6
3228,2022-04-03,3.6
3229,2022-04-04,3.6
3230,2022-04-05,3.6
3231,2022-04-06,3.6
3232,2022-04-07,3.6
3233,2022-04-08,3.6
3234,2022-04-09,3.6
3235,2022-04-10,3.6
3236,2022-04-11,3.6
3237,2022-04-12,3.6
3238,2022-04-13,3.6
3239,2022-04-14,3.6
3240,2022-04-15,3.6
3241,2022-04-16,3.6
3242,2022-04-17,3.6
3243,2022-04-18,3.6
3244,2022-04-19,3.6
3245,2022-04-20,3.6
3246,2022-04-21,3.6
3247,2022-04-22,3.6
3248,2022-04-23,3.6
3249,2022-04-24,3.6
3250,2022-04-25,3.6
3251,2022-04-26,3.6
3252,2022-04-27,3.6
3253,2022-04-28,3.6
3254,2022-04-29,3.6
3255,2022-04-30,3.6
3256,2022-05-01,3.6
3257,2022-05-02,3.6
3258,2022-05-03,3.6
3259,2022-05-04,3.6
3260,2022-05-05,3.6
3261,2022-05-06,3.6
3262,2022-05-07,3.6
3263,2022-05-08,3.6
3264,2022-05-09,3.6
3265,2022-05-10,3.6
3266,2022-05-11,3.6
3267,2022-05-12,3.6
3268,2022-05-13,3.6
3269,2022-05-14,3.6
3270,2022-05-15,3.6
3271,2022-05-16,3.6
3272,2022-05-17,3.6
3273,2022-05-18,3.6
3274,2022-05-19,3.6
3275,2022-05-20,3.6
3276,2022-05-21,3.6
3277,2022-05-22,3.6
3278,2022-05-23,3.6
3279,2022-05-24,3.6
3280,2022-05-25,3.6
3281,2022-05-26,3.6
3282,2022-05-27,3.6
3283,2022-05-28,3.6
3284,2022-05-29,3.6
3285,2022-05-30,3.6
3286,2022-05-31,3.6
3287,2022-06-01,3.6
3288,2022-06-02,3.6
3289,2022-06-03,3.6
3290,2022-06-04,3.6
3291,2022-06-05,3.6
3292,2022-06-06,3.6
3293,2022-06-07,3.6
3294,2022-06-08,3.6
3295,2022-06-09,3.6
3296,2022-06-10,3.6
3297,2022-06-11,3.6
3298,2022-06-12,3.6
3299,2022-06-13,3.6
3300,2022-06-14,3.6
3301,2022-06-15,3.6
3302,2022-06-16,3.6
3303,2022-06-17,3.6
3304,2022-06-18,3.6
3305,2022-06-19,3.6
3306,2022-06-20,3.6
3307,2022-06-21,3.6
3308,2022-06-22,3.6
3309,2022-06-23,3.6
3310,2022-06-24,3.6
3311,2022-06-25,3.6
3312,2022-06-26,3.6
3313,2022-06-27,3.6
3314,2022-06-28,3.6
3315,2022-06-29,3.6
3316,2022-06-30,3.6
3317,2022-07-01,3.5
3318,2022-07-02,3.5
3319,2022-07-03,3.5
3320,2022-07-04,3.5
3321,2022-07-05,3.5
3322,2022-07-06,3.5
3323,2022-07-07,3.5
3324,2022-07-08,3.5
3325,2022-07-09,3.5
3326,2022-07-10,3.5
3327,2022-07-11,3.5
3328,2022-07-12,3.5
3329,2022-07-13,3.5
3330,2022-07-14,3.5
3331,2022-07-15,3.5
3332,2022-07-16,3.5
3333,2022-07-17,3.5
3334,2022-07-18,3.5
3335,2022-07-19,3.5
3336,2022-07-20,3.5
3337,2022-07-21,3.5
3338,2022-07-22,3.5
3339,2022-07-23,3.5
3340,2022-07-24,3.5
3341,2022-07-25,3.5
3342,2022-07-26,3.5
3343,2022-07-27,3.5
3344,2022-07-28,3.5
3345,2022-07-29,3.5
3346,2022-07-30,3.5
3347,2022-07-31,3.5
3348,2022-08-01,3.7
3349,2022-08-02,3.7
3350,2022-08-03,3.7
3351,2022-08-04,3.7
3352,2022-08-05,3.7
3353,2022-08-06,3.7
3354,2022-08-07,3.7
3355,2022-08-08,3.7
3356,2022-08-09,3.7
3357,2022-08-10,3.7
3358,2022-08-11,3.7
3359,2022-08-12,3.7
3360,2022-08-13,3.7
3361,2022-08-14,3.7
3362,2022-08-15,3.7
3363,2022-08-16,3.7
3364,2022-08-17,3.7
3365,2022-08-18,3.7
3366,2022-08-19,3.7
3367,2022-08-20,3.7
3368,2022-08-21,3.7
3369,2022-08-22,3.7
3370,2022-08-23,3.7
3371,2022-08-24,3.7
3372,2022-08-25,3.7
3373,2022-08-26,3.7
3374,2022-08-27,3.7
3375,2022-08-28,3.7
3376,2022-08-29,3.7
3377,2022-08-30,3.7
3378,2022-08-31,3.7
3379,2022-09-01,3.5
3380,2022-09-02,3.5
3381,2022-09-03,3.5
3382,2022-09-04,3.5
3383,2022-09-05,3.5
3384,2022-09-06,3.5
3385,2022-09-07,3.5
3386,2022-09-08,3.5
3387,2022-09-09,3.5
3388,2022-09-10,3.5
3389,2022-09-11,3.5
3390,2022-09-12,3.5
3391,2022-09-13,3.5
3392,2022-09-14,3.5
3393,2022-09-15,3.5
3394,2022-09-16,3.5
3395,2022-09-17,3.5
3396,2022-09-18,3.5
3397,2022-09-19,3.5
3398,2022-09-20,3.5
3399,2022-09-21,3.5
3400,2022-09-22,3.5
3401,2022-09-23,3.5
3402,2022-09-24,3.5
3403,2022-09-25,3.5
3404,2022-09-26,3.5
3405,2022-09-27,3.5
3406,2022-09-28,3.5
3407,2022-09-29,3.5
3408,2022-09-30,3.5
3409,2022-10-01,3.7
3410,2022-10-02,3.7
3411,2022-10-03,3.7
3412,2022-10-04,3.7
3413,2022-10-05,3.7
3414,2022-10-06,3.7
3415,2022-10-07,3.7
3416,2022-10-08,3.7
3417,2022-10-09,3.7
3418,2022-10-10,3.7
3419,2022-10-11,3.7
3420,2022-10-12,3.7
3421,2022-10-13,3.7
3422,2022-10-14,3.7
3423,2022-10-15,3.7
3424,2022-10-16,3.7
3425,2022-10-17,3.7
3426,2022-10-18,3.7
3427,2022-10-19,3.7
3428,2022-10-20,3.7
3429,2022-10-21,3.7
3430,2022-10-22,3.7
3431,2022-10-23,3.7
3432,2022-10-24,3.7
3433,2022-10-25,3.7
3434,2022-10-26,3.7
3435,2022-10-27,3.7
3436,2022-10-28,3.7
3437,2022-10-29,3.7
3438,2022-10-30,3.7
3439,2022-10-31,3.7
3440,2022-11-01,3.6
3441,2022-11-02,3.6
3442,2022-11-03,3.6
3443,2022-11-04,3.6
3444,2022-11-05,3.6
3445,2022-11-06,3.6
3446,2022-11-07,3.6
3447,2022-11-08,3.6
3448,2022-11-09,3.6
3449,2022-11-10,3.6
3450,2022-11-11,3.6
3451,2022-11-12,3.6
3452,2022-11-13,3.6
3453,2022-11-14,3.6
3454,2022-11-15,3.6
3455,2022-11-16,3.6
3456,2022-11-17,3.6
3457,2022-11-18,3.6
3458,2022-11-19,3.6
3459,2022-11-20,3.6
3460,2022-11-21,3.6
3461,2022-11-22,3.6
3462,2022-11-23,3.6
3463,2022-11-24,3.6
3464,2022-11-25,3.6
3465,2022-11-26,3.6
3466,2022-11-27,3.6
3467,2022-11-28,3.6
3468,2022-11-29,3.6
3469,2022-11-30,3.6
3470,2022-12-01,3.5
3471,2022-12-02,3.5
3472,2022-12-03,3.5
3473,2022-12-04,3.5
3474,2022-12-05,3.5
3475,2022-12-06,3.5
3476,2022-12-07,3.5
3477,2022-12-08,3.5
3478,2022-12-09,3.5
3479,2022-12-10,3.5
3480,2022-12-11,3.5
3481,2022-12-12,3.5
3482,2022-12-13,3.5
3483,2022-12-14,3.5
3484,2022-12-15,3.5
3485,2022-12-16,3.5
3486,2022-12-17,3.5
3487,2022-12-18,3.5
3488,2022-12-19,3.5
3489,2022-12-20,3.5
3490,2022-12-21,3.5
3491,2022-12-22,3.5
3492,2022-12-23,3.5
3493,2022-12-24,3.5
3494,2022-12-25,3.5
3495,2022-12-26,3.5
3496,2022-12-27,3.5
3497,2022-12-28,3.5
3498,2022-12-29,3.5
3499,2022-12-30,3.5
3500,2022-12-31,3.5
3501,2023-01-01,3.4
3502,2023-01-02,3.4
3503,2023-01-03,3.4
3504,2023-01-04,3.4
3505,2023-01-05,3.4
3506,2023-01-06,3.4
3507,2023-01-07,3.4
3508,2023-01-08,3.4
3509,2023-01-09,3.4
3510,2023-01-10,3.4
3511,2023-01-11,3.4
3512,2023-01-12,3.4
3513,2023-01-13,3.4
3514,2023-01-14,3.4
3515,2023-01-15,3.4
3516,2023-01-16,3.4
3517,2023-01-17,3.4
3518,2023-01-18,3.4
3519,2023-01-19,3.4
3520,2023-01-20,3.4
3521,2023-01-21,3.4
3522,2023-01-22,3.4
3523,2023-01-23,3.4
3524,2023-01-24,3.4
3525,2023-01-25,3.4
3526,2023-01-26,3.4
3527,2023-01-27,3.4
3528,2023-01-28,3.4
3529,2023-01-29,3.4
3530,2023-01-30,3.4
3531,2023-01-31,3.4
3532,2023-02-01,3.6
3533,2023-02-02,3.6
3534,2023-02-03,3.6
3535,2023-02-04,3.6
3536,2023-02-05,3.6
3537,2023-02-06,3.6
3538,2023-02-07,3.6
3539,2023-02-08,3.6
3540,2023-02-09,3.6
3541,2023-02-10,3.6
3542,2023-02-11,3.6
3543,2023-02-12,3.6
3544,2023-02-13,3.6
3545,2023-02-14,3.6
3546,2023-02-15,3.6
3547,2023-02-16,3.6
3548,2023-02-17,3.6
3549,2023-02-18,3.6
3550,2023-02-19,3.6
3551,2023-02-20,3.6
3552,2023-02-21,3.6
3553,2023-02-22,3.6
3554,2023-02-23,3.6
3555,2023-02-24,3.6
3556,2023-02-25,3.6
3557,2023-02-26,3.6
3558,2023-02-27,3.6
3559,2023-02-28,3.6
3560,2023-03-01,3.5
3561,2023-03-02,3.5
3562,2023-03-03,3.5
3563,2023-03-04,3.5
3564,2023-03-05,3.5
3565,2023-03-06,3.5
3566,2023-03-07,3.5
3567,2023-03-08,3.5
3568,2023-03-09,3.5
3569,2023-03-10,3.5
3570,2023-03-11,3.5
3571,2023-03-12,3.5
3572,2023-03-13,3.5
3573,2023-03-14,3.5
3574,2023-03-15,3.5
3575,2023-03-16,3.5
3576,2023-03-17,3.5
3577,2023-03-18,3.5
3578,2023-03-19,3.5
3579,2023-03-20,3.5
3580,2023-03-21,3.5
3581,2023-03-22,3.5
3582,2023-03-23,3.5
3583,2023-03-24,3.5
3584,2023-03-25,3.5
3585,2023-03-26,3.5
3586,2023-03-27,3.5
3587,2023-03-28,3.5
3588,2023-03-29,3.5
3589,2023-03-30,3.5
3590,2023-03-31,3.5
3591,2023-04-01,3.4
